cnid	path	type	creator	data_len	data_ab	rsrc_len	rsrc_ab	created	modified	data_lba	data_extents	rsrc_extents
21	Clic!/autorun.inf	TEXT	LMAN	27	49625	0	-1	1997-02-11 16:00:35	1997-02-12 15:16:32	248268.0000	49625+1	
19	Clic!/catal.htm	TEXT	R*ch	1135	205	670	204	1997-02-11 16:00:34	1997-02-14 17:03:32	1168.0000	205+1	204+1
22	Clic!/credits.htm	TEXT	LMAN	1750	49627	0	-1	1997-02-11 16:00:34	1997-02-12 19:50:58	248278.0000	49627+1	
24	Clic!/demo.htm	TEXT	R*ch	1429	207	670	206	1997-02-11 16:00:34	1997-02-14 16:42:18	1178.0000	207+1	206+1
17	Clic!/Desktop DB	BTFL	DMGR	40960	49632	0	-1	1997-02-07 13:16:32	1997-02-12 16:15:20	248303.0000	49632+4	
16	Clic!/Desktop DF	DTFL	DMGR	0	49636	0	-1	1997-02-07 13:16:32	1997-02-12 16:15:20	248323.0000	49636+7	
28	Clic!/glamm.htm	TEXT	LMAN	535	49623	0	-1	1997-02-11 16:00:34	1997-02-11 10:29:08	248258.0000	49623+1	
2697	Clic!/index.htm	TEXT	LMAN	1081	49434	0	-1	1997-02-11 16:00:34	1997-02-13 21:23:18	247313.0000	49434+1	
26	Clic!/leggimi.txt	TEXT	MSWD	2433	49525	0	-1	1997-02-11 16:00:35	1997-02-14 16:40:49	247768.0000	49525+1	
25	Clic!/MAPPONE.MAP	TEXT	LMAN	1026	49624	0	-1	1997-02-13 11:36:09	1997-02-13 11:13:58	248263.0000	49624+1	
27	Clic!/prod.htm	TEXT	R*ch	1896	211	670	210	1997-02-11 16:00:34	1997-02-14 16:57:58	1198.0000	211+1	210+1
29	Clic!/SETUPIE.exe	DEXE	LMAN	16896	49522	0	-1	1997-02-12 19:38:20	1997-02-12 15:16:04	247753.0000	49522+2	
20	Clic!/VB40032.DLL	DEXE	LMAN	721168	49552	0	-1	1997-02-12 19:38:00	1995-08-15 00:00:00	247903.0000	49552+71	
52	Clic!/numeri/clic297/cardfro.gif	TEXT	LMAN	72447	333	0	-1	1997-02-11 15:59:49	1997-02-11 08:59:40	1808.0000	333+8	
51	Clic!/numeri/clic297/cardfro_orig.gif	TEXT	LMAN	165828	316	0	-1	1997-02-11 15:59:49	1997-02-11 08:59:40	1723.0000	316+17	
41	Clic!/numeri/clic297/carto.htm	TEXT	LMAN	543	306	0	-1	1997-02-12 19:43:49	1997-02-12 19:38:12	1673.0000	306+1	
48	Clic!/numeri/clic297/cartolina.htm	TEXT	LMAN	543	313	0	-1	1997-02-11 15:59:49	1997-02-11 08:59:16	1708.0000	313+1	
32	Clic!/numeri/clic297/coda.htm	TEXT	LMAN	387	49550	0	-1	1997-02-11 15:59:49	1997-02-12 19:38:12	247893.0000	49550+1	
44	Clic!/numeri/clic297/construction.htm	TEXT	LMAN	688	309	0	-1	1997-02-11 15:59:49	1997-02-12 19:38:12	1688.0000	309+1	
47	Clic!/numeri/clic297/copertina.htm	TEXT	LMAN	2052	312	0	-1	1997-02-11 15:59:49	1997-02-12 19:38:12	1703.0000	312+1	
37	Clic!/numeri/clic297/credits.htm	TEXT	LMAN	1749	302	0	-1	1997-02-11 15:59:49	1997-02-12 19:38:12	1653.0000	302+1	
50	Clic!/numeri/clic297/credits_t.htm	TEXT	LMAN	1807	315	0	-1	1997-02-11 15:59:49	1997-02-12 19:38:12	1718.0000	315+1	
2698	Clic!/numeri/clic297/home.htm	TEXT	LMAN	3210	49435	0	-1	1997-02-11 15:59:49	1997-02-13 20:52:42	247318.0000	49435+1	
34	Clic!/numeri/clic297/hometxt.htm	TEXT	LMAN	1474	49551	0	-1	1997-02-11 15:59:49	1997-02-12 19:38:14	247898.0000	49551+1	
39	Clic!/numeri/clic297/index.htm	TEXT	LMAN	3068	304	0	-1	1997-02-11 15:59:49	1997-02-12 19:38:14	1663.0000	304+1	
42	Clic!/numeri/clic297/index_t.htm	TEXT	LMAN	2147	307	0	-1	1997-02-11 15:59:49	1997-02-11 08:59:18	1678.0000	307+1	
43	Clic!/numeri/clic297/maplivel2.txt	TEXT	MSWD	793	308	0	-1	1997-02-11 15:59:49	1997-02-11 08:59:18	1683.0000	308+1	
45	Clic!/numeri/clic297/mappa2.html	TEXT	LMAN	1588	310	0	-1	1997-02-11 15:59:49	1997-02-11 08:59:20	1693.0000	310+1	
33	Clic!/numeri/clic297/mhome.htm	TEXT	LMAN	2202	49549	0	-1	1997-02-11 15:59:49	1997-02-11 08:59:20	247888.0000	49549+1	
49	Clic!/numeri/clic297/mindex.htm	TEXT	LMAN	554	314	0	-1	1997-02-11 15:59:49	1997-02-11 08:59:20	1713.0000	314+1	
35	Clic!/numeri/clic297/mond.gif	TEXT	LMAN	1031	300	0	-1	1997-02-11 15:59:50	1997-02-11 08:59:32	1643.0000	300+1	
36	Clic!/numeri/clic297/newtec.gif	TEXT	LMAN	7134	301	0	-1	1997-02-11 15:59:50	1997-02-11 08:59:32	1648.0000	301+1	
53	Clic!/numeri/clic297/old_newtec.gif	TEXT	LMAN	2207	341	0	-1	1997-02-11 15:59:50	1997-02-11 08:59:34	1848.0000	341+1	
40	Clic!/numeri/clic297/testa.htm	TEXT	LMAN	415	305	0	-1	1997-02-11 15:59:50	1997-02-11 12:07:12	1668.0000	305+1	
46	Clic!/numeri/clic297/tosta.htm	TEXT	LMAN	428	311	0	-1	1997-02-11 15:59:50	1997-02-11 08:59:20	1698.0000	311+1	
62	Clic!/numeri/clic297/cop/agenzie.htm	TEXT	LMAN	5672	350	0	-1	1997-02-11 15:59:38	1997-02-11 09:02:08	1893.0000	350+1	
61	Clic!/numeri/clic297/cop/college.htm	TEXT	LMAN	2955	349	0	-1	1997-02-11 15:59:38	1997-02-11 09:02:10	1888.0000	349+1	
67	Clic!/numeri/clic297/cop/cop.htm	TEXT	LMAN	3313	355	0	-1	1997-02-11 15:59:38	1997-02-11 09:02:10	1918.0000	355+1	
55	Clic!/numeri/clic297/cop/curriculum.htm	TEXT	LMAN	3206	342	0	-1	1997-02-11 15:59:38	1997-02-11 09:02:10	1853.0000	342+1	
63	Clic!/numeri/clic297/cop/dizionario.htm	TEXT	LMAN	3828	351	0	-1	1997-02-11 15:59:38	1997-02-11 09:02:10	1898.0000	351+1	
66	Clic!/numeri/clic297/cop/hititalia.htm	TEXT	LMAN	4027	354	0	-1	1997-02-11 15:59:38	1997-02-11 09:02:10	1913.0000	354+1	
58	Clic!/numeri/clic297/cop/hitusa.htm	TEXT	LMAN	4008	346	0	-1	1997-02-11 15:59:38	1997-02-11 09:02:10	1873.0000	346+1	
65	Clic!/numeri/clic297/cop/ind68.htm	TEXT	LMAN	5835	353	0	-1	1997-02-11 15:59:38	1997-02-11 09:02:10	1908.0000	353+1	
56	Clic!/numeri/clic297/cop/ind74.htm	TEXT	LMAN	5548	343	0	-1	1997-02-11 15:59:39	1997-02-11 09:02:12	1858.0000	343+1	
59	Clic!/numeri/clic297/cop/lettera.htm	TEXT	LMAN	5305	347	0	-1	1997-02-11 15:59:39	1997-02-11 09:02:12	1878.0000	347+1	
60	Clic!/numeri/clic297/cop/musica.htm	TEXT	LMAN	3814	348	0	-1	1997-02-11 15:59:39	1997-02-11 09:02:12	1883.0000	348+1	
57	Clic!/numeri/clic297/cop/pag58.htm	TEXT	LMAN	12633	344	0	-1	1997-02-11 15:59:39	1997-02-11 09:02:12	1863.0000	344+2	
64	Clic!/numeri/clic297/cop/WS_FTP.LOG	TEXT	LMAN	2200	352	0	-1	1997-02-11 15:59:38	1997-02-11 09:02:12	1903.0000	352+1	
97	Clic!/numeri/clic297/internet/10int1.htm	TEXT	LMAN	5274	384	0	-1	1997-02-11 15:59:40	1997-02-11 09:01:40	2063.0000	384+1	
76	Clic!/numeri/clic297/internet/10int2.htm	TEXT	LMAN	3769	363	0	-1	1997-02-11 15:59:40	1997-02-11 09:01:40	1958.0000	363+1	
118	Clic!/numeri/clic297/internet/10int3.htm	TEXT	LMAN	3478	406	0	-1	1997-02-11 15:59:40	1997-02-11 09:01:40	2173.0000	406+1	
96	Clic!/numeri/clic297/internet/10int4.htm	TEXT	LMAN	3679	383	0	-1	1997-02-11 15:59:40	1997-02-11 09:01:40	2058.0000	383+1	
75	Clic!/numeri/clic297/internet/10int5.htm	TEXT	LMAN	3755	362	0	-1	1997-02-11 15:59:40	1997-02-11 09:01:40	1953.0000	362+1	
117	Clic!/numeri/clic297/internet/10int6.htm	TEXT	LMAN	3975	405	0	-1	1997-02-11 15:59:40	1997-02-11 09:01:40	2168.0000	405+1	
95	Clic!/numeri/clic297/internet/10int7.htm	TEXT	LMAN	3664	382	0	-1	1997-02-11 15:59:40	1997-02-11 09:01:42	2053.0000	382+1	
74	Clic!/numeri/clic297/internet/11int1.htm	TEXT	LMAN	5445	361	0	-1	1997-02-11 15:59:41	1997-02-11 09:01:42	1948.0000	361+1	
116	Clic!/numeri/clic297/internet/11int2.htm	TEXT	LMAN	4105	404	0	-1	1997-02-11 15:59:41	1997-02-11 09:01:42	2163.0000	404+1	
94	Clic!/numeri/clic297/internet/11int3.htm	TEXT	LMAN	4172	381	0	-1	1997-02-11 15:59:41	1997-02-11 09:01:42	2048.0000	381+1	
73	Clic!/numeri/clic297/internet/11int4.htm	TEXT	LMAN	3904	360	0	-1	1997-02-11 15:59:41	1997-02-11 09:01:42	1943.0000	360+1	
115	Clic!/numeri/clic297/internet/11int5.htm	TEXT	LMAN	3978	403	0	-1	1997-02-11 15:59:41	1997-02-11 09:01:42	2158.0000	403+1	
93	Clic!/numeri/clic297/internet/11int6.htm	TEXT	LMAN	4552	380	0	-1	1997-02-11 15:59:41	1997-02-11 09:01:42	2043.0000	380+1	
72	Clic!/numeri/clic297/internet/11int7.htm	TEXT	LMAN	4406	359	0	-1	1997-02-11 15:59:41	1997-02-11 09:01:44	1938.0000	359+1	
114	Clic!/numeri/clic297/internet/12int1.htm	TEXT	LMAN	4100	402	0	-1	1997-02-11 15:59:41	1997-02-11 09:01:44	2153.0000	402+1	
92	Clic!/numeri/clic297/internet/12int2.htm	TEXT	LMAN	3883	379	0	-1	1997-02-11 15:59:41	1997-02-11 09:01:44	2038.0000	379+1	
71	Clic!/numeri/clic297/internet/12int3.htm	TEXT	LMAN	3676	358	0	-1	1997-02-11 15:59:41	1997-02-11 09:01:44	1933.0000	358+1	
113	Clic!/numeri/clic297/internet/12int4.htm	TEXT	LMAN	3996	401	0	-1	1997-02-11 15:59:41	1997-02-11 09:01:44	2148.0000	401+1	
91	Clic!/numeri/clic297/internet/12int5.htm	TEXT	LMAN	4422	378	0	-1	1997-02-11 15:59:41	1997-02-11 09:01:44	2033.0000	378+1	
70	Clic!/numeri/clic297/internet/12int6.htm	TEXT	LMAN	3791	357	0	-1	1997-02-11 15:59:41	1997-02-11 09:01:44	1928.0000	357+1	
112	Clic!/numeri/clic297/internet/12int7.htm	TEXT	LMAN	5003	400	0	-1	1997-02-11 15:59:41	1997-02-11 09:01:46	2143.0000	400+1	
90	Clic!/numeri/clic297/internet/12int8.htm	TEXT	LMAN	4091	377	0	-1	1997-02-11 15:59:41	1997-02-11 09:01:46	2028.0000	377+1	
69	Clic!/numeri/clic297/internet/12int9.htm	TEXT	LMAN	4020	356	0	-1	1997-02-11 15:59:41	1997-02-11 09:01:46	1923.0000	356+1	
110	Clic!/numeri/clic297/internet/197int1.htm	TEXT	LMAN	4544	397	0	-1	1997-02-11 15:59:41	1997-02-11 09:01:46	2128.0000	397+1	
131	Clic!/numeri/clic297/internet/197int2.htm	TEXT	LMAN	3975	419	0	-1	1997-02-11 15:59:41	1997-02-11 09:01:46	2238.0000	419+1	
89	Clic!/numeri/clic297/internet/197int3.htm	TEXT	LMAN	3737	376	0	-1	1997-02-11 15:59:41	1997-02-11 09:01:46	2023.0000	376+1	
109	Clic!/numeri/clic297/internet/197int4.htm	TEXT	LMAN	3730	396	0	-1	1997-02-11 15:59:41	1997-02-11 09:01:48	2123.0000	396+1	
130	Clic!/numeri/clic297/internet/197int5.htm	TEXT	LMAN	3937	418	0	-1	1997-02-11 15:59:41	1997-02-11 09:01:48	2233.0000	418+1	
88	Clic!/numeri/clic297/internet/197int6.htm	TEXT	LMAN	4301	375	0	-1	1997-02-11 15:59:41	1997-02-11 09:01:48	2018.0000	375+1	
108	Clic!/numeri/clic297/internet/197int7.htm	TEXT	LMAN	4112	395	0	-1	1997-02-11 15:59:41	1997-02-11 09:01:48	2118.0000	395+1	
129	Clic!/numeri/clic297/internet/197int8.htm	TEXT	LMAN	4345	417	0	-1	1997-02-11 15:59:41	1997-02-11 09:01:48	2228.0000	417+1	
87	Clic!/numeri/clic297/internet/297int1.htm	TEXT	LMAN	6049	374	0	-1	1997-02-11 15:59:41	1997-02-11 09:01:48	2013.0000	374+1	
107	Clic!/numeri/clic297/internet/297int2.htm	TEXT	LMAN	4295	394	0	-1	1997-02-11 15:59:41	1997-02-11 09:01:50	2113.0000	394+1	
128	Clic!/numeri/clic297/internet/297int3.htm	TEXT	LMAN	4615	416	0	-1	1997-02-11 15:59:41	1997-02-11 09:01:50	2223.0000	416+1	
86	Clic!/numeri/clic297/internet/297int4.htm	TEXT	LMAN	4492	373	0	-1	1997-02-11 15:59:41	1997-02-11 09:01:50	2008.0000	373+1	
106	Clic!/numeri/clic297/internet/297int5.htm	TEXT	LMAN	3766	393	0	-1	1997-02-11 15:59:41	1997-02-11 09:01:50	2108.0000	393+1	
127	Clic!/numeri/clic297/internet/5int1.htm	TEXT	LMAN	4115	415	0	-1	1997-02-11 15:59:42	1997-02-11 09:01:50	2218.0000	415+1	
85	Clic!/numeri/clic297/internet/5int2.htm	TEXT	LMAN	3730	372	0	-1	1997-02-11 15:59:42	1997-02-11 09:01:50	2003.0000	372+1	
105	Clic!/numeri/clic297/internet/5int3.htm	TEXT	LMAN	4648	392	0	-1	1997-02-11 15:59:42	1997-02-11 09:01:50	2103.0000	392+1	
126	Clic!/numeri/clic297/internet/5int4.htm	TEXT	LMAN	4085	414	0	-1	1997-02-11 15:59:42	1997-02-11 09:01:52	2213.0000	414+1	
84	Clic!/numeri/clic297/internet/5int5.htm	TEXT	LMAN	2908	371	0	-1	1997-02-11 15:59:42	1997-02-11 09:01:52	1998.0000	371+1	
104	Clic!/numeri/clic297/internet/5int6.htm	TEXT	LMAN	3754	391	0	-1	1997-02-11 15:59:42	1997-02-11 09:01:52	2098.0000	391+1	
125	Clic!/numeri/clic297/internet/5int7.htm	TEXT	LMAN	2636	413	0	-1	1997-02-11 15:59:42	1997-02-11 09:01:52	2208.0000	413+1	
83	Clic!/numeri/clic297/internet/6int1.htm	TEXT	LMAN	4969	370	0	-1	1997-02-11 15:59:42	1997-02-11 09:01:52	1993.0000	370+1	
103	Clic!/numeri/clic297/internet/6int2.htm	TEXT	LMAN	3824	390	0	-1	1997-02-11 15:59:42	1997-02-11 09:01:52	2093.0000	390+1	
124	Clic!/numeri/clic297/internet/6int3.htm	TEXT	LMAN	3561	412	0	-1	1997-02-11 15:59:42	1997-02-11 09:01:54	2203.0000	412+1	
82	Clic!/numeri/clic297/internet/6int4.htm	TEXT	LMAN	3630	369	0	-1	1997-02-11 15:59:42	1997-02-11 09:01:54	1988.0000	369+1	
102	Clic!/numeri/clic297/internet/6int5.htm	TEXT	LMAN	3731	389	0	-1	1997-02-11 15:59:42	1997-02-11 09:01:54	2088.0000	389+1	
123	Clic!/numeri/clic297/internet/6int6.htm	TEXT	LMAN	3740	411	0	-1	1997-02-11 15:59:42	1997-02-11 09:01:54	2198.0000	411+1	
81	Clic!/numeri/clic297/internet/6int7.htm	TEXT	LMAN	3602	368	0	-1	1997-02-11 15:59:42	1997-02-11 09:01:54	1983.0000	368+1	
101	Clic!/numeri/clic297/internet/7int1.htm	TEXT	LMAN	3840	388	0	-1	1997-02-11 15:59:42	1997-02-11 09:01:54	2083.0000	388+1	
122	Clic!/numeri/clic297/internet/7int2.htm	TEXT	LMAN	3628	410	0	-1	1997-02-11 15:59:42	1997-02-11 09:01:54	2193.0000	410+1	
80	Clic!/numeri/clic297/internet/7int3.htm	TEXT	LMAN	3473	367	0	-1	1997-02-11 15:59:42	1997-02-11 09:01:56	1978.0000	367+1	
100	Clic!/numeri/clic297/internet/7int4.htm	TEXT	LMAN	3930	387	0	-1	1997-02-11 15:59:42	1997-02-11 09:01:56	2078.0000	387+1	
121	Clic!/numeri/clic297/internet/7int5.htm	TEXT	LMAN	4070	409	0	-1	1997-02-11 15:59:42	1997-02-11 09:01:56	2188.0000	409+1	
79	Clic!/numeri/clic297/internet/7int6.htm	TEXT	LMAN	4018	366	0	-1	1997-02-11 15:59:42	1997-02-11 09:01:56	1973.0000	366+1	
78	Clic!/numeri/clic297/internet/9int1.htm	TEXT	LMAN	3697	365	0	-1	1997-02-11 15:59:42	1997-02-11 09:01:56	1968.0000	365+1	
99	Clic!/numeri/clic297/internet/9int2.htm	TEXT	LMAN	3628	386	0	-1	1997-02-11 15:59:42	1997-02-11 09:01:56	2073.0000	386+1	
120	Clic!/numeri/clic297/internet/9int3.htm	TEXT	LMAN	3473	408	0	-1	1997-02-11 15:59:42	1997-02-11 09:01:58	2183.0000	408+1	
77	Clic!/numeri/clic297/internet/9int4.htm	TEXT	LMAN	3930	364	0	-1	1997-02-11 15:59:42	1997-02-11 09:01:58	1963.0000	364+1	
98	Clic!/numeri/clic297/internet/9int5.htm	TEXT	LMAN	4070	385	0	-1	1997-02-11 15:59:42	1997-02-11 09:01:58	2068.0000	385+1	
119	Clic!/numeri/clic297/internet/9int6.htm	TEXT	LMAN	4018	407	0	-1	1997-02-11 15:59:42	1997-02-11 09:01:58	2178.0000	407+1	
111	Clic!/numeri/clic297/internet/WS_FTP.LOG	TEXT	LMAN	11072	398	0	-1	1997-02-11 15:59:40	1997-02-11 09:01:58	2133.0000	398+2	
145	Clic!/numeri/clic297/piazza/albergh.gif	TEXT	LMAN	29847	441	0	-1	1997-02-11 15:59:43	1997-02-11 12:28:48	2348.0000	441+3	
150	Clic!/numeri/clic297/piazza/biblio.htm	TEXT	LMAN	2987	448	0	-1	1997-02-11 15:59:42	1997-02-11 09:00:02	2383.0000	448+1	
137	Clic!/numeri/clic297/piazza/cafe.htm	TEXT	LMAN	24440	425	0	-1	1997-02-11 15:59:42	1997-02-11 12:22:08	2268.0000	425+3	
133	Clic!/numeri/clic297/piazza/coda.htm	TEXT	LMAN	1961	420	0	-1	1997-02-11 15:59:42	1997-02-11 09:00:02	2243.0000	420+1	
146	Clic!/numeri/clic297/piazza/conv.htm	TEXT	LMAN	1523	444	0	-1	1997-02-11 15:59:42	1997-02-11 09:00:02	2363.0000	444+1	
148	Clic!/numeri/clic297/piazza/conversa.htm	TEXT	LMAN	4998	446	0	-1	1997-02-11 15:59:42	1997-02-11 09:00:04	2373.0000	446+1	
139	Clic!/numeri/clic297/piazza/dibattito.htm	TEXT	LMAN	1423	429	0	-1	1997-02-11 15:59:42	1997-02-11 09:00:06	2288.0000	429+1	
149	Clic!/numeri/clic297/piazza/discuss.shtml	TEXT	LMAN	2007	447	0	-1	1997-02-11 15:59:42	1997-02-11 09:00:12	2378.0000	447+1	
144	Clic!/numeri/clic297/piazza/flights.gif	TEXT	LMAN	24226	438	0	-1	1997-02-11 15:59:43	1997-02-11 12:28:52	2333.0000	438+3	
151	Clic!/numeri/clic297/piazza/giocare.htm	TEXT	LMAN	3462	449	0	-1	1997-02-11 15:59:42	1997-02-11 09:00:20	2388.0000	449+1	
134	Clic!/numeri/clic297/piazza/indiriz.htm	TEXT	LMAN	4026	421	0	-1	1997-02-11 15:59:43	1997-02-11 09:00:20	2248.0000	421+1	
147	Clic!/numeri/clic297/piazza/modulo.htm	TEXT	LMAN	3209	445	0	-1	1997-02-11 15:59:43	1997-02-11 09:00:20	2368.0000	445+1	
141	Clic!/numeri/clic297/piazza/offerte.htm	TEXT	LMAN	3666	431	0	-1	1997-02-11 15:59:43	1997-02-11 09:00:22	2298.0000	431+1	
140	Clic!/numeri/clic297/piazza/offerte1.htm	TEXT	LMAN	3632	430	0	-1	1997-02-11 15:59:43	1997-02-11 12:27:36	2293.0000	430+1	
138	Clic!/numeri/clic297/piazza/piazza.htm	TEXT	LMAN	4691	428	0	-1	1997-02-11 15:59:43	1997-02-11 09:00:22	2283.0000	428+1	
142	Clic!/numeri/clic297/piazza/rebelas.gif	TEXT	LMAN	44535	432	0	-1	1997-02-11 15:59:43	1997-02-11 12:28:54	2303.0000	432+5	
136	Clic!/numeri/clic297/piazza/shopping.htm	TEXT	LMAN	3326	424	0	-1	1997-02-11 15:59:43	1997-02-11 12:24:02	2263.0000	424+1	
135	Clic!/numeri/clic297/piazza/sportst.gif	TEXT	LMAN	20338	422	0	-1	1997-02-11 15:59:43	1997-02-11 12:28:58	2253.0000	422+2	
143	Clic!/numeri/clic297/piazza/WS_FTP.LOG	TEXT	LMAN	3605	437	0	-1	1997-02-11 15:59:42	1997-02-11 12:28:58	2328.0000	437+1	
153	Clic!/numeri/clic297/tecnico/contenut.htm	TEXT	LMAN	2299	450	0	-1	1997-02-11 15:59:49	1997-02-11 08:59:50	2393.0000	450+1	
155	Clic!/numeri/clic297/tecnico/tecnico.htm	TEXT	LMAN	5302	452	0	-1	1997-02-11 15:59:49	1997-02-11 08:59:50	2403.0000	452+1	
154	Clic!/numeri/clic297/tecnico/WS_FTP.LOG	TEXT	LMAN	360	451	0	-1	1997-02-11 15:59:49	1997-02-11 08:59:50	2398.0000	451+1	
160	Clic!/numeri/clic297/edicola/12st001.htm	TEXT	LMAN	5949	457	0	-1	1997-02-11 15:59:39	1997-02-11 12:08:26	2428.0000	457+1	
167	Clic!/numeri/clic297/edicola/12st002.htm	TEXT	LMAN	5997	464	0	-1	1997-02-11 15:59:39	1997-02-11 12:08:26	2463.0000	464+1	
158	Clic!/numeri/clic297/edicola/civiche.htm	TEXT	LMAN	10913	454	0	-1	1997-02-11 15:59:39	1997-02-11 12:08:26	2413.0000	454+2	
159	Clic!/numeri/clic297/edicola/civiche.map	TEXT	LMAN	868	456	0	-1	1997-02-11 15:59:39	1997-02-11 12:08:26	2423.0000	456+1	
157	Clic!/numeri/clic297/edicola/decalogo.htm	TEXT	LMAN	6726	453	0	-1	1997-02-11 15:59:39	1997-02-11 12:08:26	2408.0000	453+1	
170	Clic!/numeri/clic297/edicola/domande.htm	TEXT	LMAN	4648	467	0	-1	1997-02-11 15:59:40	1997-02-11 12:08:26	2478.0000	467+1	
175	Clic!/numeri/clic297/edicola/domande9.htm	TEXT	LMAN	6124	472	0	-1	1997-02-11 15:59:40	1997-02-11 12:08:28	2503.0000	472+1	
164	Clic!/numeri/clic297/edicola/helpers.htm	TEXT	LMAN	3313	461	0	-1	1997-02-11 15:59:40	1997-02-11 12:08:28	2448.0000	461+1	
174	Clic!/numeri/clic297/edicola/impara.htm	TEXT	LMAN	5949	471	0	-1	1997-02-11 15:59:40	1997-02-11 12:08:28	2498.0000	471+1	
161	Clic!/numeri/clic297/edicola/mask.htm	TEXT	LMAN	2134	458	0	-1	1997-02-11 15:59:40	1997-02-11 12:08:28	2433.0000	458+1	
173	Clic!/numeri/clic297/edicola/multimedia.htm	TEXT	LMAN	5997	470	0	-1	1997-02-11 15:59:40	1997-02-11 12:08:28	2493.0000	470+1	
172	Clic!/numeri/clic297/edicola/pag103.htm	TEXT	LMAN	2939	469	0	-1	1997-02-11 15:59:40	1997-02-11 12:08:28	2488.0000	469+1	
171	Clic!/numeri/clic297/edicola/pag109.htm	TEXT	LMAN	4345	468	0	-1	1997-02-11 15:59:40	1997-02-11 12:08:30	2483.0000	468+1	
163	Clic!/numeri/clic297/edicola/pag113.htm	TEXT	LMAN	3969	460	0	-1	1997-02-11 15:59:40	1997-02-11 12:08:30	2443.0000	460+1	
169	Clic!/numeri/clic297/edicola/pag65.htm	TEXT	LMAN	5038	466	0	-1	1997-02-11 15:59:40	1997-02-11 12:08:30	2473.0000	466+1	
162	Clic!/numeri/clic297/edicola/pag72.htm	TEXT	LMAN	7161	459	0	-1	1997-02-11 15:59:40	1997-02-11 12:08:30	2438.0000	459+1	
168	Clic!/numeri/clic297/edicola/removibili.htm	TEXT	LMAN	4675	465	0	-1	1997-02-11 15:59:40	1997-02-11 12:08:30	2468.0000	465+1	
2699	Clic!/numeri/clic297/edicola/somma1.htm	TEXT	LMAN	4500	49133	0	-1	1997-02-13 20:53:20	1997-02-13 21:08:28	245808.0000	49133+1	
176	Clic!/numeri/clic297/edicola/sommario.htm	TEXT	R*ch	7962	209	670	208	1997-02-11 15:59:40	1997-02-14 16:28:44	1188.0000	209+1	208+1
165	Clic!/numeri/clic297/edicola/whitedot.gif	TEXT	LMAN	57	462	0	-1	1997-02-11 15:59:40	1997-02-11 12:08:40	2453.0000	462+1	
166	Clic!/numeri/clic297/edicola/WS_FTP.LOG	TEXT	LMAN	3399	463	0	-1	1997-02-11 15:59:39	1997-02-11 12:08:40	2458.0000	463+1	
196	Clic!/numeri/clic297/posta/10hw1.htm	TEXT	LMAN	8966	49533	0	-1	1997-02-11 15:59:48	1997-02-11 09:01:16	247808.0000	49533+1	
233	Clic!/numeri/clic297/posta/10hw2.htm	TEXT	LMAN	5141	531	0	-1	1997-02-11 15:59:48	1997-02-11 09:01:16	2798.0000	531+1	
198	Clic!/numeri/clic297/posta/10pr1.htm	TEXT	LMAN	7618	49534	0	-1	1997-02-11 15:59:48	1997-02-11 09:01:16	247813.0000	49534+1	
235	Clic!/numeri/clic297/posta/10pr2.htm	TEXT	LMAN	5622	533	0	-1	1997-02-11 15:59:48	1997-02-11 09:01:16	2808.0000	533+1	
232	Clic!/numeri/clic297/posta/10sw1.htm	TEXT	LMAN	6849	530	0	-1	1997-02-11 15:59:49	1997-02-11 09:01:18	2793.0000	530+1	
267	Clic!/numeri/clic297/posta/10sw2.htm	TEXT	LMAN	5826	566	0	-1	1997-02-11 15:59:43	1997-02-11 09:01:18	2973.0000	566+1	
195	Clic!/numeri/clic297/posta/10sw3.htm	TEXT	LMAN	6973	49528	0	-1	1997-02-11 15:59:43	1997-02-11 09:00:40	247783.0000	49528+1	
231	Clic!/numeri/clic297/posta/10sw4.htm	TEXT	LMAN	7225	529	0	-1	1997-02-11 15:59:43	1997-02-11 09:00:40	2788.0000	529+1	
269	Clic!/numeri/clic297/posta/10w1.htm	TEXT	LMAN	8394	568	0	-1	1997-02-11 15:59:43	1997-02-11 09:00:40	2983.0000	568+1	
229	Clic!/numeri/clic297/posta/11hw1.htm	TEXT	LMAN	8626	527	0	-1	1997-02-11 15:59:43	1997-02-11 09:00:40	2778.0000	527+1	
266	Clic!/numeri/clic297/posta/11hw2.htm	TEXT	LMAN	6295	565	0	-1	1997-02-11 15:59:43	1997-02-11 09:00:40	2968.0000	565+1	
194	Clic!/numeri/clic297/posta/11hw3.htm	TEXT	LMAN	5773	49529	0	-1	1997-02-11 15:59:43	1997-02-11 09:00:40	247788.0000	49529+1	
228	Clic!/numeri/clic297/posta/11hw4.htm	TEXT	LMAN	6083	526	0	-1	1997-02-11 15:59:43	1997-02-11 09:00:40	2773.0000	526+1	
265	Clic!/numeri/clic297/posta/11hw5.htm	TEXT	LMAN	6954	564	0	-1	1997-02-11 15:59:43	1997-02-11 09:00:42	2963.0000	564+1	
197	Clic!/numeri/clic297/posta/11in1.htm	TEXT	LMAN	4630	49535	0	-1	1997-02-11 15:59:43	1997-02-11 09:00:42	247818.0000	49535+1	
234	Clic!/numeri/clic297/posta/11in2.htm	TEXT	LMAN	8174	532	0	-1	1997-02-11 15:59:43	1997-02-11 09:00:42	2803.0000	532+1	
268	Clic!/numeri/clic297/posta/11in3.htm	TEXT	LMAN	6120	567	0	-1	1997-02-11 15:59:43	1997-02-11 09:00:42	2978.0000	567+1	
264	Clic!/numeri/clic297/posta/11sw1.htm	TEXT	LMAN	6618	563	0	-1	1997-02-11 15:59:43	1997-02-11 09:00:42	2958.0000	563+1	
193	Clic!/numeri/clic297/posta/11sw2.htm	TEXT	LMAN	8877	49542	0	-1	1997-02-11 15:59:43	1997-02-11 09:00:42	247853.0000	49542+1	
227	Clic!/numeri/clic297/posta/11sw3.htm	TEXT	LMAN	4920	525	0	-1	1997-02-11 15:59:43	1997-02-11 09:00:44	2768.0000	525+1	
263	Clic!/numeri/clic297/posta/11sw4.htm	TEXT	LMAN	5667	562	0	-1	1997-02-11 15:59:43	1997-02-11 09:00:44	2953.0000	562+1	
262	Clic!/numeri/clic297/posta/12hw1.htm	TEXT	LMAN	8808	561	0	-1	1997-02-11 15:59:43	1997-02-11 09:00:44	2948.0000	561+1	
192	Clic!/numeri/clic297/posta/12hw2.htm	TEXT	LMAN	5863	49537	0	-1	1997-02-11 15:59:43	1997-02-11 09:00:44	247828.0000	49537+1	
226	Clic!/numeri/clic297/posta/12hw3.htm	TEXT	LMAN	8214	524	0	-1	1997-02-11 15:59:44	1997-02-11 09:00:44	2763.0000	524+1	
230	Clic!/numeri/clic297/posta/12in1.htm	TEXT	LMAN	5059	528	0	-1	1997-02-11 15:59:44	1997-02-11 09:00:44	2783.0000	528+1	
191	Clic!/numeri/clic297/posta/12sw1.htm	TEXT	LMAN	4812	49536	0	-1	1997-02-11 15:59:44	1997-02-11 09:00:46	247823.0000	49536+1	
225	Clic!/numeri/clic297/posta/12sw2.htm	TEXT	LMAN	6861	523	0	-1	1997-02-11 15:59:44	1997-02-11 09:00:46	2758.0000	523+1	
261	Clic!/numeri/clic297/posta/12sw3.htm	TEXT	LMAN	6761	560	0	-1	1997-02-11 15:59:44	1997-02-11 09:00:46	2943.0000	560+1	
279	Clic!/numeri/clic297/posta/197hw1.htm	TEXT	LMAN	6346	578	0	-1	1997-02-11 15:59:44	1997-02-11 09:00:46	3033.0000	578+1	
243	Clic!/numeri/clic297/posta/197hw2.htm	TEXT	LMAN	7133	541	0	-1	1997-02-11 15:59:44	1997-02-11 09:00:46	2848.0000	541+1	
206	Clic!/numeri/clic297/posta/197hw3.htm	TEXT	LMAN	8629	502	0	-1	1997-02-11 15:59:44	1997-02-11 09:00:46	2653.0000	502+1	
277	Clic!/numeri/clic297/posta/197hw4.htm	TEXT	LMAN	7841	576	0	-1	1997-02-11 15:59:44	1997-02-11 09:00:48	3023.0000	576+1	
241	Clic!/numeri/clic297/posta/197hw5.htm	TEXT	LMAN	8406	539	0	-1	1997-02-11 15:59:44	1997-02-11 09:00:48	2838.0000	539+1	
204	Clic!/numeri/clic297/posta/197hw6.htm	TEXT	LMAN	9146	500	0	-1	1997-02-11 15:59:44	1997-02-11 09:00:48	2643.0000	500+1	
203	Clic!/numeri/clic297/posta/197in1.htm	TEXT	LMAN	8730	499	0	-1	1997-02-11 15:59:44	1997-02-11 09:00:48	2638.0000	499+1	
202	Clic!/numeri/clic297/posta/197pr1.htm	TEXT	LMAN	5200	498	0	-1	1997-02-11 15:59:44	1997-02-11 09:00:48	2633.0000	498+1	
273	Clic!/numeri/clic297/posta/197pr2.htm	TEXT	LMAN	7327	572	0	-1	1997-02-11 15:59:44	1997-02-11 09:00:48	3003.0000	572+1	
237	Clic!/numeri/clic297/posta/197sw1.htm	TEXT	LMAN	6812	535	0	-1	1997-02-11 15:59:44	1997-02-11 09:00:50	2818.0000	535+1	
200	Clic!/numeri/clic297/posta/197sw2.htm	TEXT	LMAN	5963	49527	0	-1	1997-02-11 15:59:44	1997-02-11 09:00:50	247778.0000	49527+1	
271	Clic!/numeri/clic297/posta/197sw3.htm	TEXT	LMAN	8880	570	0	-1	1997-02-11 15:59:44	1997-02-11 09:00:50	2993.0000	570+1	
244	Clic!/numeri/clic297/posta/297hw1.htm	TEXT	LMAN	7530	542	0	-1	1997-02-11 15:59:44	1997-02-11 09:00:50	2853.0000	542+1	
207	Clic!/numeri/clic297/posta/297hw2.htm	TEXT	LMAN	7705	503	0	-1	1997-02-11 15:59:44	1997-02-11 09:00:50	2658.0000	503+1	
278	Clic!/numeri/clic297/posta/297hw3.htm	TEXT	LMAN	7184	577	0	-1	1997-02-11 15:59:44	1997-02-11 09:00:52	3028.0000	577+1	
242	Clic!/numeri/clic297/posta/297hw4.htm	TEXT	LMAN	9803	540	0	-1	1997-02-11 15:59:44	1997-02-11 09:00:52	2843.0000	540+1	
205	Clic!/numeri/clic297/posta/297hw5.htm	TEXT	LMAN	7335	501	0	-1	1997-02-11 15:59:44	1997-02-11 09:00:52	2648.0000	501+1	
276	Clic!/numeri/clic297/posta/297hw6.htm	TEXT	LMAN	6518	575	0	-1	1997-02-11 15:59:44	1997-02-11 09:00:52	3018.0000	575+1	
240	Clic!/numeri/clic297/posta/297hw7.htm	TEXT	LMAN	9314	538	0	-1	1997-02-11 15:59:44	1997-02-11 09:00:52	2833.0000	538+1	
275	Clic!/numeri/clic297/posta/297in1.htm	TEXT	LMAN	6326	574	0	-1	1997-02-11 15:59:45	1997-02-11 09:00:52	3013.0000	574+1	
239	Clic!/numeri/clic297/posta/297in2.htm	TEXT	LMAN	5707	537	0	-1	1997-02-11 15:59:45	1997-02-11 09:00:54	2828.0000	537+1	
274	Clic!/numeri/clic297/posta/297pr1.htm	TEXT	LMAN	5200	573	0	-1	1997-02-11 15:59:45	1997-02-11 09:00:54	3008.0000	573+1	
238	Clic!/numeri/clic297/posta/297pr2.htm	TEXT	LMAN	7327	536	0	-1	1997-02-11 15:59:45	1997-02-11 09:00:54	2823.0000	536+1	
201	Clic!/numeri/clic297/posta/297sw1.htm	TEXT	LMAN	7491	497	0	-1	1997-02-11 15:59:45	1997-02-11 09:00:54	2628.0000	497+1	
272	Clic!/numeri/clic297/posta/297sw2.htm	TEXT	LMAN	5163	571	0	-1	1997-02-11 15:59:45	1997-02-11 09:00:54	2998.0000	571+1	
236	Clic!/numeri/clic297/posta/297sw3.htm	TEXT	LMAN	8004	534	0	-1	1997-02-11 15:59:45	1997-02-11 09:00:54	2813.0000	534+1	
199	Clic!/numeri/clic297/posta/297sw4.htm	TEXT	LMAN	5739	49544	0	-1	1997-02-11 15:59:45	1997-02-11 09:00:54	247863.0000	49544+1	
270	Clic!/numeri/clic297/posta/297sw5.htm	TEXT	LMAN	6651	569	0	-1	1997-02-11 15:59:45	1997-02-11 09:00:56	2988.0000	569+1	
190	Clic!/numeri/clic297/posta/297w1.htm	TEXT	LMAN	5543	49543	0	-1	1997-02-11 15:59:45	1997-02-11 09:00:56	247858.0000	49543+1	
223	Clic!/numeri/clic297/posta/297w2.htm	TEXT	LMAN	6272	521	0	-1	1997-02-11 15:59:45	1997-02-11 09:00:56	2748.0000	521+1	
259	Clic!/numeri/clic297/posta/297w3.htm	TEXT	LMAN	5567	558	0	-1	1997-02-11 15:59:45	1997-02-11 09:00:56	2933.0000	558+1	
217	Clic!/numeri/clic297/posta/6ps1.htm	TEXT	LMAN	10826	514	0	-1	1997-02-11 15:59:45	1997-02-11 09:00:56	2713.0000	514+2	
186	Clic!/numeri/clic297/posta/6ps2.htm	TEXT	LMAN	6368	49538	0	-1	1997-02-11 15:59:45	1997-02-11 09:00:56	247833.0000	49538+1	
255	Clic!/numeri/clic297/posta/6ps3.htm	TEXT	LMAN	6322	554	0	-1	1997-02-11 15:59:45	1997-02-11 09:00:58	2913.0000	554+1	
216	Clic!/numeri/clic297/posta/6ps4.htm	TEXT	LMAN	10830	512	0	-1	1997-02-11 15:59:45	1997-02-11 09:00:58	2703.0000	512+2	
185	Clic!/numeri/clic297/posta/6ps5.htm	TEXT	LMAN	7460	49539	0	-1	1997-02-11 15:59:46	1997-02-11 09:00:58	247838.0000	49539+1	
254	Clic!/numeri/clic297/posta/6ps6.htm	TEXT	LMAN	7711	553	0	-1	1997-02-11 15:59:46	1997-02-11 09:00:58	2908.0000	553+1	
224	Clic!/numeri/clic297/posta/6ps6bis.htm	TEXT	LMAN	6046	522	0	-1	1997-02-11 15:59:46	1997-02-11 09:00:58	2753.0000	522+1	
215	Clic!/numeri/clic297/posta/6ps7.htm	TEXT	LMAN	4849	511	0	-1	1997-02-11 15:59:46	1997-02-11 09:00:58	2698.0000	511+1	
184	Clic!/numeri/clic297/posta/6ps8.htm	TEXT	LMAN	5905	49531	0	-1	1997-02-11 15:59:46	1997-02-11 09:01:00	247798.0000	49531+1	
253	Clic!/numeri/clic297/posta/6ps9.htm	TEXT	LMAN	4672	552	0	-1	1997-02-11 15:59:46	1997-02-11 09:01:00	2903.0000	552+1	
222	Clic!/numeri/clic297/posta/9hw1.htm	TEXT	LMAN	8059	520	0	-1	1997-02-11 15:59:46	1997-02-11 09:01:00	2743.0000	520+1	
189	Clic!/numeri/clic297/posta/9hw2.htm	TEXT	LMAN	6361	49545	0	-1	1997-02-11 15:59:46	1997-02-11 09:01:00	247868.0000	49545+1	
258	Clic!/numeri/clic297/posta/9hw3.htm	TEXT	LMAN	8570	557	0	-1	1997-02-11 15:59:46	1997-02-11 09:01:00	2928.0000	557+1	
221	Clic!/numeri/clic297/posta/9hw4.htm	TEXT	LMAN	6844	519	0	-1	1997-02-11 15:59:47	1997-02-11 09:01:00	2738.0000	519+1	
188	Clic!/numeri/clic297/posta/9hw5.htm	TEXT	LMAN	5803	49530	0	-1	1997-02-11 15:59:47	1997-02-11 09:01:00	247793.0000	49530+1	
257	Clic!/numeri/clic297/posta/9hw6.htm	TEXT	LMAN	4850	556	0	-1	1997-02-11 15:59:47	1997-02-11 09:01:02	2923.0000	556+1	
220	Clic!/numeri/clic297/posta/9hw7.htm	TEXT	LMAN	5003	518	0	-1	1997-02-11 15:59:47	1997-02-11 09:01:02	2733.0000	518+1	
256	Clic!/numeri/clic297/posta/9in1.htm	TEXT	LMAN	4774	555	0	-1	1997-02-11 15:59:47	1997-02-11 09:01:02	2918.0000	555+1	
219	Clic!/numeri/clic297/posta/9in2.htm	TEXT	LMAN	4506	517	0	-1	1997-02-11 15:59:47	1997-02-11 09:01:02	2728.0000	517+1	
187	Clic!/numeri/clic297/posta/9in3.htm	TEXT	LMAN	4322	49547	0	-1	1997-02-11 15:59:47	1997-02-11 09:01:02	247878.0000	49547+1	
183	Clic!/numeri/clic297/posta/9sw1.htm	TEXT	LMAN	6469	49546	0	-1	1997-02-11 15:59:47	1997-02-11 09:01:02	247873.0000	49546+1	
252	Clic!/numeri/clic297/posta/9sw2.htm	TEXT	LMAN	5602	551	0	-1	1997-02-11 15:59:47	1997-02-11 09:01:04	2898.0000	551+1	
213	Clic!/numeri/clic297/posta/9sw3.htm	TEXT	LMAN	7009	509	0	-1	1997-02-11 15:59:47	1997-02-11 09:01:04	2688.0000	509+1	
182	Clic!/numeri/clic297/posta/9sw4.htm	TEXT	LMAN	4994	49526	0	-1	1997-02-11 15:59:47	1997-02-11 09:01:04	247773.0000	49526+1	
251	Clic!/numeri/clic297/posta/9sw5.htm	TEXT	LMAN	6101	550	0	-1	1997-02-11 15:59:47	1997-02-11 09:01:04	2893.0000	550+1	
212	Clic!/numeri/clic297/posta/9sw6.htm	TEXT	LMAN	4943	508	0	-1	1997-02-11 15:59:48	1997-02-11 09:01:04	2683.0000	508+1	
280	Clic!/numeri/clic297/posta/9w1.htm	TEXT	LMAN	5665	579	0	-1	1997-02-11 15:59:48	1997-02-11 09:01:04	3038.0000	579+1	
208	Clic!/numeri/clic297/posta/9w2.htm	TEXT	LMAN	4670	504	0	-1	1997-02-11 15:59:48	1997-02-11 09:01:06	2663.0000	504+1	
260	Clic!/numeri/clic297/posta/domande.htm	TEXT	LMAN	3354	559	0	-1	1997-02-11 15:59:48	1997-02-11 09:01:06	2938.0000	559+1	
250	Clic!/numeri/clic297/posta/newcl1.htm	TEXT	LMAN	3569	549	0	-1	1997-02-11 15:59:48	1997-02-11 09:01:06	2888.0000	549+1	
181	Clic!/numeri/clic297/posta/newgi1.htm	TEXT	LMAN	4696	49532	0	-1	1997-02-11 15:59:48	1997-02-11 09:01:06	247803.0000	49532+1	
249	Clic!/numeri/clic297/posta/newhw1.htm	TEXT	LMAN	5773	548	0	-1	1997-02-11 15:59:48	1997-02-11 09:01:06	2883.0000	548+1	
211	Clic!/numeri/clic297/posta/newhw2.htm	TEXT	LMAN	5525	507	0	-1	1997-02-11 15:59:48	1997-02-11 09:01:06	2678.0000	507+1	
180	Clic!/numeri/clic297/posta/newhw3.htm	TEXT	LMAN	5245	49548	0	-1	1997-02-11 15:59:48	1997-02-11 09:01:06	247883.0000	49548+1	
248	Clic!/numeri/clic297/posta/newhw4.htm	TEXT	LMAN	5182	547	0	-1	1997-02-11 15:59:48	1997-02-11 09:01:08	2878.0000	547+1	
210	Clic!/numeri/clic297/posta/newhw5.htm	TEXT	LMAN	6478	506	0	-1	1997-02-11 15:59:48	1997-02-11 09:01:08	2673.0000	506+1	
179	Clic!/numeri/clic297/posta/newhw6.htm	TEXT	LMAN	4523	49541	0	-1	1997-02-11 15:59:48	1997-02-11 09:01:08	247848.0000	49541+1	
178	Clic!/numeri/clic297/posta/newin1.htm	TEXT	LMAN	4306	49540	0	-1	1997-02-11 15:59:48	1997-02-11 09:01:08	247843.0000	49540+1	
247	Clic!/numeri/clic297/posta/newin2.htm	TEXT	LMAN	7479	546	0	-1	1997-02-11 15:59:48	1997-02-11 09:01:08	2873.0000	546+1	
209	Clic!/numeri/clic297/posta/newpt1.htm	TEXT	LMAN	5360	505	0	-1	1997-02-11 15:59:48	1997-02-11 09:01:08	2668.0000	505+1	
281	Clic!/numeri/clic297/posta/newsw1.htm	TEXT	LMAN	5825	580	0	-1	1997-02-11 15:59:48	1997-02-11 09:01:10	3043.0000	580+1	
218	Clic!/numeri/clic297/posta/oldps.htm	TEXT	LMAN	3509	516	0	-1	1997-02-11 15:59:48	1997-02-11 09:01:10	2723.0000	516+1	
214	Clic!/numeri/clic297/posta/posta.htm	TEXT	LMAN	3783	510	0	-1	1997-02-11 15:59:48	1997-02-11 09:01:10	2693.0000	510+1	
245	Clic!/numeri/clic297/posta/ps1.htm	TEXT	LMAN	6545	543	0	-1	1997-02-11 15:59:48	1997-02-11 09:01:10	2858.0000	543+1	
246	Clic!/numeri/clic297/posta/WS_FTP.LOG	TEXT	LMAN	17808	544	0	-1	1997-02-11 15:59:43	1997-02-11 09:01:18	2863.0000	544+2	
286	Clic!/leader/ANIBUTON.VBX	TEXT	LMAN	99888	636	0	-1	1997-02-11 16:58:10	1993-04-28 00:00:00	3323.0000	636+10	
287	Clic!/leader/SETUP.EXE	DEXE	LMAN	328544	646	0	-1	1997-02-11 16:58:11	1996-08-19 12:28:20	3373.0000	646+33	
284	Clic!/leader/SS3D2.VBX	TEXT	LMAN	91072	620	0	-1	1997-02-11 16:58:11	1994-02-09 10:09:18	3243.0000	620+9	
285	Clic!/leader/THREED.VBX	TEXT	LMAN	64432	629	0	-1	1997-02-11 16:58:11	1993-07-16 15:28:04	3288.0000	629+7	
283	Clic!/leader/VBRUN300.DLL	DEXE	LMAN	398416	581	0	-1	1997-02-11 16:56:41	1993-05-12 00:00:00	3048.0000	581+39	
291	Clic!/leader/DEMODATA/GYM.DEM	TEXT	LMAN	10440	681	0	-1	1997-02-11 16:58:00	1996-09-13 14:56:30	3548.0000	681+2	
301	Clic!/leader/DEMODATA/LEVEL1.DEM	TEXT	LMAN	5992	697	0	-1	1997-02-11 16:58:00	1996-09-14 21:32:58	3628.0000	697+1	
296	Clic!/leader/DEMODATA/LEVEL2.DEM	TEXT	LMAN	13132	690	0	-1	1997-02-11 16:58:00	1996-09-05 22:53:46	3593.0000	690+2	
299	Clic!/leader/DEMODATA/LEVEL3A.DEM	TEXT	LMAN	13396	694	0	-1	1997-02-11 16:58:00	1996-09-06 23:07:48	3613.0000	694+2	
290	Clic!/leader/DEMODATA/LEVEL3B.DEM	TEXT	LMAN	4748	680	0	-1	1997-02-11 16:58:00	1996-09-02 22:27:36	3543.0000	680+1	
300	Clic!/leader/DEMODATA/LEVEL4.DEM	TEXT	LMAN	1008	696	0	-1	1997-02-11 16:58:00	1996-09-05 00:12:56	3623.0000	696+1	
295	Clic!/leader/DEMODATA/LEVEL5.DEM	TEXT	LMAN	4976	689	0	-1	1997-02-11 16:58:01	1996-09-03 17:45:26	3588.0000	689+1	
292	Clic!/leader/DEMODATA/LEVEL6.DEM	TEXT	LMAN	13296	683	0	-1	1997-02-11 16:58:01	1996-09-10 23:45:22	3558.0000	683+2	
294	Clic!/leader/DEMODATA/LEVEL7A.DEM	TEXT	LMAN	17756	687	0	-1	1997-02-11 16:58:01	1996-09-14 00:29:16	3578.0000	687+2	
298	Clic!/leader/DEMODATA/LEVEL7B.DEM	TEXT	LMAN	1004	693	0	-1	1997-02-11 16:58:01	1996-09-13 15:41:36	3608.0000	693+1	
289	Clic!/leader/DEMODATA/LEVEL8A.DEM	TEXT	LMAN	236	679	0	-1	1997-02-11 16:58:01	1996-09-13 15:41:46	3538.0000	679+1	
293	Clic!/leader/DEMODATA/LEVEL8B.DEM	TEXT	LMAN	17184	685	0	-1	1997-02-11 16:58:01	1996-09-24 02:40:12	3568.0000	685+2	
297	Clic!/leader/DEMODATA/LEVEL8C.DEM	TEXT	LMAN	244	692	0	-1	1997-02-11 16:58:01	1996-09-13 15:42:00	3603.0000	692+1	
311	Clic!/leader/CATALOGO/CATAL.TBK	TEXT	LMAN	3074962	1231	0	-1	1997-02-11 16:58:11	1997-02-10 10:40:18	6298.0000	1231+301	
321	Clic!/leader/CATALOGO/CLASSIC.DBF	F+DB	FOXX	10172	1590	0	-1	1997-02-11 16:58:17	1996-12-05 16:11:08	8093.0000	1590+1	
307	Clic!/leader/CATALOGO/FAMILY.DBF	F+DB	FOXX	14690	784	0	-1	1997-02-11 16:58:17	1997-02-10 09:19:00	4063.0000	784+2	
310	Clic!/leader/CATALOGO/GAMES.DBF	F+DB	FOXX	17762	1229	0	-1	1997-02-11 16:58:17	1997-02-10 09:25:34	6288.0000	1229+2	
309	Clic!/leader/CATALOGO/LCAT.EXE	DEXE	LMAN	4492357	790	0	-1	1997-02-11 16:59:48	1996-08-29 13:10:26	4093.0000	790+439	
327	Clic!/leader/CATALOGO/MTB30BAS.DLL	DEXE	LMAN	844032	1656	0	-1	1997-02-11 16:59:55	1995-02-28 03:01:00	8423.0000	1656+83	
328	Clic!/leader/CATALOGO/MTB30BMP.DLL	DEXE	LMAN	117600	1739	0	-1	1997-02-11 16:59:57	1995-02-28 03:01:00	8838.0000	1739+12	
306	Clic!/leader/CATALOGO/MTB30CMP.DLL	DEXE	LMAN	341008	750	0	-1	1997-02-11 16:59:57	1995-02-28 03:01:00	3893.0000	750+34	
305	Clic!/leader/CATALOGO/MTB30FLT.DLL	DEXE	LMAN	143232	736	0	-1	1997-02-11 16:59:58	1995-02-28 03:01:00	3823.0000	736+14	
304	Clic!/leader/CATALOGO/MTB30LNL.DLL	DEXE	LMAN	188512	717	0	-1	1997-02-11 16:59:58	1995-02-28 03:01:00	3728.0000	717+19	
316	Clic!/leader/CATALOGO/MTB30MM.DLL	DEXE	LMAN	41856	1553	0	-1	1997-02-11 16:59:58	1995-02-28 03:01:00	7908.0000	1553+5	
322	Clic!/leader/CATALOGO/MTB30MM.INI	TEXT	LMAN	4223	1591	0	-1	1997-02-11 16:59:58	1994-07-12 03:00:00	8098.0000	1591+1	
325	Clic!/leader/CATALOGO/MTB30NET.EXE	DEXE	LMAN	8928	1654	0	-1	1997-02-11 16:59:58	1995-02-28 03:01:00	8413.0000	1654+1	
324	Clic!/leader/CATALOGO/MTB30RUN.EXE	DEXE	LMAN	620864	1593	0	-1	1997-02-11 16:59:58	1995-02-28 03:01:00	8108.0000	1593+61	
303	Clic!/leader/CATALOGO/MTB30UTL.DLL	DEXE	LMAN	186848	698	0	-1	1997-02-11 16:59:59	1995-02-28 03:01:00	3633.0000	698+19	
314	Clic!/leader/CATALOGO/PCDLIB.DLL	DEXE	LMAN	83520	1542	0	-1	1997-02-11 17:00:00	1994-07-12 03:00:00	7853.0000	1542+9	
323	Clic!/leader/CATALOGO/PCDXBMP.DLL	DEXE	LMAN	2336	1592	0	-1	1997-02-11 17:00:00	1994-07-12 03:00:00	8103.0000	1592+1	
308	Clic!/leader/CATALOGO/PHOTO.DLL	DEXE	LMAN	35728	786	0	-1	1997-02-11 17:00:00	1994-07-12 03:00:00	4073.0000	786+4	
313	Clic!/leader/CATALOGO/TAPPO.EXE	DEXE	LMAN	8973	1541	0	-1	1997-02-11 17:00:13	1996-08-23 12:43:58	7848.0000	1541+1	
312	Clic!/leader/CATALOGO/TB30DB3.DLL	DEXE	LMAN	92032	1532	0	-1	1997-02-11 17:00:13	1995-02-28 03:01:00	7803.0000	1532+9	
319	Clic!/leader/CATALOGO/TB30DLG.DLL	DEXE	LMAN	81248	1578	0	-1	1997-02-11 17:00:13	1995-02-28 03:01:00	8033.0000	1578+8	
318	Clic!/leader/CATALOGO/TB30DOS.DLL	DEXE	LMAN	18848	1576	0	-1	1997-02-11 17:00:13	1995-02-28 03:01:00	8023.0000	1576+2	
320	Clic!/leader/CATALOGO/TB30WIN.DLL	DEXE	LMAN	39616	1586	0	-1	1997-02-11 17:00:13	1995-02-28 03:01:00	8073.0000	1586+4	
317	Clic!/leader/CATALOGO/TBDC.DLL	DEXE	LMAN	176032	1558	0	-1	1997-02-11 17:00:13	1994-10-21 01:00:00	7933.0000	1558+18	
315	Clic!/leader/CATALOGO/TBKFILE.DLL	DEXE	LMAN	18816	1551	0	-1	1997-02-11 17:00:14	1994-07-12 03:00:00	7898.0000	1551+2	
326	Clic!/leader/CATALOGO/TBLOAD.EXE	DEXE	LMAN	7232	1655	0	-1	1997-02-11 17:00:14	1995-02-28 03:01:00	8418.0000	1655+1	
508	Clic!/leader/CATALOGO/REQUISIT/100315.TXT	TEXT	MSWD	165	1929	0	-1	1997-02-11 17:00:00	1996-11-20 14:50:22	9788.0000	1929+1	
386	Clic!/leader/CATALOGO/REQUISIT/100344.TXT	TEXT	MSWD	194	1807	0	-1	1997-02-11 17:00:00	1996-11-20 14:46:30	9178.0000	1807+1	
384	Clic!/leader/CATALOGO/REQUISIT/100377.TXT	TEXT	MSWD	144	1805	0	-1	1997-02-11 17:00:00	1996-02-20 11:10:56	9168.0000	1805+1	
389	Clic!/leader/CATALOGO/REQUISIT/100380.TXT	TEXT	MSWD	166	1810	0	-1	1997-02-11 17:00:00	1996-04-20 12:10:50	9193.0000	1810+1	
387	Clic!/leader/CATALOGO/REQUISIT/100383.TXT	TEXT	MSWD	48	1808	0	-1	1997-02-11 17:00:00	1996-02-20 11:17:56	9183.0000	1808+1	
382	Clic!/leader/CATALOGO/REQUISIT/100389.TXT	TEXT	MSWD	182	1803	0	-1	1997-02-11 17:00:00	1996-02-20 11:13:54	9158.0000	1803+1	
388	Clic!/leader/CATALOGO/REQUISIT/100392.TXT	TEXT	MSWD	130	1809	0	-1	1997-02-11 17:00:00	1996-04-20 12:27:44	9188.0000	1809+1	
509	Clic!/leader/CATALOGO/REQUISIT/100393.TXT	TEXT	MSWD	217	1930	0	-1	1997-02-11 17:00:00	1996-11-20 14:44:16	9793.0000	1930+1	
450	Clic!/leader/CATALOGO/REQUISIT/100394.TXT	TEXT	MSWD	197	1871	0	-1	1997-02-11 17:00:00	1996-11-20 14:44:50	9498.0000	1871+1	
385	Clic!/leader/CATALOGO/REQUISIT/100395.TXT	TEXT	MSWD	216	1806	0	-1	1997-02-11 17:00:00	1996-11-20 14:44:36	9173.0000	1806+1	
375	Clic!/leader/CATALOGO/REQUISIT/100418.TXT	TEXT	MSWD	436	1796	0	-1	1997-02-11 17:00:00	1996-04-20 11:52:36	9123.0000	1796+1	
383	Clic!/leader/CATALOGO/REQUISIT/100421.TXT	TEXT	MSWD	167	1804	0	-1	1997-02-11 17:00:00	1996-02-20 11:10:02	9163.0000	1804+1	
380	Clic!/leader/CATALOGO/REQUISIT/100433.TXT	TEXT	MSWD	214	1801	0	-1	1997-02-11 17:00:00	1996-02-20 11:03:04	9148.0000	1801+1	
505	Clic!/leader/CATALOGO/REQUISIT/100434.TXT	TEXT	MSWD	397	1926	0	-1	1997-02-11 17:00:00	1996-11-20 14:47:04	9773.0000	1926+1	
506	Clic!/leader/CATALOGO/REQUISIT/100443.TXT	TEXT	MSWD	268	1927	0	-1	1997-02-11 17:00:00	1996-11-20 14:30:22	9778.0000	1927+1	
448	Clic!/leader/CATALOGO/REQUISIT/100444.TXT	TEXT	MSWD	181	1869	0	-1	1997-02-11 17:00:00	1996-11-20 14:45:52	9488.0000	1869+1	
377	Clic!/leader/CATALOGO/REQUISIT/100445.TXT	TEXT	MSWD	161	1798	0	-1	1997-02-11 17:00:00	1996-04-20 12:09:02	9133.0000	1798+1	
379	Clic!/leader/CATALOGO/REQUISIT/100463.TXT	TEXT	MSWD	442	1800	0	-1	1997-02-11 17:00:00	1996-11-20 14:46:06	9143.0000	1800+1	
504	Clic!/leader/CATALOGO/REQUISIT/100464.TXT	TEXT	MSWD	442	1925	0	-1	1997-02-11 17:00:01	1996-11-20 14:45:06	9768.0000	1925+1	
446	Clic!/leader/CATALOGO/REQUISIT/100465.TXT	TEXT	MSWD	443	1867	0	-1	1997-02-11 17:00:01	1996-03-28 18:07:52	9478.0000	1867+1	
376	Clic!/leader/CATALOGO/REQUISIT/100466.TXT	TEXT	MSWD	440	1797	0	-1	1997-02-11 17:00:01	1996-03-28 18:03:32	9128.0000	1797+1	
502	Clic!/leader/CATALOGO/REQUISIT/100467.TXT	TEXT	MSWD	505	1923	0	-1	1997-02-11 17:00:01	1996-11-20 14:39:06	9758.0000	1923+1	
444	Clic!/leader/CATALOGO/REQUISIT/100468.TXT	TEXT	MSWD	505	1865	0	-1	1997-02-11 17:00:01	1996-11-20 14:38:46	9468.0000	1865+1	
371	Clic!/leader/CATALOGO/REQUISIT/100469.TXT	TEXT	MSWD	443	1792	0	-1	1997-02-11 17:00:01	1996-03-28 18:17:26	9103.0000	1792+1	
507	Clic!/leader/CATALOGO/REQUISIT/100470.TXT	TEXT	MSWD	493	1928	0	-1	1997-02-11 17:00:01	1996-03-28 18:12:14	9783.0000	1928+1	
449	Clic!/leader/CATALOGO/REQUISIT/100471.TXT	TEXT	MSWD	493	1870	0	-1	1997-02-11 17:00:01	1996-03-28 18:12:02	9493.0000	1870+1	
381	Clic!/leader/CATALOGO/REQUISIT/100472.TXT	TEXT	MSWD	275	1802	0	-1	1997-02-11 17:00:01	1996-03-28 18:11:46	9153.0000	1802+1	
447	Clic!/leader/CATALOGO/REQUISIT/100474.TXT	TEXT	MSWD	458	1868	0	-1	1997-02-11 17:00:01	1996-03-28 18:11:26	9483.0000	1868+1	
378	Clic!/leader/CATALOGO/REQUISIT/100493.TXT	TEXT	MSWD	440	1799	0	-1	1997-02-11 17:00:01	1996-03-28 18:13:16	9138.0000	1799+1	
503	Clic!/leader/CATALOGO/REQUISIT/100494.TXT	TEXT	MSWD	147	1924	0	-1	1997-02-11 17:00:01	1996-08-01 14:53:08	9763.0000	1924+1	
439	Clic!/leader/CATALOGO/REQUISIT/100506.TXT	TEXT	MSWD	187	1860	0	-1	1997-02-11 17:00:01	1996-03-19 18:54:46	9443.0000	1860+1	
501	Clic!/leader/CATALOGO/REQUISIT/100511.TXT	TEXT	MSWD	150	1922	0	-1	1997-02-11 17:00:01	1996-03-19 18:34:42	9753.0000	1922+1	
442	Clic!/leader/CATALOGO/REQUISIT/100512.TXT	TEXT	MSWD	143	1863	0	-1	1997-02-11 17:00:01	1996-03-19 19:07:46	9458.0000	1863+1	
368	Clic!/leader/CATALOGO/REQUISIT/100513.TXT	TEXT	MSWD	172	1789	0	-1	1997-02-11 17:00:01	1996-03-19 18:58:58	9088.0000	1789+1	
498	Clic!/leader/CATALOGO/REQUISIT/100514.TXT	TEXT	MSWD	304	1919	0	-1	1997-02-11 17:00:01	1996-03-21 11:39:08	9738.0000	1919+1	
493	Clic!/leader/CATALOGO/REQUISIT/100517.TXT	TEXT	MSWD	47	1914	0	-1	1997-02-11 17:00:01	1996-03-18 19:02:36	9713.0000	1914+1	
366	Clic!/leader/CATALOGO/REQUISIT/100525.TXT	TEXT	MSWD	103	1787	0	-1	1997-02-11 17:00:01	1996-08-01 15:06:34	9078.0000	1787+1	
489	Clic!/leader/CATALOGO/REQUISIT/100529.TXT	TEXT	MSWD	84	1910	0	-1	1997-02-11 17:00:01	1996-11-13 18:22:24	9693.0000	1910+1	
445	Clic!/leader/CATALOGO/REQUISIT/100530.TXT	TEXT	MSWD	131	1866	0	-1	1997-02-11 17:00:01	1996-03-19 19:18:54	9473.0000	1866+1	
373	Clic!/leader/CATALOGO/REQUISIT/100531.TXT	TEXT	MSWD	155	1794	0	-1	1997-02-11 17:00:01	1996-11-20 14:43:52	9113.0000	1794+1	
500	Clic!/leader/CATALOGO/REQUISIT/100532.TXT	TEXT	MSWD	155	1921	0	-1	1997-02-11 17:00:01	1996-11-20 14:44:04	9748.0000	1921+1	
441	Clic!/leader/CATALOGO/REQUISIT/100533.TXT	TEXT	MSWD	275	1862	0	-1	1997-02-11 17:00:01	1996-03-21 11:26:54	9453.0000	1862+1	
367	Clic!/leader/CATALOGO/REQUISIT/100534.TXT	TEXT	MSWD	172	1788	0	-1	1997-02-11 17:00:01	1996-11-20 13:00:10	9083.0000	1788+1	
438	Clic!/leader/CATALOGO/REQUISIT/100536.TXT	TEXT	MSWD	124	1859	0	-1	1997-02-11 17:00:01	1996-03-19 18:44:08	9438.0000	1859+1	
364	Clic!/leader/CATALOGO/REQUISIT/100537.TXT	TEXT	MSWD	231	1785	0	-1	1997-02-11 17:00:01	1996-03-19 18:40:56	9068.0000	1785+1	
490	Clic!/leader/CATALOGO/REQUISIT/100538.TXT	TEXT	MSWD	232	1911	0	-1	1997-02-11 17:00:01	1996-07-23 18:37:26	9698.0000	1911+1	
432	Clic!/leader/CATALOGO/REQUISIT/100539.TXT	TEXT	MSWD	110	1853	0	-1	1997-02-11 17:00:01	1996-08-01 15:13:38	9408.0000	1853+1	
374	Clic!/leader/CATALOGO/REQUISIT/100540.TXT	TEXT	MSWD	108	1795	0	-1	1997-02-11 17:00:01	1996-03-18 19:03:36	9118.0000	1795+1	
440	Clic!/leader/CATALOGO/REQUISIT/100554.TXT	TEXT	MSWD	251	1861	0	-1	1997-02-11 17:00:01	1996-11-20 12:58:08	9448.0000	1861+1	
495	Clic!/leader/CATALOGO/REQUISIT/100556.TXT	TEXT	MSWD	218	1916	0	-1	1997-02-11 17:00:01	1996-11-20 14:34:00	9723.0000	1916+1	
359	Clic!/leader/CATALOGO/REQUISIT/100558.TXT	TEXT	MSWD	249	1780	0	-1	1997-02-11 17:00:01	1996-11-20 12:59:58	9043.0000	1780+1	
372	Clic!/leader/CATALOGO/REQUISIT/100561.TXT	TEXT	MSWD	179	1793	0	-1	1997-02-11 17:00:01	1996-08-01 14:43:10	9108.0000	1793+1	
499	Clic!/leader/CATALOGO/REQUISIT/100562.TXT	TEXT	MSWD	271	1920	0	-1	1997-02-11 17:00:01	1996-08-01 14:51:22	9743.0000	1920+1	
497	Clic!/leader/CATALOGO/REQUISIT/100565.TXT	TEXT	MSWD	179	1918	0	-1	1997-02-11 17:00:01	1996-12-05 15:20:04	9733.0000	1918+1	
437	Clic!/leader/CATALOGO/REQUISIT/100566.TXT	TEXT	MSWD	26	1858	0	-1	1997-02-11 17:00:02	1996-08-01 15:07:52	9433.0000	1858+1	
363	Clic!/leader/CATALOGO/REQUISIT/100567.TXT	TEXT	MSWD	89	1784	0	-1	1997-02-11 17:00:02	1996-11-13 18:30:54	9063.0000	1784+1	
443	Clic!/leader/CATALOGO/REQUISIT/100581.TXT	TEXT	MSWD	131	1864	0	-1	1997-02-11 17:00:02	1996-03-19 19:18:54	9463.0000	1864+1	
369	Clic!/leader/CATALOGO/REQUISIT/100582.TXT	TEXT	MSWD	108	1790	0	-1	1997-02-11 17:00:02	1996-03-18 19:03:36	9093.0000	1790+1	
365	Clic!/leader/CATALOGO/REQUISIT/100585.TXT	TEXT	MSWD	119	1786	0	-1	1997-02-11 17:00:02	1996-08-01 15:10:52	9073.0000	1786+1	
494	Clic!/leader/CATALOGO/REQUISIT/100586.TXT	TEXT	MSWD	94	1915	0	-1	1997-02-11 17:00:02	1996-08-01 15:11:12	9718.0000	1915+1	
358	Clic!/leader/CATALOGO/REQUISIT/100588.TXT	TEXT	MSWD	283	1779	0	-1	1997-02-11 17:00:02	1996-08-01 15:07:34	9038.0000	1779+1	
487	Clic!/leader/CATALOGO/REQUISIT/100589.TXT	TEXT	MSWD	141	1908	0	-1	1997-02-11 17:00:02	1996-08-01 15:10:06	9683.0000	1908+1	
370	Clic!/leader/CATALOGO/REQUISIT/100591.TXT	TEXT	MSWD	105	1791	0	-1	1997-02-11 17:00:02	1996-08-01 15:10:30	9098.0000	1791+1	
496	Clic!/leader/CATALOGO/REQUISIT/100595.TXT	TEXT	MSWD	197	1917	0	-1	1997-02-11 17:00:02	1996-08-01 15:08:48	9728.0000	1917+1	
436	Clic!/leader/CATALOGO/REQUISIT/100596.TXT	TEXT	MSWD	197	1857	0	-1	1997-02-11 17:00:02	1996-08-01 15:08:34	9428.0000	1857+1	
362	Clic!/leader/CATALOGO/REQUISIT/100597.TXT	TEXT	MSWD	49	1783	0	-1	1997-02-11 17:00:02	1996-08-01 15:09:08	9058.0000	1783+1	
492	Clic!/leader/CATALOGO/REQUISIT/100600.TXT	TEXT	MSWD	54	1913	0	-1	1997-02-11 17:00:02	1996-11-13 18:38:04	9708.0000	1913+1	
434	Clic!/leader/CATALOGO/REQUISIT/100601.TXT	TEXT	MSWD	128	1855	0	-1	1997-02-11 17:00:02	1996-08-01 15:08:14	9418.0000	1855+1	
356	Clic!/leader/CATALOGO/REQUISIT/100602.TXT	TEXT	MSWD	253	1777	0	-1	1997-02-11 17:00:02	1996-11-20 14:29:02	9028.0000	1777+1	
485	Clic!/leader/CATALOGO/REQUISIT/100603.TXT	TEXT	MSWD	328	1906	0	-1	1997-02-11 17:00:02	1996-11-20 14:30:06	9673.0000	1906+1	
428	Clic!/leader/CATALOGO/REQUISIT/100604.TXT	TEXT	MSWD	230	1849	0	-1	1997-02-11 17:00:02	1996-08-01 14:50:34	9388.0000	1849+1	
352	Clic!/leader/CATALOGO/REQUISIT/100605.TXT	TEXT	MSWD	272	1773	0	-1	1997-02-11 17:00:02	1996-08-01 14:54:18	9008.0000	1773+1	
480	Clic!/leader/CATALOGO/REQUISIT/100606.TXT	TEXT	MSWD	505	1901	0	-1	1997-02-11 17:00:02	1996-11-20 14:39:26	9648.0000	1901+1	
429	Clic!/leader/CATALOGO/REQUISIT/100613.TXT	TEXT	MSWD	84	1850	0	-1	1997-02-11 17:00:02	1996-11-13 18:35:58	9393.0000	1850+1	
353	Clic!/leader/CATALOGO/REQUISIT/100614.TXT	TEXT	MSWD	111	1774	0	-1	1997-02-11 17:00:02	1996-11-13 18:39:22	9013.0000	1774+1	
482	Clic!/leader/CATALOGO/REQUISIT/100615.TXT	TEXT	MSWD	82	1903	0	-1	1997-02-11 17:00:02	1996-07-23 18:40:10	9658.0000	1903+1	
425	Clic!/leader/CATALOGO/REQUISIT/100616.TXT	TEXT	MSWD	95	1846	0	-1	1997-02-11 17:00:02	1996-07-23 18:40:44	9373.0000	1846+1	
350	Clic!/leader/CATALOGO/REQUISIT/100617.TXT	TEXT	MSWD	44	1771	0	-1	1997-02-11 17:00:02	1996-11-13 18:37:16	8998.0000	1771+1	
476	Clic!/leader/CATALOGO/REQUISIT/100618.TXT	TEXT	MSWD	105	1897	0	-1	1997-02-11 17:00:03	1996-11-13 18:37:42	9628.0000	1897+1	
419	Clic!/leader/CATALOGO/REQUISIT/100619.TXT	TEXT	MSWD	86	1840	0	-1	1997-02-11 17:00:03	1996-07-23 18:39:28	9343.0000	1840+1	
361	Clic!/leader/CATALOGO/REQUISIT/100620.TXT	TEXT	MSWD	57	1782	0	-1	1997-02-11 17:00:03	1996-07-23 18:39:50	9053.0000	1782+1	
478	Clic!/leader/CATALOGO/REQUISIT/100627.TXT	TEXT	MSWD	437	1899	0	-1	1997-02-11 17:00:03	1996-11-20 14:33:44	9638.0000	1899+1	
422	Clic!/leader/CATALOGO/REQUISIT/100628.TXT	TEXT	MSWD	453	1843	0	-1	1997-02-11 17:00:03	1996-11-20 14:34:20	9358.0000	1843+1	
346	Clic!/leader/CATALOGO/REQUISIT/100629.TXT	TEXT	MSWD	456	1767	0	-1	1997-02-11 17:00:03	1996-11-20 14:59:08	8978.0000	1767+1	
491	Clic!/leader/CATALOGO/REQUISIT/100630.TXT	TEXT	MSWD	136	1912	0	-1	1997-02-11 17:00:03	1996-08-01 14:46:26	9703.0000	1912+1	
433	Clic!/leader/CATALOGO/REQUISIT/100631.TXT	TEXT	MSWD	176	1854	0	-1	1997-02-11 17:00:03	1996-08-01 14:46:18	9413.0000	1854+1	
355	Clic!/leader/CATALOGO/REQUISIT/100632.TXT	TEXT	MSWD	162	1776	0	-1	1997-02-11 17:00:03	1996-11-20 13:00:22	9023.0000	1776+1	
484	Clic!/leader/CATALOGO/REQUISIT/100633.TXT	TEXT	MSWD	277	1905	0	-1	1997-02-11 17:00:03	1996-11-20 13:00:36	9668.0000	1905+1	
427	Clic!/leader/CATALOGO/REQUISIT/100634.TXT	TEXT	MSWD	314	1848	0	-1	1997-02-11 17:00:03	1996-11-20 14:56:40	9383.0000	1848+1	
351	Clic!/leader/CATALOGO/REQUISIT/100635.TXT	TEXT	MSWD	292	1772	0	-1	1997-02-11 17:00:03	1996-11-20 13:01:00	9003.0000	1772+1	
479	Clic!/leader/CATALOGO/REQUISIT/100636.TXT	TEXT	MSWD	250	1900	0	-1	1997-02-11 17:00:03	1996-08-01 14:46:08	9643.0000	1900+1	
423	Clic!/leader/CATALOGO/REQUISIT/100637.TXT	TEXT	MSWD	250	1844	0	-1	1997-02-11 17:00:03	1996-08-01 14:46:00	9363.0000	1844+1	
348	Clic!/leader/CATALOGO/REQUISIT/100638.TXT	TEXT	MSWD	123	1769	0	-1	1997-02-11 17:00:03	1996-08-01 14:45:52	8988.0000	1769+1	
473	Clic!/leader/CATALOGO/REQUISIT/100639.TXT	TEXT	MSWD	251	1894	0	-1	1997-02-11 17:00:03	1996-11-20 14:31:44	9613.0000	1894+1	
435	Clic!/leader/CATALOGO/REQUISIT/100640.TXT	TEXT	MSWD	236	1856	0	-1	1997-02-11 17:00:03	1996-11-20 14:30:52	9423.0000	1856+1	
357	Clic!/leader/CATALOGO/REQUISIT/100641.TXT	TEXT	MSWD	236	1778	0	-1	1997-02-11 17:00:03	1996-11-20 14:31:14	9033.0000	1778+1	
486	Clic!/leader/CATALOGO/REQUISIT/100642.TXT	TEXT	MSWD	125	1907	0	-1	1997-02-11 17:00:03	1996-11-13 18:36:36	9678.0000	1907+1	
481	Clic!/leader/CATALOGO/REQUISIT/100645.TXT	TEXT	MSWD	82	1902	0	-1	1997-02-11 17:00:03	1996-11-13 18:38:30	9653.0000	1902+1	
424	Clic!/leader/CATALOGO/REQUISIT/100646.TXT	TEXT	MSWD	73	1845	0	-1	1997-02-11 17:00:03	1996-11-13 18:38:46	9368.0000	1845+1	
349	Clic!/leader/CATALOGO/REQUISIT/100647.TXT	TEXT	MSWD	53	1770	0	-1	1997-02-11 17:00:03	1996-11-13 18:37:02	8993.0000	1770+1	
360	Clic!/leader/CATALOGO/REQUISIT/100650.TXT	TEXT	MSWD	223	1781	0	-1	1997-02-11 17:00:03	1996-11-04 13:44:50	9048.0000	1781+1	
488	Clic!/leader/CATALOGO/REQUISIT/100651.TXT	TEXT	MSWD	354	1909	0	-1	1997-02-11 17:00:03	1996-11-13 18:40:16	9688.0000	1909+1	
430	Clic!/leader/CATALOGO/REQUISIT/100652.TXT	TEXT	MSWD	92	1851	0	-1	1997-02-11 17:00:03	1996-11-13 18:22:56	9398.0000	1851+1	
354	Clic!/leader/CATALOGO/REQUISIT/100653.TXT	TEXT	MSWD	59	1775	0	-1	1997-02-11 17:00:03	1996-11-13 18:24:00	9018.0000	1775+1	
483	Clic!/leader/CATALOGO/REQUISIT/100654.TXT	TEXT	MSWD	61	1904	0	-1	1997-02-11 17:00:03	1996-11-13 18:23:26	9663.0000	1904+1	
426	Clic!/leader/CATALOGO/REQUISIT/100655.TXT	TEXT	MSWD	283	1847	0	-1	1997-02-11 17:00:03	1996-12-09 14:49:42	9378.0000	1847+1	
431	Clic!/leader/CATALOGO/REQUISIT/100691.TXT	TEXT	MSWD	84	1852	0	-1	1997-02-11 17:00:03	1996-11-13 18:21:58	9403.0000	1852+1	
341	Clic!/leader/CATALOGO/REQUISIT/100703.TXT	TEXT	MSWD	111	1762	0	-1	1997-02-11 17:00:03	1996-11-13 18:28:10	8953.0000	1762+1	
468	Clic!/leader/CATALOGO/REQUISIT/100704.TXT	TEXT	MSWD	113	1889	0	-1	1997-02-11 17:00:03	1996-11-13 18:27:58	9588.0000	1889+1	
411	Clic!/leader/CATALOGO/REQUISIT/100705.TXT	TEXT	MSWD	147	1832	0	-1	1997-02-11 17:00:03	1996-11-13 18:27:14	9303.0000	1832+1	
335	Clic!/leader/CATALOGO/REQUISIT/100706.TXT	TEXT	MSWD	127	1756	0	-1	1997-02-11 17:00:03	1996-11-13 18:26:52	8923.0000	1756+1	
464	Clic!/leader/CATALOGO/REQUISIT/100707.TXT	TEXT	MSWD	108	1885	0	-1	1997-02-11 17:00:03	1996-11-13 18:25:00	9568.0000	1885+1	
405	Clic!/leader/CATALOGO/REQUISIT/100708.TXT	TEXT	MSWD	165	1826	0	-1	1997-02-11 17:00:03	1996-11-13 18:24:40	9273.0000	1826+1	
331	Clic!/leader/CATALOGO/REQUISIT/100709.TXT	TEXT	MSWD	95	1752	0	-1	1997-02-11 17:00:03	1996-11-13 18:45:30	8903.0000	1752+1	
477	Clic!/leader/CATALOGO/REQUISIT/100710.TXT	TEXT	MSWD	95	1898	0	-1	1997-02-11 17:00:03	1996-07-23 18:40:44	9633.0000	1898+1	
420	Clic!/leader/CATALOGO/REQUISIT/100711.TXT	TEXT	MSWD	285	1841	0	-1	1997-02-11 17:00:04	1996-11-13 18:42:28	9348.0000	1841+1	
344	Clic!/leader/CATALOGO/REQUISIT/100712.TXT	TEXT	MSWD	175	1765	0	-1	1997-02-11 17:00:04	1996-11-13 18:41:28	8968.0000	1765+1	
471	Clic!/leader/CATALOGO/REQUISIT/100713.TXT	TEXT	MSWD	213	1892	0	-1	1997-02-11 17:00:04	1996-11-13 18:41:02	9603.0000	1892+1	
414	Clic!/leader/CATALOGO/REQUISIT/100714.TXT	TEXT	MSWD	30	1835	0	-1	1997-02-11 17:00:04	1996-11-13 18:43:12	9318.0000	1835+1	
338	Clic!/leader/CATALOGO/REQUISIT/100715.TXT	TEXT	MSWD	109	1759	0	-1	1997-02-11 17:00:04	1996-11-04 13:38:52	8938.0000	1759+1	
466	Clic!/leader/CATALOGO/REQUISIT/100716.TXT	TEXT	MSWD	109	1887	0	-1	1997-02-11 17:00:04	1996-11-04 13:38:18	9578.0000	1887+1	
407	Clic!/leader/CATALOGO/REQUISIT/100717.TXT	TEXT	MSWD	174	1828	0	-1	1997-02-11 17:00:04	1996-11-04 13:39:24	9283.0000	1828+1	
462	Clic!/leader/CATALOGO/REQUISIT/100728.TXT	TEXT	MSWD	269	1883	0	-1	1997-02-11 17:00:04	1996-11-13 18:42:54	9558.0000	1883+1	
403	Clic!/leader/CATALOGO/REQUISIT/100729.TXT	TEXT	MSWD	83	1824	0	-1	1997-02-11 17:00:05	1996-11-13 18:21:22	9263.0000	1824+1	
417	Clic!/leader/CATALOGO/REQUISIT/100732.TXT	TEXT	MSWD	183	1838	0	-1	1997-02-11 17:00:05	1996-11-04 13:40:42	9333.0000	1838+1	
467	Clic!/leader/CATALOGO/REQUISIT/100734.TXT	TEXT	MSWD	253	1888	0	-1	1997-02-11 17:00:05	1996-11-04 13:41:12	9583.0000	1888+1	
410	Clic!/leader/CATALOGO/REQUISIT/100735.TXT	TEXT	MSWD	295	1831	0	-1	1997-02-11 17:00:05	1996-11-04 13:42:48	9298.0000	1831+1	
334	Clic!/leader/CATALOGO/REQUISIT/100736.TXT	TEXT	MSWD	253	1755	0	-1	1997-02-11 17:00:05	1996-11-04 13:41:42	8918.0000	1755+1	
463	Clic!/leader/CATALOGO/REQUISIT/100737.TXT	TEXT	MSWD	145	1884	0	-1	1997-02-11 17:00:05	1996-11-04 13:43:18	9563.0000	1884+1	
404	Clic!/leader/CATALOGO/REQUISIT/100738.TXT	TEXT	MSWD	252	1825	0	-1	1997-02-11 17:00:05	1996-11-04 13:40:00	9268.0000	1825+1	
330	Clic!/leader/CATALOGO/REQUISIT/100739.TXT	TEXT	MSWD	97	1751	0	-1	1997-02-11 17:00:05	1996-11-13 18:32:58	8898.0000	1751+1	
475	Clic!/leader/CATALOGO/REQUISIT/100740.TXT	TEXT	MSWD	158	1896	0	-1	1997-02-11 17:00:05	1996-11-20 14:35:36	9623.0000	1896+1	
418	Clic!/leader/CATALOGO/REQUISIT/100741.TXT	TEXT	MSWD	87	1839	0	-1	1997-02-11 17:00:05	1996-11-13 18:32:02	9338.0000	1839+1	
343	Clic!/leader/CATALOGO/REQUISIT/100742.TXT	TEXT	MSWD	166	1764	0	-1	1997-02-11 17:00:05	1996-11-13 18:28:46	8963.0000	1764+1	
470	Clic!/leader/CATALOGO/REQUISIT/100743.TXT	TEXT	MSWD	187	1891	0	-1	1997-02-11 17:00:05	1996-11-13 18:45:50	9598.0000	1891+1	
413	Clic!/leader/CATALOGO/REQUISIT/100744.TXT	TEXT	MSWD	89	1834	0	-1	1997-02-11 17:00:05	1996-11-13 18:31:10	9313.0000	1834+1	
337	Clic!/leader/CATALOGO/REQUISIT/100745.TXT	TEXT	MSWD	83	1758	0	-1	1997-02-11 17:00:05	1996-11-13 18:29:20	8933.0000	1758+1	
332	Clic!/leader/CATALOGO/REQUISIT/100748.TXT	TEXT	MSWD	114	1753	0	-1	1997-02-11 17:00:05	1996-12-05 15:13:12	8908.0000	1753+1	
460	Clic!/leader/CATALOGO/REQUISIT/100749.TXT	TEXT	MSWD	192	1881	0	-1	1997-02-11 17:00:05	1996-11-13 18:46:36	9548.0000	1881+1	
421	Clic!/leader/CATALOGO/REQUISIT/100750.TXT	TEXT	MSWD	95	1842	0	-1	1997-02-11 17:00:05	1996-11-13 18:33:22	9353.0000	1842+1	
345	Clic!/leader/CATALOGO/REQUISIT/100751.TXT	TEXT	MSWD	79	1766	0	-1	1997-02-11 17:00:05	1996-11-13 18:32:30	8973.0000	1766+1	
339	Clic!/leader/CATALOGO/REQUISIT/100754.TXT	TEXT	MSWD	49	1760	0	-1	1997-02-11 17:00:05	1996-11-13 18:34:30	8943.0000	1760+1	
408	Clic!/leader/CATALOGO/REQUISIT/100756.TXT	TEXT	MSWD	83	1829	0	-1	1997-02-11 17:00:05	1996-11-13 18:29:46	9288.0000	1829+1	
333	Clic!/leader/CATALOGO/REQUISIT/100757.TXT	TEXT	MSWD	74	1754	0	-1	1997-02-11 17:00:05	1996-11-04 13:45:50	8913.0000	1754+1	
461	Clic!/leader/CATALOGO/REQUISIT/100758.TXT	TEXT	MSWD	146	1882	0	-1	1997-02-11 17:00:05	1996-11-04 13:46:44	9553.0000	1882+1	
402	Clic!/leader/CATALOGO/REQUISIT/100759.TXT	TEXT	MSWD	146	1823	0	-1	1997-02-11 17:00:05	1996-11-04 13:49:50	9258.0000	1823+1	
347	Clic!/leader/CATALOGO/REQUISIT/100760.TXT	TEXT	MSWD	146	1768	0	-1	1997-02-11 17:00:05	1996-11-04 13:48:44	8983.0000	1768+1	
472	Clic!/leader/CATALOGO/REQUISIT/100761.TXT	TEXT	MSWD	146	1893	0	-1	1997-02-11 17:00:05	1996-11-04 13:49:08	9608.0000	1893+1	
416	Clic!/leader/CATALOGO/REQUISIT/100762.TXT	TEXT	MSWD	146	1837	0	-1	1997-02-11 17:00:05	1996-11-04 13:47:32	9328.0000	1837+1	
340	Clic!/leader/CATALOGO/REQUISIT/100763.TXT	TEXT	MSWD	146	1761	0	-1	1997-02-11 17:00:05	1996-11-04 13:49:28	8948.0000	1761+1	
409	Clic!/leader/CATALOGO/REQUISIT/100765.TXT	TEXT	MSWD	367	1830	0	-1	1997-02-11 17:00:05	1996-12-05 16:49:14	9293.0000	1830+1	
474	Clic!/leader/CATALOGO/REQUISIT/100770.TXT	TEXT	MSWD	143	1895	0	-1	1997-02-11 17:00:05	1996-11-04 13:47:06	9618.0000	1895+1	
342	Clic!/leader/CATALOGO/REQUISIT/100772.TXT	TEXT	MSWD	148	1763	0	-1	1997-02-11 17:00:05	1996-11-04 13:48:16	8958.0000	1763+1	
469	Clic!/leader/CATALOGO/REQUISIT/100773.TXT	TEXT	MSWD	148	1890	0	-1	1997-02-11 17:00:05	1996-11-04 13:47:54	9593.0000	1890+1	
412	Clic!/leader/CATALOGO/REQUISIT/100774.TXT	TEXT	MSWD	100	1833	0	-1	1997-02-11 17:00:05	1996-11-13 18:31:38	9308.0000	1833+1	
336	Clic!/leader/CATALOGO/REQUISIT/100775.TXT	TEXT	MSWD	223	1757	0	-1	1997-02-11 17:00:05	1996-11-13 18:44:48	8928.0000	1757+1	
465	Clic!/leader/CATALOGO/REQUISIT/100776.TXT	TEXT	MSWD	264	1886	0	-1	1997-02-11 17:00:05	1996-12-05 16:56:02	9573.0000	1886+1	
406	Clic!/leader/CATALOGO/REQUISIT/100777.TXT	TEXT	MSWD	109	1827	0	-1	1997-02-11 17:00:06	1996-12-05 15:12:40	9278.0000	1827+1	
415	Clic!/leader/CATALOGO/REQUISIT/100783.TXT	TEXT	MSWD	132	1836	0	-1	1997-02-11 17:00:06	1996-11-13 18:34:52	9323.0000	1836+1	
512	Clic!/leader/CATALOGO/REQUISIT/400009.TXT	TEXT	MSWD	258	1933	0	-1	1997-02-11 17:00:06	1996-03-20 11:35:10	9808.0000	1933+1	
518	Clic!/leader/CATALOGO/REQUISIT/400030.TXT	TEXT	MSWD	231	1939	0	-1	1997-02-11 17:00:06	1996-03-20 11:15:12	9838.0000	1939+1	
399	Clic!/leader/CATALOGO/REQUISIT/400032.TXT	TEXT	MSWD	155	1820	0	-1	1997-02-11 17:00:06	1996-03-20 11:29:12	9243.0000	1820+1	
516	Clic!/leader/CATALOGO/REQUISIT/400033.TXT	TEXT	MSWD	148	1937	0	-1	1997-02-11 17:00:06	1996-03-20 11:27:52	9828.0000	1937+1	
458	Clic!/leader/CATALOGO/REQUISIT/400034.TXT	TEXT	MSWD	148	1879	0	-1	1997-02-11 17:00:06	1996-03-20 11:26:24	9538.0000	1879+1	
396	Clic!/leader/CATALOGO/REQUISIT/400035.TXT	TEXT	MSWD	180	1817	0	-1	1997-02-11 17:00:06	1996-03-20 11:06:04	9228.0000	1817+1	
459	Clic!/leader/CATALOGO/REQUISIT/400040.TXT	TEXT	MSWD	197	1880	0	-1	1997-02-11 17:00:06	1996-03-20 11:04:50	9543.0000	1880+1	
400	Clic!/leader/CATALOGO/REQUISIT/400041.TXT	TEXT	MSWD	149	1821	0	-1	1997-02-11 17:00:06	1996-11-20 15:02:10	9248.0000	1821+1	
517	Clic!/leader/CATALOGO/REQUISIT/400042.TXT	TEXT	MSWD	168	1938	0	-1	1997-02-11 17:00:06	1996-03-20 11:05:32	9833.0000	1938+1	
401	Clic!/leader/CATALOGO/REQUISIT/400050.TXT	TEXT	MSWD	681	1822	0	-1	1997-02-11 17:00:06	1996-11-20 15:01:02	9253.0000	1822+1	
515	Clic!/leader/CATALOGO/REQUISIT/400054.TXT	TEXT	MSWD	172	1936	0	-1	1997-02-11 17:00:06	1996-03-20 11:51:04	9823.0000	1936+1	
398	Clic!/leader/CATALOGO/REQUISIT/400062.TXT	TEXT	MSWD	185	1819	0	-1	1997-02-11 17:00:06	1996-03-20 11:16:42	9238.0000	1819+1	
514	Clic!/leader/CATALOGO/REQUISIT/400066.TXT	TEXT	MSWD	160	1935	0	-1	1997-02-11 17:00:06	1996-03-20 11:48:34	9818.0000	1935+1	
457	Clic!/leader/CATALOGO/REQUISIT/400067.TXT	TEXT	MSWD	150	1878	0	-1	1997-02-11 17:00:06	1996-03-20 11:18:14	9533.0000	1878+1	
394	Clic!/leader/CATALOGO/REQUISIT/400068.TXT	TEXT	MSWD	223	1815	0	-1	1997-02-11 17:00:06	1996-03-20 11:42:06	9218.0000	1815+1	
397	Clic!/leader/CATALOGO/REQUISIT/400083.TXT	TEXT	MSWD	189	1818	0	-1	1997-02-11 17:00:06	1996-03-19 18:53:02	9233.0000	1818+1	
395	Clic!/leader/CATALOGO/REQUISIT/400095.TXT	TEXT	MSWD	32	1816	0	-1	1997-02-11 17:00:06	1996-02-20 11:12:04	9223.0000	1816+1	
513	Clic!/leader/CATALOGO/REQUISIT/400096.TXT	TEXT	MSWD	174	1934	0	-1	1997-02-11 17:00:06	1996-02-20 11:07:38	9813.0000	1934+1	
456	Clic!/leader/CATALOGO/REQUISIT/400097.TXT	TEXT	MSWD	77	1877	0	-1	1997-02-11 17:00:06	1996-02-20 11:02:30	9528.0000	1877+1	
390	Clic!/leader/CATALOGO/REQUISIT/400109.TXT	TEXT	MSWD	175	1811	0	-1	1997-02-11 17:00:06	1996-04-20 12:15:52	9198.0000	1811+1	
454	Clic!/leader/CATALOGO/REQUISIT/400111.TXT	TEXT	MSWD	353	1875	0	-1	1997-02-11 17:00:06	1996-02-20 10:55:56	9518.0000	1875+1	
510	Clic!/leader/CATALOGO/REQUISIT/400113.TXT	TEXT	MSWD	65	1931	0	-1	1997-02-11 17:00:06	1996-02-20 11:04:52	9798.0000	1931+1	
453	Clic!/leader/CATALOGO/REQUISIT/400114.TXT	TEXT	MSWD	183	1874	0	-1	1997-02-11 17:00:07	1996-02-20 11:05:16	9513.0000	1874+1	
392	Clic!/leader/CATALOGO/REQUISIT/400115.TXT	TEXT	MSWD	162	1813	0	-1	1997-02-11 17:00:07	1996-04-20 12:08:10	9208.0000	1813+1	
452	Clic!/leader/CATALOGO/REQUISIT/400117.TXT	TEXT	MSWD	80	1873	0	-1	1997-02-11 17:00:07	1996-02-20 11:08:38	9508.0000	1873+1	
391	Clic!/leader/CATALOGO/REQUISIT/400118.TXT	TEXT	MSWD	165	1812	0	-1	1997-02-11 17:00:07	1996-02-20 12:11:26	9203.0000	1812+1	
455	Clic!/leader/CATALOGO/REQUISIT/400120.TXT	TEXT	MSWD	179	1876	0	-1	1997-02-11 17:00:07	1996-02-20 11:17:12	9523.0000	1876+1	
393	Clic!/leader/CATALOGO/REQUISIT/400121.TXT	TEXT	MSWD	131	1814	0	-1	1997-02-11 17:00:07	1996-11-20 15:00:20	9213.0000	1814+1	
511	Clic!/leader/CATALOGO/REQUISIT/400122.TXT	TEXT	MSWD	148	1932	0	-1	1997-02-11 17:00:07	1996-02-20 12:20:40	9803.0000	1932+1	
451	Clic!/leader/CATALOGO/REQUISIT/400147.TXT	TEXT	MSWD	47	1872	0	-1	1997-02-11 17:00:07	1996-03-18 19:02:36	9503.0000	1872+1	
522	Clic!/leader/CATALOGO/SYSTEM/CTL3D.DLL	DEXE	LMAN	20976	1980	0	-1	1997-02-11 17:00:09	1993-08-17 20:36:08	10043.0000	1980+3	
529	Clic!/leader/CATALOGO/SYSTEM/CTL3DV2.DLL	DEXE	LMAN	25808	2039	0	-1	1997-02-11 17:00:09	1995-01-24 15:54:52	10338.0000	2039+3	
524	Clic!/leader/CATALOGO/SYSTEM/ODBC.DLL	DEXE	LMAN	56368	1995	0	-1	1997-02-11 17:00:09	1994-03-10 00:00:00	10118.0000	1995+6	
526	Clic!/leader/CATALOGO/SYSTEM/ODBCINST.DLL	DEXE	LMAN	87696	2003	0	-1	1997-02-11 17:00:10	1994-03-10 00:00:00	10158.0000	2003+9	
525	Clic!/leader/CATALOGO/SYSTEM/ODBCINST.HLP	TEXT	LMAN	18434	2001	0	-1	1997-02-11 17:00:10	1994-03-10 00:00:00	10148.0000	2001+2	
533	Clic!/leader/CATALOGO/SYSTEM/QEASYMTX.LIC	TEXT	LMAN	440	2079	0	-1	1997-02-11 17:00:10	1994-04-11 13:19:40	10538.0000	2079+1	
523	Clic!/leader/CATALOGO/SYSTEM/TBBAS04.DLL	DEXE	LMAN	120544	1983	0	-1	1997-02-11 17:00:10	1994-06-01 00:08:00	10058.0000	1983+12	
531	Clic!/leader/CATALOGO/SYSTEM/TBDBF04.DLL	DEXE	LMAN	179136	2043	0	-1	1997-02-11 17:00:10	1994-06-01 00:08:02	10358.0000	2043+18	
532	Clic!/leader/CATALOGO/SYSTEM/TBDC.DLL	DEXE	LMAN	176032	2061	0	-1	1997-02-11 17:00:10	1994-10-21 01:00:00	10448.0000	2061+18	
535	Clic!/leader/CATALOGO/SYSTEM/TBFLT04.DLL	DEXE	LMAN	170224	2089	0	-1	1997-02-11 17:00:11	1994-06-01 00:08:00	10588.0000	2089+17	
527	Clic!/leader/CATALOGO/SYSTEM/TBGUI03.DLL	DEXE	LMAN	14512	2012	0	-1	1997-02-11 17:00:11	1994-01-25 10:12:32	10203.0000	2012+2	
537	Clic!/leader/CATALOGO/SYSTEM/TBLIB.DLL	DEXE	LMAN	145696	2107	0	-1	1997-02-11 17:00:11	1994-05-17 14:13:38	10678.0000	2107+15	
530	Clic!/leader/CATALOGO/SYSTEM/TBMDS03.DLL	DEXE	LMAN	5488	2042	0	-1	1997-02-11 17:00:11	1994-02-18 16:17:06	10353.0000	2042+1	
536	Clic!/leader/CATALOGO/SYSTEM/TBMDS04.DLL	DEXE	LMAN	5872	2106	0	-1	1997-02-11 17:00:11	1994-05-24 17:18:40	10673.0000	2106+1	
528	Clic!/leader/CATALOGO/SYSTEM/TBQRY03.DLL	DEXE	LMAN	246368	2014	0	-1	1997-02-11 17:00:12	1994-03-16 12:04:26	10213.0000	2014+25	
521	Clic!/leader/CATALOGO/SYSTEM/TBSQL03.DLL	DEXE	LMAN	293712	1951	0	-1	1997-02-11 17:00:12	1994-06-01 13:46:24	9898.0000	1951+29	
534	Clic!/leader/CATALOGO/SYSTEM/TBUTL03.DLL	DEXE	LMAN	90688	2080	0	-1	1997-02-11 17:00:12	1994-03-15 19:21:50	10543.0000	2080+9	
520	Clic!/leader/CATALOGO/SYSTEM/TBUTL04.DLL	DEXE	LMAN	107648	1940	0	-1	1997-02-11 17:00:12	1994-06-01 18:03:10	9843.0000	1940+11	
539	Clic!/leader/CATALOGO/TRYOUT/3DBODY.MOV	TEXT	LMAN	18071236	2122	0	-1	1997-02-11 17:00:14	1996-09-30 09:02:17	10753.0000	2122+1765	
553	Clic!/leader/CATALOGO/TRYOUT/AVIATION.MOV	TEXT	LMAN	5949691	18221	0	-1	1997-02-11 17:00:44	1996-05-03 02:18:57	91248.0000	18221+582	
564	Clic!/leader/CATALOGO/TRYOUT/BABAYAGA.MOV	TEXT	LMAN	7025367	29516	0	-1	1997-02-11 17:00:54	1996-05-14 09:39:32	147723.0000	29516+687	
541	Clic!/leader/CATALOGO/TRYOUT/BOES.MOV	TEXT	LMAN	11458547	5054	0	-1	1997-02-11 17:01:06	1996-10-01 09:13:57	25413.0000	5054+1119	
558	Clic!/leader/CATALOGO/TRYOUT/CASPER.MOV	TEXT	LMAN	18951254	24032	0	-1	1997-02-11 17:01:26	1996-09-29 21:10:09	120303.0000	24032+1851	
549	Clic!/leader/CATALOGO/TRYOUT/CEZANNE.MOV	TEXT	LMAN	4857814	13660	0	-1	1997-02-11 17:01:57	1996-05-03 13:57:37	68443.0000	13660+475	
548	Clic!/leader/CATALOGO/TRYOUT/DESCENT.MOV	TEXT	LMAN	6012328	13072	0	-1	1997-02-11 17:02:05	1996-02-17 23:56:12	65503.0000	13072+588	
557	Clic!/leader/CATALOGO/TRYOUT/EF2000.AVI	TEXT	LMAN	20783962	22002	0	-1	1997-02-11 17:02:15	1995-08-16 17:46:40	110153.0000	22002+2030	
551	Clic!/leader/CATALOGO/TRYOUT/EVOC.MOV	TEXT	LMAN	8175415	15178	0	-1	1997-02-11 17:02:49	1995-10-11 10:42:17	76033.0000	15178+799	
561	Clic!/leader/CATALOGO/TRYOUT/FREDDA.MOV	TEXT	LMAN	12975649	27374	0	-1	1997-02-11 17:03:03	1995-10-11 11:35:23	137013.0000	27374+1268	
546	Clic!/leader/CATALOGO/TRYOUT/GK2A.AVI	TEXT	LMAN	13720508	10266	0	-1	1997-02-11 17:03:25	1995-07-18 14:46:24	51473.0000	10266+1340	
554	Clic!/leader/CATALOGO/TRYOUT/GPRIX2.MOV	TEXT	LMAN	12569402	18803	0	-1	1997-02-11 17:03:48	1996-09-22 11:02:23	94158.0000	18803+1228	
559	Clic!/leader/CATALOGO/TRYOUT/GULL.MOV	TEXT	LMAN	10573725	25883	0	-1	1997-02-11 17:04:09	1995-10-11 11:40:40	129558.0000	25883+1033	
560	Clic!/leader/CATALOGO/TRYOUT/JUVE.MOV	TEXT	LMAN	4685641	26916	0	-1	1997-02-11 17:04:27	1995-11-16 00:02:50	134723.0000	26916+458	
542	Clic!/leader/CATALOGO/TRYOUT/LOUVRE.MOV	TEXT	LMAN	6018530	6173	0	-1	1997-02-11 17:04:35	1996-05-03 13:59:07	31008.0000	6173+588	
550	Clic!/leader/CATALOGO/TRYOUT/LULU.MOV	TEXT	LMAN	10680025	14135	0	-1	1997-02-11 17:04:45	1995-10-11 15:11:21	70818.0000	14135+1043	
545	Clic!/leader/CATALOGO/TRYOUT/MDA.MOV	TEXT	LMAN	15702353	8732	0	-1	1997-02-11 17:05:03	1995-10-11 15:28:04	43803.0000	8732+1534	
562	Clic!/leader/CATALOGO/TRYOUT/MILAN.MOV	TEXT	LMAN	5113381	28642	0	-1	1997-02-11 17:05:29	1994-12-24 11:13:30	143353.0000	28642+500	
544	Clic!/leader/CATALOGO/TRYOUT/MK3.MOV	TEXT	LMAN	7026602	8045	0	-1	1997-02-11 17:05:37	1996-02-17 23:57:56	40368.0000	8045+687	
540	Clic!/leader/CATALOGO/TRYOUT/OSCAR.MOV	TEXT	LMAN	11943109	3887	0	-1	1997-02-11 17:05:49	1995-10-14 09:19:27	19578.0000	3887+1167	
543	Clic!/leader/CATALOGO/TRYOUT/PAWS.MOV	TEXT	LMAN	13147311	6761	0	-1	1997-02-11 17:06:09	1995-10-01 12:09:10	33948.0000	6761+1284	
555	Clic!/leader/CATALOGO/TRYOUT/PHANTA.MOV	TEXT	LMAN	7015673	20031	0	-1	1997-02-11 17:06:31	1996-02-18 00:00:22	100298.0000	20031+686	
563	Clic!/leader/CATALOGO/TRYOUT/PINBALL.MOV	TEXT	LMAN	3819747	29142	0	-1	1997-02-11 17:06:43	1996-04-19 17:52:02	145853.0000	29142+374	
552	Clic!/leader/CATALOGO/TRYOUT/PRIMA.MOV	TEXT	LMAN	22974970	15977	0	-1	1997-02-11 17:06:50	1996-09-29 20:32:43	80028.0000	15977+2244	
556	Clic!/leader/CATALOGO/TRYOUT/SIM.MOV	TEXT	LMAN	13153042	20717	0	-1	1997-02-11 17:07:28	1996-09-30 10:04:31	103728.0000	20717+1285	
547	Clic!/leader/CATALOGO/TRYOUT/TOPGUN.AVI	TEXT	LMAN	15002312	11606	0	-1	1997-02-11 17:07:50	1995-12-07 17:54:24	58173.0000	11606+1466	
713	Clic!/leader/CATALOGO/IMAGES/1003.TIF	TIFF	ALD4	19036	30631	0	-1	1997-02-11 16:58:17	1996-11-04 18:31:26	153298.0000	30631+2	
765	Clic!/leader/CATALOGO/IMAGES/100315.TIF	TIFF	ALD4	22344	30804	0	-1	1997-02-11 16:58:17	1996-03-21 11:17:14	154163.0000	30804+3	
627	Clic!/leader/CATALOGO/IMAGES/100344.TIF	TIFF	ALD4	35082	30393	0	-1	1997-02-11 16:58:17	1996-03-21 11:11:42	152108.0000	30393+4	
625	Clic!/leader/CATALOGO/IMAGES/100377.TIF	TIFF	ALD4	23224	30388	0	-1	1997-02-11 16:58:17	1995-11-21 16:08:28	152083.0000	30388+3	
630	Clic!/leader/CATALOGO/IMAGES/100380.TIF	TIFF	ALD4	20188	30403	0	-1	1997-02-11 16:58:17	1996-03-21 11:12:02	152158.0000	30403+2	
628	Clic!/leader/CATALOGO/IMAGES/100383.TIF	TIFF	ALD4	24462	30397	0	-1	1997-02-11 16:58:17	1995-11-21 15:31:34	152128.0000	30397+3	
623	Clic!/leader/CATALOGO/IMAGES/100389.TIF	TIFF	ALD4	25126	30382	0	-1	1997-02-11 16:58:17	1996-03-26 16:08:50	152053.0000	30382+3	
629	Clic!/leader/CATALOGO/IMAGES/100392.TIF	TIFF	ALD4	29192	30400	0	-1	1997-02-11 16:58:17	1996-03-21 11:20:36	152143.0000	30400+3	
766	Clic!/leader/CATALOGO/IMAGES/100393.TIF	TIFF	ALD4	22364	30807	0	-1	1997-02-11 16:58:17	1995-11-21 15:47:32	154178.0000	30807+3	
699	Clic!/leader/CATALOGO/IMAGES/100394.TIF	TIFF	ALD4	21902	30592	0	-1	1997-02-11 16:58:17	1995-11-21 15:54:02	153103.0000	30592+3	
626	Clic!/leader/CATALOGO/IMAGES/100395.TIF	TIFF	ALD4	18802	30391	0	-1	1997-02-11 16:58:17	1995-11-21 15:58:54	152098.0000	30391+2	
616	Clic!/leader/CATALOGO/IMAGES/100418.TIF	TIFF	ALD4	23452	30362	0	-1	1997-02-11 16:58:17	1996-03-27 12:59:04	151953.0000	30362+3	
624	Clic!/leader/CATALOGO/IMAGES/100421.TIF	TIFF	ALD4	20642	30385	0	-1	1997-02-11 16:58:17	1995-11-17 19:57:48	152068.0000	30385+3	
621	Clic!/leader/CATALOGO/IMAGES/100433.TIF	TIFF	ALD4	19338	30377	0	-1	1997-02-11 16:58:17	1995-11-17 20:45:36	152028.0000	30377+2	
762	Clic!/leader/CATALOGO/IMAGES/100434.TIF	TIFF	ALD4	28158	30795	0	-1	1997-02-11 16:58:18	1996-03-26 15:12:24	154118.0000	30795+3	
763	Clic!/leader/CATALOGO/IMAGES/100443.TIF	TIFF	ALD4	22712	30798	0	-1	1997-02-11 16:58:18	1996-03-21 11:20:02	154133.0000	30798+3	
697	Clic!/leader/CATALOGO/IMAGES/100444.TIF	TIFF	ALD4	25128	30586	0	-1	1997-02-11 16:58:18	1996-03-21 11:09:24	153073.0000	30586+3	
618	Clic!/leader/CATALOGO/IMAGES/100445.TIF	TIFF	ALD4	23738	30368	0	-1	1997-02-11 16:58:18	1996-03-21 11:15:06	151983.0000	30368+3	
620	Clic!/leader/CATALOGO/IMAGES/100463.TIF	TIFF	ALD4	22574	30374	0	-1	1997-02-11 16:58:18	1996-03-21 18:00:56	152013.0000	30374+3	
761	Clic!/leader/CATALOGO/IMAGES/100464.TIF	TIFF	ALD4	23244	30792	0	-1	1997-02-11 16:58:18	1996-03-21 19:55:50	154103.0000	30792+3	
695	Clic!/leader/CATALOGO/IMAGES/100465.TIF	TIFF	ALD4	23256	30580	0	-1	1997-02-11 16:58:18	1996-08-01 10:04:14	153043.0000	30580+3	
617	Clic!/leader/CATALOGO/IMAGES/100466.TIF	TIFF	ALD4	26370	30365	0	-1	1997-02-11 16:58:18	1996-03-21 17:35:38	151968.0000	30365+3	
759	Clic!/leader/CATALOGO/IMAGES/100467.TIF	TIFF	ALD4	31680	30785	0	-1	1997-02-11 16:58:18	1996-03-25 17:55:36	154068.0000	30785+4	
693	Clic!/leader/CATALOGO/IMAGES/100468.TIF	TIFF	ALD4	31414	30573	0	-1	1997-02-11 16:58:18	1996-03-25 17:57:42	153008.0000	30573+4	
612	Clic!/leader/CATALOGO/IMAGES/100469.TIF	TIFF	ALD4	28460	30351	0	-1	1997-02-11 16:58:18	1996-03-22 11:33:28	151898.0000	30351+3	
764	Clic!/leader/CATALOGO/IMAGES/100470.TIF	TIFF	ALD4	27986	30801	0	-1	1997-02-11 16:58:18	1996-03-27 12:58:56	154148.0000	30801+3	
698	Clic!/leader/CATALOGO/IMAGES/100471.TIF	TIFF	ALD4	27986	30589	0	-1	1997-02-11 16:58:18	1996-03-27 12:59:14	153088.0000	30589+3	
622	Clic!/leader/CATALOGO/IMAGES/100472.TIF	TIFF	ALD4	27626	30379	0	-1	1997-02-11 16:58:18	1996-03-20 18:04:58	152038.0000	30379+3	
696	Clic!/leader/CATALOGO/IMAGES/100474.TIF	TIFF	ALD4	28434	30583	0	-1	1997-02-11 16:58:18	1996-03-27 12:59:24	153058.0000	30583+3	
619	Clic!/leader/CATALOGO/IMAGES/100493.TIF	TIFF	ALD4	27594	30371	0	-1	1997-02-11 16:58:18	1996-11-04 20:52:34	151998.0000	30371+3	
760	Clic!/leader/CATALOGO/IMAGES/100494.TIF	TIFF	ALD4	25072	30789	0	-1	1997-02-11 16:58:18	1994-10-03 16:10:04	154088.0000	30789+3	
773	Clic!/leader/CATALOGO/IMAGES/1005.TIF	TIFF	ALD4	26660	30827	0	-1	1997-02-11 16:58:18	1996-11-04 18:30:16	154278.0000	30827+3	
688	Clic!/leader/CATALOGO/IMAGES/100506.TIF	TIFF	ALD4	27574	30559	0	-1	1997-02-11 16:58:18	1996-03-20 18:15:42	152938.0000	30559+3	
758	Clic!/leader/CATALOGO/IMAGES/100511.TIF	TIFF	ALD4	21978	30782	0	-1	1997-02-11 16:58:18	1996-08-01 10:07:48	154053.0000	30782+3	
691	Clic!/leader/CATALOGO/IMAGES/100512.TIF	TIFF	ALD4	19206	30568	0	-1	1997-02-11 16:58:18	1996-03-20 18:05:46	152983.0000	30568+2	
609	Clic!/leader/CATALOGO/IMAGES/100513.TIF	TIFF	ALD4	11536	30344	0	-1	1997-02-11 16:58:18	1996-03-20 18:13:34	151863.0000	30344+2	
755	Clic!/leader/CATALOGO/IMAGES/100514.TIF	TIFF	ALD4	29230	30773	0	-1	1997-02-11 16:58:18	1996-03-21 11:06:10	154008.0000	30773+3	
750	Clic!/leader/CATALOGO/IMAGES/100517.TIF	TIFF	ALD4	20496	30761	0	-1	1997-02-11 16:58:18	1994-03-25 16:26:20	153948.0000	30761+3	
607	Clic!/leader/CATALOGO/IMAGES/100525.TIF	TIFF	ALD4	24352	30339	0	-1	1997-02-11 16:58:19	1996-08-01 18:33:00	151838.0000	30339+3	
746	Clic!/leader/CATALOGO/IMAGES/100529.TIF	TIFF	ALD4	23778	30751	0	-1	1997-02-11 16:58:19	1996-07-31 17:46:52	153898.0000	30751+3	
694	Clic!/leader/CATALOGO/IMAGES/100530.TIF	TIFF	ALD4	20902	30577	0	-1	1997-02-11 16:58:19	1996-03-26 16:10:32	153028.0000	30577+3	
614	Clic!/leader/CATALOGO/IMAGES/100531.TIF	TIFF	ALD4	13044	30357	0	-1	1997-02-11 16:58:19	1996-08-01 09:53:06	151928.0000	30357+2	
757	Clic!/leader/CATALOGO/IMAGES/100532.TIF	TIFF	ALD4	27674	30779	0	-1	1997-02-11 16:58:19	1996-08-01 09:52:32	154038.0000	30779+3	
690	Clic!/leader/CATALOGO/IMAGES/100533.TIF	TIFF	ALD4	25876	30565	0	-1	1997-02-11 16:58:19	1996-08-01 09:47:00	152968.0000	30565+3	
608	Clic!/leader/CATALOGO/IMAGES/100534.TIF	TIFF	ALD4	14574	30342	0	-1	1997-02-11 16:58:19	1994-08-02 14:34:50	151853.0000	30342+2	
687	Clic!/leader/CATALOGO/IMAGES/100536.TIF	TIFF	ALD4	26590	30556	0	-1	1997-02-11 16:58:19	1995-11-17 20:24:08	152923.0000	30556+3	
605	Clic!/leader/CATALOGO/IMAGES/100537.TIF	TIFF	ALD4	20428	30335	0	-1	1997-02-11 16:58:19	1994-03-25 16:30:10	151818.0000	30335+2	
747	Clic!/leader/CATALOGO/IMAGES/100538.TIF	TIFF	ALD4	19186	30754	0	-1	1997-02-11 16:58:19	1996-08-01 09:43:22	153913.0000	30754+2	
615	Clic!/leader/CATALOGO/IMAGES/100540.TIF	TIFF	ALD4	28268	30359	0	-1	1997-02-11 16:58:19	1996-03-26 15:07:10	151938.0000	30359+3	
689	Clic!/leader/CATALOGO/IMAGES/100554.TIF	TIFF	ALD4	20486	30562	0	-1	1997-02-11 16:58:19	1996-09-11 19:30:06	152953.0000	30562+3	
752	Clic!/leader/CATALOGO/IMAGES/100556.TIF	TIFF	ALD4	20432	30766	0	-1	1997-02-11 16:58:19	1996-08-01 19:07:14	153973.0000	30766+2	
684	Clic!/leader/CATALOGO/IMAGES/100557.TIF	TIFF	ALD4	20906	30547	0	-1	1997-02-11 16:58:19	1994-08-02 13:31:06	152878.0000	30547+3	
600	Clic!/leader/CATALOGO/IMAGES/100558.TIF	TIFF	ALD4	18732	30324	0	-1	1997-02-11 16:58:19	1994-08-02 13:21:16	151763.0000	30324+2	
613	Clic!/leader/CATALOGO/IMAGES/100561.TIF	TIFF	ALD4	21934	30354	0	-1	1997-02-11 16:58:19	1996-08-01 09:55:38	151913.0000	30354+3	
756	Clic!/leader/CATALOGO/IMAGES/100562.TIF	TIFF	ALD4	24546	30776	0	-1	1997-02-11 16:58:19	1996-08-01 19:18:08	154023.0000	30776+3	
754	Clic!/leader/CATALOGO/IMAGES/100565.TIF	TIFF	ALD4	17386	30771	0	-1	1997-02-11 16:58:19	1996-09-11 19:39:14	153998.0000	30771+2	
686	Clic!/leader/CATALOGO/IMAGES/100566.TIF	TIFF	ALD4	24226	30553	0	-1	1997-02-11 16:58:19	1996-08-01 10:10:02	152908.0000	30553+3	
604	Clic!/leader/CATALOGO/IMAGES/100567.TIF	TIFF	ALD4	30674	30332	0	-1	1997-02-11 16:58:19	1994-11-05 15:57:24	151803.0000	30332+3	
692	Clic!/leader/CATALOGO/IMAGES/100581.TIF	TIFF	ALD4	20902	30570	0	-1	1997-02-11 16:58:19	1996-03-26 16:10:32	152993.0000	30570+3	
610	Clic!/leader/CATALOGO/IMAGES/100582.TIF	TIFF	ALD4	28268	30346	0	-1	1997-02-11 16:58:19	1996-03-26 15:07:10	151873.0000	30346+3	
606	Clic!/leader/CATALOGO/IMAGES/100585.TIF	TIFF	ALD4	15060	30337	0	-1	1997-02-11 16:58:19	1996-08-01 10:04:52	151828.0000	30337+2	
751	Clic!/leader/CATALOGO/IMAGES/100586.TIF	TIFF	ALD4	19306	30764	0	-1	1997-02-11 16:58:19	1996-08-01 09:50:32	153963.0000	30764+2	
599	Clic!/leader/CATALOGO/IMAGES/100588.TIF	TIFF	ALD4	20472	30322	0	-1	1997-02-11 16:58:19	1996-08-01 09:49:52	151753.0000	30322+2	
744	Clic!/leader/CATALOGO/IMAGES/100589.TIF	TIFF	ALD4	21090	30745	0	-1	1997-02-11 16:58:20	1996-08-01 10:02:24	153868.0000	30745+3	
611	Clic!/leader/CATALOGO/IMAGES/100591.TIF	TIFF	ALD4	10526	30349	0	-1	1997-02-11 16:58:20	1996-08-01 10:05:26	151888.0000	30349+2	
753	Clic!/leader/CATALOGO/IMAGES/100595.TIF	TIFF	ALD4	22084	30768	0	-1	1997-02-11 16:58:20	1996-08-01 09:58:40	153983.0000	30768+3	
685	Clic!/leader/CATALOGO/IMAGES/100596.TIF	TIFF	ALD4	24844	30550	0	-1	1997-02-11 16:58:20	1996-08-01 09:59:10	152893.0000	30550+3	
603	Clic!/leader/CATALOGO/IMAGES/100597.TIF	TIFF	ALD4	17136	30330	0	-1	1997-02-11 16:58:20	1996-08-01 09:56:56	151793.0000	30330+2	
749	Clic!/leader/CATALOGO/IMAGES/100600.TIF	TIFF	ALD4	25196	30758	0	-1	1997-02-11 16:58:20	1996-08-01 10:01:28	153933.0000	30758+3	
682	Clic!/leader/CATALOGO/IMAGES/100601.TIF	TIFF	ALD4	27166	30541	0	-1	1997-02-11 16:58:20	1996-08-01 18:55:26	152848.0000	30541+3	
597	Clic!/leader/CATALOGO/IMAGES/100602.TIF	TIFF	ALD4	26186	30316	0	-1	1997-02-11 16:58:20	1996-07-23 19:23:56	151723.0000	30316+3	
742	Clic!/leader/CATALOGO/IMAGES/100603.TIF	TIFF	ALD4	23838	30739	0	-1	1997-02-11 16:58:20	1996-08-01 10:11:12	153838.0000	30739+3	
677	Clic!/leader/CATALOGO/IMAGES/100604.TIF	TIFF	ALD4	25496	30527	0	-1	1997-02-11 16:58:20	1996-11-04 20:46:28	152778.0000	30527+3	
593	Clic!/leader/CATALOGO/IMAGES/100605.TIF	TIFF	ALD4	26760	30304	0	-1	1997-02-11 16:58:20	1996-08-01 18:26:48	151663.0000	30304+3	
737	Clic!/leader/CATALOGO/IMAGES/100606.TIF	TIFF	ALD4	22482	30724	0	-1	1997-02-11 16:58:20	1996-08-01 19:02:48	153763.0000	30724+3	
678	Clic!/leader/CATALOGO/IMAGES/100613.TIF	TIFF	ALD4	23266	30530	0	-1	1997-02-11 16:58:20	1996-08-01 09:43:54	152793.0000	30530+3	
594	Clic!/leader/CATALOGO/IMAGES/100614.TIF	TIFF	ALD4	23398	30307	0	-1	1997-02-11 16:58:20	1996-08-01 10:03:26	151678.0000	30307+3	
739	Clic!/leader/CATALOGO/IMAGES/100615.TIF	TIFF	ALD4	20792	30730	0	-1	1997-02-11 16:58:20	1996-11-04 18:55:38	153793.0000	30730+3	
674	Clic!/leader/CATALOGO/IMAGES/100616.TIF	TIFF	ALD4	25502	30519	0	-1	1997-02-11 16:58:20	1996-11-04 18:49:08	152738.0000	30519+3	
591	Clic!/leader/CATALOGO/IMAGES/100617.TIF	TIFF	ALD4	23672	30298	0	-1	1997-02-11 16:58:20	1996-08-01 09:51:58	151633.0000	30298+3	
733	Clic!/leader/CATALOGO/IMAGES/100618.TIF	TIFF	ALD4	26444	30712	0	-1	1997-02-11 16:58:21	1996-08-01 19:12:30	153703.0000	30712+3	
668	Clic!/leader/CATALOGO/IMAGES/100619.TIF	TIFF	ALD4	20254	30503	0	-1	1997-02-11 16:58:22	1996-08-01 09:42:50	152658.0000	30503+2	
602	Clic!/leader/CATALOGO/IMAGES/100620.TIF	TIFF	ALD4	18784	30328	0	-1	1997-02-11 16:58:22	1996-08-01 09:51:32	151783.0000	30328+2	
735	Clic!/leader/CATALOGO/IMAGES/100627.TIF	TIFF	ALD4	27652	30718	0	-1	1997-02-11 16:58:22	1996-08-01 10:06:52	153733.0000	30718+3	
671	Clic!/leader/CATALOGO/IMAGES/100628.TIF	TIFF	ALD4	23156	30511	0	-1	1997-02-11 16:58:22	1996-08-01 10:06:24	152698.0000	30511+3	
587	Clic!/leader/CATALOGO/IMAGES/100629.TIF	TIFF	ALD4	8728	30289	0	-1	1997-02-11 16:58:22	1996-08-01 09:46:22	151588.0000	30289+1	
748	Clic!/leader/CATALOGO/IMAGES/100630.TIF	TIFF	ALD4	19978	30756	0	-1	1997-02-11 16:58:22	1994-08-02 13:04:46	153923.0000	30756+2	
681	Clic!/leader/CATALOGO/IMAGES/100631.TIF	TIFF	ALD4	10316	30539	0	-1	1997-02-11 16:58:22	1996-07-31 18:15:04	152838.0000	30539+2	
596	Clic!/leader/CATALOGO/IMAGES/100632.TIF	TIFF	ALD4	23662	30313	0	-1	1997-02-11 16:58:22	1994-10-03 15:56:00	151708.0000	30313+3	
741	Clic!/leader/CATALOGO/IMAGES/100633.TIF	TIFF	ALD4	23632	30736	0	-1	1997-02-11 16:58:22	1994-10-03 15:45:20	153823.0000	30736+3	
676	Clic!/leader/CATALOGO/IMAGES/100634.TIF	TIFF	ALD4	19526	30525	0	-1	1997-02-11 16:58:22	1994-10-03 16:04:18	152768.0000	30525+2	
592	Clic!/leader/CATALOGO/IMAGES/100635.TIF	TIFF	ALD4	20490	30301	0	-1	1997-02-11 16:58:22	1996-09-11 19:30:32	151648.0000	30301+3	
736	Clic!/leader/CATALOGO/IMAGES/100636.TIF	TIFF	ALD4	29212	30721	0	-1	1997-02-11 16:58:22	1996-08-01 09:47:34	153748.0000	30721+3	
672	Clic!/leader/CATALOGO/IMAGES/100637.TIF	TIFF	ALD4	24744	30514	0	-1	1997-02-11 16:58:22	1996-08-01 09:41:38	152713.0000	30514+3	
589	Clic!/leader/CATALOGO/IMAGES/100638.TIF	TIFF	ALD4	20492	30293	0	-1	1997-02-11 16:58:22	1994-10-03 16:24:15	151608.0000	30293+3	
730	Clic!/leader/CATALOGO/IMAGES/100639.TIF	TIFF	ALD4	19168	30703	0	-1	1997-02-11 16:58:22	1996-08-01 09:55:02	153658.0000	30703+2	
683	Clic!/leader/CATALOGO/IMAGES/100640.TIF	TIFF	ALD4	26672	30544	0	-1	1997-02-11 16:58:22	1996-08-01 09:53:52	152863.0000	30544+3	
598	Clic!/leader/CATALOGO/IMAGES/100641.TIF	TIFF	ALD4	25918	30319	0	-1	1997-02-11 16:58:22	1996-08-01 10:07:22	151738.0000	30319+3	
743	Clic!/leader/CATALOGO/IMAGES/100642.TIF	TIFF	ALD4	25318	30742	0	-1	1997-02-11 16:58:22	1996-08-01 09:48:24	153853.0000	30742+3	
738	Clic!/leader/CATALOGO/IMAGES/100645.TIF	TIFF	ALD4	24218	30727	0	-1	1997-02-11 16:58:22	1996-08-01 10:00:48	153778.0000	30727+3	
673	Clic!/leader/CATALOGO/IMAGES/100646.TIF	TIFF	ALD4	18830	30517	0	-1	1997-02-11 16:58:22	1996-08-01 10:00:06	152728.0000	30517+2	
590	Clic!/leader/CATALOGO/IMAGES/100647.TIF	TIFF	ALD4	20344	30296	0	-1	1997-02-11 16:58:22	1996-11-04 18:39:32	151623.0000	30296+2	
601	Clic!/leader/CATALOGO/IMAGES/100650.TIF	TIFF	ALD4	11072	30326	0	-1	1997-02-11 16:58:22	1996-11-09 13:13:52	151773.0000	30326+2	
745	Clic!/leader/CATALOGO/IMAGES/100651.TIF	TIFF	ALD4	22782	30748	0	-1	1997-02-11 16:58:22	1996-11-04 19:11:00	153883.0000	30748+3	
679	Clic!/leader/CATALOGO/IMAGES/100652.TIF	TIFF	ALD4	27018	30533	0	-1	1997-02-11 16:58:23	1996-11-04 20:14:42	152808.0000	30533+3	
595	Clic!/leader/CATALOGO/IMAGES/100653.TIF	TIFF	ALD4	21306	30310	0	-1	1997-02-11 16:58:23	1996-11-04 19:38:48	151693.0000	30310+3	
740	Clic!/leader/CATALOGO/IMAGES/100654.TIF	TIFF	ALD4	23686	30733	0	-1	1997-02-11 16:58:23	1996-11-04 18:29:16	153808.0000	30733+3	
675	Clic!/leader/CATALOGO/IMAGES/100655.TIF	TIFF	ALD4	25614	30522	0	-1	1997-02-11 16:58:23	1996-11-04 20:33:28	152753.0000	30522+3	
680	Clic!/leader/CATALOGO/IMAGES/100691.TIF	TIFF	ALD4	25778	30536	0	-1	1997-02-11 16:58:23	1995-11-21 19:18:24	152823.0000	30536+3	
582	Clic!/leader/CATALOGO/IMAGES/100703.TIF	TIFF	ALD4	318060	30246	0	-1	1997-02-11 16:58:23	1996-11-05 08:57:12	151373.0000	30246+32	
725	Clic!/leader/CATALOGO/IMAGES/100704.TIF	TIFF	ALD4	318060	30661	0	-1	1997-02-11 16:58:23	1996-11-05 08:57:12	153448.0000	30661+32	
659	Clic!/leader/CATALOGO/IMAGES/100705.TIF	TIFF	ALD4	14930	30480	0	-1	1997-02-11 16:58:24	1996-11-04 19:58:48	152543.0000	30480+2	
575	Clic!/leader/CATALOGO/IMAGES/100706.TIF	TIFF	ALD4	23056	30227	0	-1	1997-02-11 16:58:24	1996-11-04 18:28:14	151278.0000	30227+3	
720	Clic!/leader/CATALOGO/IMAGES/100707.TIF	TIFF	ALD4	20912	30647	0	-1	1997-02-11 16:58:24	1994-11-05 16:00:56	153378.0000	30647+3	
652	Clic!/leader/CATALOGO/IMAGES/100708.TIF	TIFF	ALD4	23124	30462	0	-1	1997-02-11 16:58:24	1996-11-04 19:05:46	152453.0000	30462+3	
570	Clic!/leader/CATALOGO/IMAGES/100709.TIF	TIFF	ALD4	25286	30212	0	-1	1997-02-11 16:58:24	1996-11-04 18:58:00	151203.0000	30212+3	
734	Clic!/leader/CATALOGO/IMAGES/100710.TIF	TIFF	ALD4	25502	30715	0	-1	1997-02-11 16:58:24	1996-11-04 18:47:46	153718.0000	30715+3	
669	Clic!/leader/CATALOGO/IMAGES/100711.TIF	TIFF	ALD4	20726	30505	0	-1	1997-02-11 16:58:24	1996-11-04 18:58:46	152668.0000	30505+3	
585	Clic!/leader/CATALOGO/IMAGES/100712.TIF	TIFF	ALD4	24252	30283	0	-1	1997-02-11 16:58:24	1996-11-04 18:46:52	151558.0000	30283+3	
728	Clic!/leader/CATALOGO/IMAGES/100713.TIF	TIFF	ALD4	14378	30698	0	-1	1997-02-11 16:58:24	1996-11-04 18:52:32	153633.0000	30698+2	
662	Clic!/leader/CATALOGO/IMAGES/100714.TIF	TIFF	ALD4	20174	30488	0	-1	1997-02-11 16:58:24	1996-11-04 18:35:52	152583.0000	30488+2	
578	Clic!/leader/CATALOGO/IMAGES/100715.TIF	TIFF	ALD4	20950	30235	0	-1	1997-02-11 16:58:24	1996-11-04 18:27:10	151318.0000	30235+3	
722	Clic!/leader/CATALOGO/IMAGES/100716.TIF	TIFF	ALD4	23264	30653	0	-1	1997-02-11 16:58:24	1996-11-04 18:26:14	153408.0000	30653+3	
654	Clic!/leader/CATALOGO/IMAGES/100717.TIF	TIFF	ALD4	26148	30467	0	-1	1997-02-11 16:58:24	1996-11-04 19:04:42	152478.0000	30467+3	
718	Clic!/leader/CATALOGO/IMAGES/100728.TIF	TIFF	ALD4	18504	30642	0	-1	1997-02-11 16:58:24	1996-11-04 19:09:18	153353.0000	30642+2	
650	Clic!/leader/CATALOGO/IMAGES/100729.TIF	TIFF	ALD4	25778	30457	0	-1	1997-02-11 16:58:24	1995-11-21 19:18:24	152428.0000	30457+3	
666	Clic!/leader/CATALOGO/IMAGES/100732.TIF	TIFF	ALD4	23912	30497	0	-1	1997-02-11 16:58:24	1996-11-04 18:50:30	152628.0000	30497+3	
724	Clic!/leader/CATALOGO/IMAGES/100734.TIF	TIFF	ALD4	21216	30658	0	-1	1997-02-11 16:58:24	1996-11-04 18:24:42	153433.0000	30658+3	
658	Clic!/leader/CATALOGO/IMAGES/100735.TIF	TIFF	ALD4	24674	30477	0	-1	1997-02-11 16:58:25	1996-11-04 19:07:16	152528.0000	30477+3	
574	Clic!/leader/CATALOGO/IMAGES/100736.TIF	TIFF	ALD4	24714	30224	0	-1	1997-02-11 16:58:25	1996-11-04 18:23:38	151263.0000	30224+3	
719	Clic!/leader/CATALOGO/IMAGES/100737.TIF	TIFF	ALD4	23680	30644	0	-1	1997-02-11 16:58:25	1996-11-04 19:29:42	153363.0000	30644+3	
651	Clic!/leader/CATALOGO/IMAGES/100738.TIF	TIFF	ALD4	18684	30460	0	-1	1997-02-11 16:58:25	1996-11-04 18:54:00	152443.0000	30460+2	
569	Clic!/leader/CATALOGO/IMAGES/100739.TIF	TIFF	ALD4	13462	30210	0	-1	1997-02-11 16:58:25	1996-11-04 19:02:22	151193.0000	30210+2	
732	Clic!/leader/CATALOGO/IMAGES/100740.TIF	TIFF	ALD4	32798	30708	0	-1	1997-02-11 16:58:25	1996-11-09 13:10:10	153683.0000	30708+4	
667	Clic!/leader/CATALOGO/IMAGES/100741.TIF	TIFF	ALD4	24158	30500	0	-1	1997-02-11 16:58:25	1996-11-04 19:00:48	152643.0000	30500+3	
584	Clic!/leader/CATALOGO/IMAGES/100742.TIF	TIFF	ALD4	22446	30280	0	-1	1997-02-11 16:58:25	1996-11-04 19:08:24	151543.0000	30280+3	
727	Clic!/leader/CATALOGO/IMAGES/100743.TIF	TIFF	ALD4	19776	30696	0	-1	1997-02-11 16:58:25	1996-11-04 18:59:34	153623.0000	30696+2	
661	Clic!/leader/CATALOGO/IMAGES/100744.TIF	TIFF	ALD4	30674	30485	0	-1	1997-02-11 16:58:25	1994-11-05 15:57:24	152568.0000	30485+3	
577	Clic!/leader/CATALOGO/IMAGES/100745.TIF	TIFF	ALD4	22372	30232	0	-1	1997-02-11 16:58:25	1996-11-04 19:03:10	151303.0000	30232+3	
572	Clic!/leader/CATALOGO/IMAGES/100748.TIF	TIFF	ALD4	29196	30218	0	-1	1997-02-11 16:58:25	1996-11-04 17:56:28	151233.0000	30218+3	
716	Clic!/leader/CATALOGO/IMAGES/100749.TIF	TIFF	ALD4	12974	30637	0	-1	1997-02-11 16:58:25	1996-11-04 18:11:56	153328.0000	30637+2	
670	Clic!/leader/CATALOGO/IMAGES/100750.TIF	TIFF	ALD4	23468	30508	0	-1	1997-02-11 16:58:25	1996-11-04 19:15:12	152683.0000	30508+3	
586	Clic!/leader/CATALOGO/IMAGES/100751.TIF	TIFF	ALD4	21570	30286	0	-1	1997-02-11 16:58:25	1996-11-04 19:53:54	151573.0000	30286+3	
579	Clic!/leader/CATALOGO/IMAGES/100754.TIF	TIFF	ALD4	22146	30238	0	-1	1997-02-11 16:58:25	1996-11-04 17:51:30	151333.0000	30238+3	
655	Clic!/leader/CATALOGO/IMAGES/100756.TIF	TIFF	ALD4	22372	30470	0	-1	1997-02-11 16:58:25	1996-11-04 19:03:10	152493.0000	30470+3	
573	Clic!/leader/CATALOGO/IMAGES/100757.TIF	TIFF	ALD4	26832	30221	0	-1	1997-02-11 16:58:25	1996-11-04 20:36:06	151248.0000	30221+3	
717	Clic!/leader/CATALOGO/IMAGES/100758.TIF	TIFF	ALD4	29474	30639	0	-1	1997-02-11 16:58:26	1996-11-04 20:31:08	153338.0000	30639+3	
649	Clic!/leader/CATALOGO/IMAGES/100759.TIF	TIFF	ALD4	16388	30455	0	-1	1997-02-11 16:58:26	1996-11-04 20:39:56	152418.0000	30455+2	
588	Clic!/leader/CATALOGO/IMAGES/100760.TIF	TIFF	ALD4	23354	30290	0	-1	1997-02-11 16:58:26	1996-11-04 20:38:42	151593.0000	30290+3	
729	Clic!/leader/CATALOGO/IMAGES/100761.TIF	TIFF	ALD4	22754	30700	0	-1	1997-02-11 16:58:26	1996-11-04 20:37:42	153643.0000	30700+3	
665	Clic!/leader/CATALOGO/IMAGES/100762.TIF	TIFF	ALD4	27884	30494	0	-1	1997-02-11 16:58:26	1996-11-04 20:41:06	152613.0000	30494+3	
581	Clic!/leader/CATALOGO/IMAGES/100763.TIF	TIFF	ALD4	22570	30243	0	-1	1997-02-11 16:58:26	1996-11-04 20:43:06	151358.0000	30243+3	
657	Clic!/leader/CATALOGO/IMAGES/100765.TIF	TIFF	ALD4	6264	30476	0	-1	1997-02-11 16:58:26	1996-12-05 16:44:02	152523.0000	30476+1	
731	Clic!/leader/CATALOGO/IMAGES/100770.TIF	TIFF	ALD4	21792	30705	0	-1	1997-02-11 16:58:26	1996-11-04 20:44:16	153668.0000	30705+3	
583	Clic!/leader/CATALOGO/IMAGES/100772.TIF	TIFF	ALD4	18242	30278	0	-1	1997-02-11 16:58:26	1996-11-04 20:42:10	151533.0000	30278+2	
726	Clic!/leader/CATALOGO/IMAGES/100773.TIF	TIFF	ALD4	21442	30693	0	-1	1997-02-11 16:58:26	1996-11-04 20:29:12	153608.0000	30693+3	
660	Clic!/leader/CATALOGO/IMAGES/100774.TIF	TIFF	ALD4	26118	30482	0	-1	1997-02-11 16:58:26	1996-11-04 19:49:56	152553.0000	30482+3	
576	Clic!/leader/CATALOGO/IMAGES/100775.TIF	TIFF	ALD4	16144	30230	0	-1	1997-02-11 16:58:26	1996-11-05 09:00:42	151293.0000	30230+2	
721	Clic!/leader/CATALOGO/IMAGES/100776.TIF	TIFF	ALD4	26332	30650	0	-1	1997-02-11 16:58:26	1996-11-04 18:07:56	153393.0000	30650+3	
653	Clic!/leader/CATALOGO/IMAGES/100777.TIF	TIFF	ALD4	18664	30465	0	-1	1997-02-11 16:58:26	1996-11-04 17:54:44	152468.0000	30465+2	
571	Clic!/leader/CATALOGO/IMAGES/100778.TIF	TIFF	ALD4	23978	30215	0	-1	1997-02-11 16:58:26	1996-11-04 17:49:52	151218.0000	30215+3	
663	Clic!/leader/CATALOGO/IMAGES/100783.TIF	TIFF	ALD4	13228	30490	0	-1	1997-02-11 16:58:26	1996-11-04 18:51:32	152593.0000	30490+2	
664	Clic!/leader/CATALOGO/IMAGES/2723.TIF	TIFF	ALD4	13816	30492	0	-1	1997-02-11 16:58:26	1996-11-04 18:22:02	152603.0000	30492+2	
580	Clic!/leader/CATALOGO/IMAGES/2724.TIF	TIFF	ALD4	14930	30241	0	-1	1997-02-11 16:58:26	1996-11-04 19:21:00	151348.0000	30241+2	
723	Clic!/leader/CATALOGO/IMAGES/2725.TIF	TIFF	ALD4	10646	30656	0	-1	1997-02-11 16:58:26	1996-11-04 18:43:22	153423.0000	30656+2	
656	Clic!/leader/CATALOGO/IMAGES/2726.TIF	TIFF	ALD4	21856	30473	0	-1	1997-02-11 16:58:26	1996-03-20 18:18:10	152508.0000	30473+3	
770	Clic!/leader/CATALOGO/IMAGES/3097.TIF	TIFF	ALD4	14930	30819	0	-1	1997-02-11 16:58:27	1996-11-04 19:21:18	154238.0000	30819+2	
706	Clic!/leader/CATALOGO/IMAGES/3098.TIF	TIFF	ALD4	10646	30612	0	-1	1997-02-11 16:58:27	1996-11-04 18:43:06	153203.0000	30612+2	
709	Clic!/leader/CATALOGO/IMAGES/400007.TIF	TIFF	ALD4	21058	30619	0	-1	1997-02-11 16:58:27	1994-11-05 16:08:08	153238.0000	30619+3	
769	Clic!/leader/CATALOGO/IMAGES/400009.TIF	TIFF	ALD4	26700	30816	0	-1	1997-02-11 16:58:27	1996-03-26 15:04:48	154223.0000	30816+3	
777	Clic!/leader/CATALOGO/IMAGES/400030.TIF	TIFF	ALD4	21904	30839	0	-1	1997-02-11 16:58:27	1996-03-26 16:13:04	154338.0000	30839+3	
642	Clic!/leader/CATALOGO/IMAGES/400032.TIF	TIFF	ALD4	25484	30436	0	-1	1997-02-11 16:58:27	1996-03-26 15:54:08	152323.0000	30436+3	
775	Clic!/leader/CATALOGO/IMAGES/400033.TIF	TIFF	ALD4	27970	30833	0	-1	1997-02-11 16:58:27	1996-03-26 16:06:38	154308.0000	30833+3	
711	Clic!/leader/CATALOGO/IMAGES/400034.TIF	TIFF	ALD4	26476	30625	0	-1	1997-02-11 16:58:27	1996-03-26 15:56:14	153268.0000	30625+3	
638	Clic!/leader/CATALOGO/IMAGES/400035.TIF	TIFF	ALD4	30166	30425	0	-1	1997-02-11 16:58:27	1996-03-26 15:59:00	152268.0000	30425+3	
714	Clic!/leader/CATALOGO/IMAGES/400040.TIF	TIFF	ALD4	5078	30633	0	-1	1997-02-11 16:58:27	1996-03-01 13:48:06	153308.0000	30633+1	
644	Clic!/leader/CATALOGO/IMAGES/400041.TIF	TIFF	ALD4	28088	30442	0	-1	1997-02-11 16:58:27	1996-03-26 16:18:34	152353.0000	30442+3	
776	Clic!/leader/CATALOGO/IMAGES/400042.TIF	TIFF	ALD4	27540	30836	0	-1	1997-02-11 16:58:27	1996-03-27 13:09:30	154323.0000	30836+3	
774	Clic!/leader/CATALOGO/IMAGES/400054.TIF	TIFF	ALD4	26186	30830	0	-1	1997-02-11 16:58:27	1996-03-25 18:02:02	154293.0000	30830+3	
641	Clic!/leader/CATALOGO/IMAGES/400062.TIF	TIFF	ALD4	24288	30433	0	-1	1997-02-11 16:58:27	1996-03-27 13:11:16	152308.0000	30433+3	
772	Clic!/leader/CATALOGO/IMAGES/400066.TIF	TIFF	ALD4	21886	30824	0	-1	1997-02-11 16:58:27	1996-03-21 11:02:30	154263.0000	30824+3	
708	Clic!/leader/CATALOGO/IMAGES/400067.TIF	TIFF	ALD4	14582	30617	0	-1	1997-02-11 16:58:27	1996-03-21 10:35:54	153228.0000	30617+2	
636	Clic!/leader/CATALOGO/IMAGES/400068.TIF	TIFF	ALD4	19274	30420	0	-1	1997-02-11 16:58:27	1996-03-21 11:22:10	152243.0000	30420+2	
643	Clic!/leader/CATALOGO/IMAGES/400071.TIF	TIFF	ALD4	26730	30439	0	-1	1997-02-11 16:58:27	1994-11-05 16:07:04	152338.0000	30439+3	
712	Clic!/leader/CATALOGO/IMAGES/400073.TIF	TIFF	ALD4	21286	30628	0	-1	1997-02-11 16:58:28	1996-11-11 19:02:04	153283.0000	30628+3	
639	Clic!/leader/CATALOGO/IMAGES/400074.TIF	TIFF	ALD4	25710	30428	0	-1	1997-02-11 16:58:28	1996-11-11 19:06:02	152283.0000	30428+3	
710	Clic!/leader/CATALOGO/IMAGES/400076.TIF	TIFF	ALD4	23030	30622	0	-1	1997-02-11 16:58:28	1994-11-05 16:09:28	153253.0000	30622+3	
640	Clic!/leader/CATALOGO/IMAGES/400083.TIF	TIFF	ALD4	16898	30431	0	-1	1997-02-11 16:58:28	1996-03-20 18:11:42	152298.0000	30431+2	
637	Clic!/leader/CATALOGO/IMAGES/400095.TIF	TIFF	ALD4	21838	30422	0	-1	1997-02-11 16:58:28	1995-11-17 20:53:24	152253.0000	30422+3	
771	Clic!/leader/CATALOGO/IMAGES/400096.TIF	TIFF	ALD4	24854	30821	0	-1	1997-02-11 16:58:28	1994-11-05 16:05:48	154248.0000	30821+3	
707	Clic!/leader/CATALOGO/IMAGES/400097.TIF	TIFF	ALD4	24946	30614	0	-1	1997-02-11 16:58:28	1996-03-20 18:02:48	153213.0000	30614+3	
700	Clic!/leader/CATALOGO/IMAGES/400108.TIF	TIFF	ALD4	24744	30595	0	-1	1997-02-11 16:58:28	1996-08-01 09:41:38	153118.0000	30595+3	
631	Clic!/leader/CATALOGO/IMAGES/400109.TIF	TIFF	ALD4	21998	30405	0	-1	1997-02-11 16:58:28	1996-03-21 11:18:30	152168.0000	30405+3	
704	Clic!/leader/CATALOGO/IMAGES/400111.TIF	TIFF	ALD4	19358	30607	0	-1	1997-02-11 16:58:28	1995-11-11 19:47:16	153178.0000	30607+2	
634	Clic!/leader/CATALOGO/IMAGES/400112.TIF	TIFF	ALD4	19796	30414	0	-1	1997-02-11 16:58:28	1996-03-21 11:07:24	152213.0000	30414+2	
767	Clic!/leader/CATALOGO/IMAGES/400113.TIF	TIFF	ALD4	26910	30810	0	-1	1997-02-11 16:58:28	1996-03-27 12:57:46	154193.0000	30810+3	
703	Clic!/leader/CATALOGO/IMAGES/400114.TIF	TIFF	ALD4	25998	30604	0	-1	1997-02-11 16:58:28	1995-11-17 20:51:20	153163.0000	30604+3	
633	Clic!/leader/CATALOGO/IMAGES/400115.TIF	TIFF	ALD4	22614	30411	0	-1	1997-02-11 16:58:28	1996-03-21 11:10:10	152198.0000	30411+3	
702	Clic!/leader/CATALOGO/IMAGES/400117.TIF	TIFF	ALD4	24068	30601	0	-1	1997-02-11 16:58:28	1995-11-17 20:26:56	153148.0000	30601+3	
632	Clic!/leader/CATALOGO/IMAGES/400118.TIF	TIFF	ALD4	22344	30408	0	-1	1997-02-11 16:58:29	1996-03-21 11:17:38	152183.0000	30408+3	
705	Clic!/leader/CATALOGO/IMAGES/400120.TIF	TIFF	ALD4	22736	30609	0	-1	1997-02-11 16:58:29	1995-11-22 10:43:02	153188.0000	30609+3	
635	Clic!/leader/CATALOGO/IMAGES/400121.TIF	TIFF	ALD4	35206	30416	0	-1	1997-02-11 16:58:29	1995-11-11 15:21:02	152223.0000	30416+4	
768	Clic!/leader/CATALOGO/IMAGES/400122.TIF	TIFF	ALD4	25124	30813	0	-1	1997-02-11 16:58:29	1996-03-21 11:21:16	154208.0000	30813+3	
701	Clic!/leader/CATALOGO/IMAGES/400147.TIF	TIFF	ALD4	20496	30598	0	-1	1997-02-11 16:58:29	1994-03-25 16:26:20	153133.0000	30598+3	
648	Clic!/leader/CATALOGO/IMAGES/626.TIF	TIFF	ALD4	19036	30453	0	-1	1997-02-11 16:58:29	1996-11-04 18:31:34	152408.0000	30453+2	
647	Clic!/leader/CATALOGO/IMAGES/629.TIF	TIFF	ALD4	21306	30450	0	-1	1997-02-11 16:58:29	1996-11-04 19:38:48	152393.0000	30450+3	
567	Clic!/leader/CATALOGO/IMAGES/630.TIF	TIFF	ALD4	26660	30206	0	-1	1997-02-11 16:58:29	1996-11-04 18:30:08	151173.0000	30206+3	
646	Clic!/leader/CATALOGO/IMAGES/631.TIF	TIFF	ALD4	16352	30448	0	-1	1997-02-11 16:58:29	1996-11-04 18:33:24	152383.0000	30448+2	
715	Clic!/leader/CATALOGO/IMAGES/632.TIF	TIFF	ALD4	24414	30634	0	-1	1997-02-11 16:58:29	1996-08-01 09:57:58	153313.0000	30634+3	
566	Clic!/leader/CATALOGO/IMAGES/633.TIF	TIFF	ALD4	25196	30203	0	-1	1997-02-11 16:58:29	1996-08-01 10:01:28	151158.0000	30203+3	
645	Clic!/leader/CATALOGO/IMAGES/634.TIF	TIFF	ALD4	21002	30445	0	-1	1997-02-11 16:58:29	1996-11-04 20:22:04	152368.0000	30445+3	
568	Clic!/leader/CATALOGO/IMAGES/LEADER.TIF	TIFF	ALD4	6994	30209	0	-1	1997-02-11 16:58:29	1995-11-27 10:59:14	151188.0000	30209+1	
826	Clic!/leader/CATALOGO/REVIEW/R100315.TXT	TEXT	MSWD	1022	30889	0	-1	1997-02-11 17:00:07	1996-03-20 10:16:30	154588.0000	30889+1	
804	Clic!/leader/CATALOGO/REVIEW/R100344.TXT	TEXT	MSWD	1173	30867	0	-1	1997-02-11 17:00:07	1996-03-20 10:20:46	154478.0000	30867+1	
802	Clic!/leader/CATALOGO/REVIEW/R100377.TXT	TEXT	MSWD	106	30865	0	-1	1997-02-11 17:00:07	1996-03-21 13:03:28	154468.0000	30865+1	
817	Clic!/leader/CATALOGO/REVIEW/R100380.TXT	TEXT	MSWD	516	30880	0	-1	1997-02-11 17:00:07	1996-03-20 10:19:22	154543.0000	30880+1	
816	Clic!/leader/CATALOGO/REVIEW/R100383.TXT	TEXT	MSWD	285	30879	0	-1	1997-02-11 17:00:07	1996-03-19 19:17:44	154538.0000	30879+1	
815	Clic!/leader/CATALOGO/REVIEW/R100389.TXT	TEXT	MSWD	478	30878	0	-1	1997-02-11 17:00:07	1996-03-28 16:59:26	154533.0000	30878+1	
787	Clic!/leader/CATALOGO/REVIEW/R100392.TXT	TEXT	MSWD	522	30850	0	-1	1997-02-11 17:00:07	1996-03-20 10:17:36	154393.0000	30850+1	
801	Clic!/leader/CATALOGO/REVIEW/R100393.TXT	TEXT	MSWD	221	30864	0	-1	1997-02-11 17:00:07	1996-08-28 17:44:48	154463.0000	30864+1	
812	Clic!/leader/CATALOGO/REVIEW/R100394.TXT	TEXT	MSWD	221	30875	0	-1	1997-02-11 17:00:07	1996-08-28 17:44:54	154518.0000	30875+1	
786	Clic!/leader/CATALOGO/REVIEW/R100395.TXT	TEXT	MSWD	221	30849	0	-1	1997-02-11 17:00:07	1996-08-28 17:44:58	154388.0000	30849+1	
809	Clic!/leader/CATALOGO/REVIEW/R100418.TXT	TEXT	MSWD	394	30872	0	-1	1997-02-11 17:00:07	1996-08-28 17:48:22	154503.0000	30872+1	
823	Clic!/leader/CATALOGO/REVIEW/R100421.TXT	TEXT	MSWD	229	30886	0	-1	1997-02-11 17:00:07	1996-03-19 19:12:46	154573.0000	30886+1	
794	Clic!/leader/CATALOGO/REVIEW/R100433.TXT	TEXT	MSWD	339	30857	0	-1	1997-02-11 17:00:07	1996-03-27 12:36:30	154428.0000	30857+1	
807	Clic!/leader/CATALOGO/REVIEW/R100434.TXT	TEXT	MSWD	508	30870	0	-1	1997-02-11 17:00:07	1996-08-28 17:52:44	154493.0000	30870+1	
790	Clic!/leader/CATALOGO/REVIEW/R100474.TXT	TEXT	MSWD	279	30853	0	-1	1997-02-11 17:00:07	1996-08-28 17:43:06	154408.0000	30853+1	
828	Clic!/leader/CATALOGO/REVIEW/R100506.TXT	TEXT	MSWD	542	30891	0	-1	1997-02-11 17:00:07	1996-03-21 12:45:08	154598.0000	30891+1	
825	Clic!/leader/CATALOGO/REVIEW/R100511.TXT	TEXT	MSWD	157	30888	0	-1	1997-02-11 17:00:08	1996-03-27 12:26:00	154583.0000	30888+1	
795	Clic!/leader/CATALOGO/REVIEW/R100512.TXT	TEXT	MSWD	424	30858	0	-1	1997-02-11 17:00:08	1996-03-19 19:06:52	154433.0000	30858+1	
808	Clic!/leader/CATALOGO/REVIEW/R100513.TXT	TEXT	MSWD	155	30871	0	-1	1997-02-11 17:00:08	1996-03-19 18:59:28	154498.0000	30871+1	
824	Clic!/leader/CATALOGO/REVIEW/R100514.TXT	TEXT	MSWD	497	30887	0	-1	1997-02-11 17:00:08	1996-08-28 17:39:46	154578.0000	30887+1	
822	Clic!/leader/CATALOGO/REVIEW/R100525.TXT	TEXT	MSWD	122	30885	0	-1	1997-02-11 17:00:08	1996-08-01 19:16:28	154568.0000	30885+1	
793	Clic!/leader/CATALOGO/REVIEW/R100531.TXT	TEXT	MSWD	444	30856	0	-1	1997-02-11 17:00:08	1996-08-28 17:28:22	154423.0000	30856+1	
806	Clic!/leader/CATALOGO/REVIEW/R100532.TXT	TEXT	MSWD	351	30869	0	-1	1997-02-11 17:00:08	1996-08-28 17:30:30	154488.0000	30869+1	
821	Clic!/leader/CATALOGO/REVIEW/R100533.TXT	TEXT	MSWD	449	30884	0	-1	1997-02-11 17:00:08	1996-08-28 17:34:08	154563.0000	30884+1	
820	Clic!/leader/CATALOGO/REVIEW/R100536.TXT	TEXT	MSWD	637	30883	0	-1	1997-02-11 17:00:08	1996-03-19 18:44:42	154558.0000	30883+1	
792	Clic!/leader/CATALOGO/REVIEW/R100537.TXT	TEXT	MSWD	188	30855	0	-1	1997-02-11 17:00:08	1996-03-19 18:41:30	154418.0000	30855+1	
805	Clic!/leader/CATALOGO/REVIEW/R100538.TXT	TEXT	MSWD	123	30868	0	-1	1997-02-11 17:00:08	1996-03-18 19:19:04	154483.0000	30868+1	
819	Clic!/leader/CATALOGO/REVIEW/R100539.TXT	TEXT	MSWD	70	30882	0	-1	1997-02-11 17:00:08	1996-08-01 19:24:16	154553.0000	30882+1	
791	Clic!/leader/CATALOGO/REVIEW/R100556.TXT	TEXT	MSWD	55	30854	0	-1	1997-02-11 17:00:08	1996-08-01 19:23:50	154413.0000	30854+1	
818	Clic!/leader/CATALOGO/REVIEW/R100566.TXT	TEXT	MSWD	201	30881	0	-1	1997-02-11 17:00:08	1996-08-01 19:17:48	154548.0000	30881+1	
814	Clic!/leader/CATALOGO/REVIEW/R100585.TXT	TEXT	MSWD	106	30877	0	-1	1997-02-11 17:00:08	1996-08-01 19:22:36	154528.0000	30877+1	
789	Clic!/leader/CATALOGO/REVIEW/R100586.TXT	TEXT	MSWD	70	30852	0	-1	1997-02-11 17:00:08	1996-08-01 19:23:20	154403.0000	30852+1	
813	Clic!/leader/CATALOGO/REVIEW/R100588.TXT	TEXT	MSWD	48	30876	0	-1	1997-02-11 17:00:08	1996-08-01 19:17:00	154523.0000	30876+1	
788	Clic!/leader/CATALOGO/REVIEW/R100589.TXT	TEXT	MSWD	106	30851	0	-1	1997-02-11 17:00:08	1996-08-01 19:21:08	154398.0000	30851+1	
785	Clic!/leader/CATALOGO/REVIEW/R100591.TXT	TEXT	MSWD	58	30848	0	-1	1997-02-11 17:00:08	1996-08-01 19:21:38	154383.0000	30848+1	
800	Clic!/leader/CATALOGO/REVIEW/R100595.TXT	TEXT	MSWD	48	30863	0	-1	1997-02-11 17:00:08	1996-08-01 19:19:54	154458.0000	30863+1	
811	Clic!/leader/CATALOGO/REVIEW/R100596.TXT	TEXT	MSWD	159	30874	0	-1	1997-02-11 17:00:08	1996-08-01 19:19:02	154513.0000	30874+1	
784	Clic!/leader/CATALOGO/REVIEW/R100597.TXT	TEXT	MSWD	302	30847	0	-1	1997-02-11 17:00:08	1996-08-01 19:20:32	154378.0000	30847+1	
827	Clic!/leader/CATALOGO/REVIEW/R100601.TXT	TEXT	MSWD	67	30890	0	-1	1997-02-11 17:00:08	1996-08-01 19:18:24	154593.0000	30890+1	
803	Clic!/leader/CATALOGO/REVIEW/R100641.TXT	TEXT	MSWD	334	30866	0	-1	1997-02-11 17:00:08	1996-08-28 17:36:46	154473.0000	30866+1	
781	Clic!/leader/CATALOGO/REVIEW/R400035.TXT	TEXT	MSWD	205	30844	0	-1	1997-02-11 17:00:08	1996-03-21 13:18:10	154363.0000	30844+1	
796	Clic!/leader/CATALOGO/REVIEW/R400066.TXT	TEXT	MSWD	146	30859	0	-1	1997-02-11 17:00:08	1996-03-21 13:17:20	154438.0000	30859+1	
780	Clic!/leader/CATALOGO/REVIEW/R400068.TXT	TEXT	MSWD	146	30843	0	-1	1997-02-11 17:00:08	1996-03-21 13:17:56	154358.0000	30843+1	
779	Clic!/leader/CATALOGO/REVIEW/R400095.TXT	TEXT	MSWD	153	30842	0	-1	1997-02-11 17:00:08	1996-03-21 13:04:36	154353.0000	30842+1	
783	Clic!/leader/CATALOGO/REVIEW/R400109.TXT	TEXT	MSWD	334	30846	0	-1	1997-02-11 17:00:08	1996-03-20 10:12:30	154373.0000	30846+1	
810	Clic!/leader/CATALOGO/REVIEW/R400113.TXT	TEXT	MSWD	180	30873	0	-1	1997-02-11 17:00:08	1995-11-08 16:53:50	154508.0000	30873+1	
799	Clic!/leader/CATALOGO/REVIEW/R400115.TXT	TEXT	MSWD	634	30862	0	-1	1997-02-11 17:00:08	1996-03-20 10:11:40	154453.0000	30862+1	
798	Clic!/leader/CATALOGO/REVIEW/R400118.TXT	TEXT	MSWD	1022	30861	0	-1	1997-02-11 17:00:08	1996-03-20 10:16:50	154448.0000	30861+1	
797	Clic!/leader/CATALOGO/REVIEW/R400120.TXT	TEXT	MSWD	267	30860	0	-1	1997-02-11 17:00:08	1995-11-11 13:49:42	154443.0000	30860+1	
782	Clic!/leader/CATALOGO/REVIEW/R400122.TXT	TEXT	MSWD	526	30845	0	-1	1997-02-11 17:00:08	1996-03-20 10:15:28	154368.0000	30845+1	
1020	Clic!/leader/CATALOGO/INFO/1003.WAV	TEXT	LMAN	353152	35491	0	-1	1997-02-11 16:58:30	1979-06-05 06:11:52	177598.0000	35491+35	
873	Clic!/leader/CATALOGO/INFO/100315.WAV	TEXT	LMAN	307340	31696	0	-1	1997-02-11 16:58:30	1996-07-22 11:52:30	158623.0000	31696+31	
942	Clic!/leader/CATALOGO/INFO/100344.WAV	TEXT	LMAN	340236	33239	0	-1	1997-02-11 16:58:31	1996-07-22 11:53:22	166338.0000	33239+34	
940	Clic!/leader/CATALOGO/INFO/100377.WAV	TEXT	LMAN	281068	33186	0	-1	1997-02-11 16:58:32	1996-07-22 10:11:04	166073.0000	33186+28	
945	Clic!/leader/CATALOGO/INFO/100380.WAV	TEXT	LMAN	441676	33324	0	-1	1997-02-11 16:58:32	1996-07-22 10:11:48	166763.0000	33324+44	
943	Clic!/leader/CATALOGO/INFO/100383.WAV	TEXT	LMAN	238284	33273	0	-1	1997-02-11 16:58:33	1996-07-22 10:12:04	166508.0000	33273+24	
938	Clic!/leader/CATALOGO/INFO/100389.WAV	TEXT	LMAN	271174	33127	0	-1	1997-02-11 16:58:33	1996-07-22 10:12:34	165778.0000	33127+27	
944	Clic!/leader/CATALOGO/INFO/100392.WAV	TEXT	LMAN	273932	33297	0	-1	1997-02-11 16:58:34	1996-07-22 10:12:56	166628.0000	33297+27	
874	Clic!/leader/CATALOGO/INFO/100393.WAV	TEXT	LMAN	239020	31727	0	-1	1997-02-11 16:58:34	1996-07-22 10:13:06	158778.0000	31727+24	
1009	Clic!/leader/CATALOGO/INFO/100394.WAV	TEXT	LMAN	274604	35006	0	-1	1997-02-11 16:58:34	1996-07-22 10:13:18	175173.0000	35006+27	
941	Clic!/leader/CATALOGO/INFO/100395.WAV	TEXT	LMAN	248268	33214	0	-1	1997-02-11 16:58:35	1996-07-22 10:13:28	166213.0000	33214+25	
932	Clic!/leader/CATALOGO/INFO/100418.WAV	TEXT	LMAN	251468	33012	0	-1	1997-02-11 16:58:35	1996-07-22 10:14:24	165203.0000	33012+25	
939	Clic!/leader/CATALOGO/INFO/100421.WAV	TEXT	LMAN	318540	33154	0	-1	1997-02-11 16:58:36	1996-07-22 10:14:36	165913.0000	33154+32	
937	Clic!/leader/CATALOGO/INFO/100433.WAV	TEXT	LMAN	284684	33099	0	-1	1997-02-11 16:58:36	1996-07-22 10:14:56	165638.0000	33099+28	
870	Clic!/leader/CATALOGO/INFO/100434.WAV	TEXT	LMAN	206124	31647	0	-1	1997-02-11 16:58:37	1996-07-22 10:15:04	158378.0000	31647+21	
871	Clic!/leader/CATALOGO/INFO/100443.WAV	TEXT	LMAN	106188	31668	0	-1	1997-02-11 16:58:37	1996-07-22 10:15:46	158483.0000	31668+11	
1007	Clic!/leader/CATALOGO/INFO/100444.WAV	TEXT	LMAN	110700	34980	0	-1	1997-02-11 16:58:37	1996-07-19 18:20:10	175043.0000	34980+11	
934	Clic!/leader/CATALOGO/INFO/100445.WAV	TEXT	LMAN	79308	33053	0	-1	1997-02-11 16:58:37	1996-07-19 18:20:36	165408.0000	33053+8	
936	Clic!/leader/CATALOGO/INFO/100463.WAV	TEXT	LMAN	177038	33081	0	-1	1997-02-11 16:58:38	1996-07-19 18:21:50	165548.0000	33081+18	
869	Clic!/leader/CATALOGO/INFO/100464.WAV	TEXT	LMAN	281280	31619	0	-1	1997-02-11 16:58:38	1996-07-19 18:23:06	158238.0000	31619+28	
1005	Clic!/leader/CATALOGO/INFO/100465.WAV	TEXT	LMAN	195168	34947	0	-1	1997-02-11 16:58:38	1996-07-19 18:24:00	174878.0000	34947+20	
933	Clic!/leader/CATALOGO/INFO/100466.WAV	TEXT	LMAN	159014	33037	0	-1	1997-02-11 16:58:39	1996-07-19 18:24:42	165328.0000	33037+16	
928	Clic!/leader/CATALOGO/INFO/100469.WAV	TEXT	LMAN	282472	32935	0	-1	1997-02-11 16:58:39	1996-07-19 18:28:04	164818.0000	32935+28	
872	Clic!/leader/CATALOGO/INFO/100470.WAV	TEXT	LMAN	172746	31679	0	-1	1997-02-11 16:58:39	1996-07-19 18:28:50	158538.0000	31679+17	
1008	Clic!/leader/CATALOGO/INFO/100471.WAV	TEXT	LMAN	144360	34991	0	-1	1997-02-11 16:58:40	1996-07-19 18:29:30	175098.0000	34991+15	
1006	Clic!/leader/CATALOGO/INFO/100474.WAV	TEXT	LMAN	130286	34967	0	-1	1997-02-11 16:58:40	1996-07-19 18:30:54	174978.0000	34967+13	
935	Clic!/leader/CATALOGO/INFO/100493.WAV	TEXT	LMAN	202086	33061	0	-1	1997-02-11 16:58:40	1996-07-19 18:34:48	165448.0000	33061+20	
868	Clic!/leader/CATALOGO/INFO/100494.WAV	TEXT	LMAN	151844	31604	0	-1	1997-02-11 16:58:40	1996-08-27 16:39:28	158163.0000	31604+15	
881	Clic!/leader/CATALOGO/INFO/1005.WAV	TEXT	LMAN	170570	32043	0	-1	1997-02-11 16:58:41	1996-11-08 13:19:50	160358.0000	32043+17	
999	Clic!/leader/CATALOGO/INFO/100506.WAV	TEXT	LMAN	143600	34856	0	-1	1997-02-11 16:58:41	1996-07-19 18:35:26	174423.0000	34856+15	
867	Clic!/leader/CATALOGO/INFO/100511.WAV	TEXT	LMAN	177636	31586	0	-1	1997-02-11 16:58:41	1996-07-19 18:37:28	158073.0000	31586+18	
1002	Clic!/leader/CATALOGO/INFO/100512.WAV	TEXT	LMAN	141916	34909	0	-1	1997-02-11 16:58:41	1996-07-19 18:38:06	174688.0000	34909+14	
925	Clic!/leader/CATALOGO/INFO/100513.WAV	TEXT	LMAN	269634	32868	0	-1	1997-02-11 16:58:42	1996-05-02 18:11:12	164483.0000	32868+27	
864	Clic!/leader/CATALOGO/INFO/100514.WAV	TEXT	LMAN	132670	31541	0	-1	1997-02-11 16:58:42	1996-07-19 18:39:18	157848.0000	31541+13	
923	Clic!/leader/CATALOGO/INFO/100525.WAV	TEXT	LMAN	397254	32806	0	-1	1997-02-11 16:58:42	1996-08-27 16:38:14	164173.0000	32806+39	
856	Clic!/leader/CATALOGO/INFO/100529.WAV	TEXT	LMAN	73454	31387	0	-1	1997-02-11 16:58:43	1996-08-27 16:38:14	157078.0000	31387+8	
1004	Clic!/leader/CATALOGO/INFO/100530.WAV	TEXT	LMAN	121828	34935	0	-1	1997-02-11 16:58:43	1996-11-08 13:08:12	174818.0000	34935+12	
930	Clic!/leader/CATALOGO/INFO/100531.WAV	TEXT	LMAN	130340	32981	0	-1	1997-02-11 16:58:43	1996-08-27 16:38:16	165048.0000	32981+13	
866	Clic!/leader/CATALOGO/INFO/100532.WAV	TEXT	LMAN	166392	31569	0	-1	1997-02-11 16:58:43	1996-08-27 16:38:16	157988.0000	31569+17	
1001	Clic!/leader/CATALOGO/INFO/100533.WAV	TEXT	LMAN	148050	34894	0	-1	1997-02-11 16:58:44	1996-08-27 16:38:16	174613.0000	34894+15	
924	Clic!/leader/CATALOGO/INFO/100534.WAV	TEXT	LMAN	227942	32845	0	-1	1997-02-11 16:58:44	1996-08-27 16:38:18	164368.0000	32845+23	
998	Clic!/leader/CATALOGO/INFO/100536.WAV	TEXT	LMAN	165420	34839	0	-1	1997-02-11 16:58:44	1996-07-19 18:42:00	174338.0000	34839+17	
921	Clic!/leader/CATALOGO/INFO/100537.WAV	TEXT	LMAN	97808	32764	0	-1	1997-02-11 16:58:45	1996-11-08 13:08:18	163963.0000	32764+10	
857	Clic!/leader/CATALOGO/INFO/100538.WAV	TEXT	LMAN	145682	31395	0	-1	1997-02-11 16:58:45	1996-11-08 13:08:30	157118.0000	31395+15	
992	Clic!/leader/CATALOGO/INFO/100539.WAV	TEXT	LMAN	122394	34681	0	-1	1997-02-11 16:58:45	1996-08-27 16:38:18	173548.0000	34681+12	
931	Clic!/leader/CATALOGO/INFO/100540.WAV	TEXT	LMAN	181108	32994	0	-1	1997-02-11 16:58:45	1996-11-08 13:08:42	165113.0000	32994+18	
1000	Clic!/leader/CATALOGO/INFO/100554.WAV	TEXT	LMAN	233288	34871	0	-1	1997-02-11 16:58:46	1996-08-27 16:38:20	174498.0000	34871+23	
861	Clic!/leader/CATALOGO/INFO/100556.WAV	TEXT	LMAN	240986	31477	0	-1	1997-02-11 16:58:46	1996-08-27 16:38:20	157528.0000	31477+24	
916	Clic!/leader/CATALOGO/INFO/100558.WAV	TEXT	LMAN	235864	32658	0	-1	1997-02-11 16:58:46	1996-08-27 16:38:24	163433.0000	32658+24	
929	Clic!/leader/CATALOGO/INFO/100561.WAV	TEXT	LMAN	179022	32963	0	-1	1997-02-11 16:58:47	1996-08-27 16:38:24	164958.0000	32963+18	
865	Clic!/leader/CATALOGO/INFO/100562.WAV	TEXT	LMAN	151844	31554	0	-1	1997-02-11 16:58:47	1996-08-27 16:38:26	157913.0000	31554+15	
863	Clic!/leader/CATALOGO/INFO/100565.WAV	TEXT	LMAN	145232	31526	0	-1	1997-02-11 16:58:47	1996-11-08 13:08:52	157773.0000	31526+15	
997	Clic!/leader/CATALOGO/INFO/100566.WAV	TEXT	LMAN	472522	34792	0	-1	1997-02-11 16:58:47	1996-08-27 16:38:26	174103.0000	34792+47	
920	Clic!/leader/CATALOGO/INFO/100567.WAV	TEXT	LMAN	265216	32738	0	-1	1997-02-11 16:58:48	1996-08-27 16:38:28	163833.0000	32738+26	
1003	Clic!/leader/CATALOGO/INFO/100581.WAV	TEXT	LMAN	121828	34923	0	-1	1997-02-11 16:58:49	1996-11-08 13:09:02	174758.0000	34923+12	
926	Clic!/leader/CATALOGO/INFO/100582.WAV	TEXT	LMAN	180934	32895	0	-1	1997-02-11 16:58:49	1996-11-08 13:09:14	164618.0000	32895+18	
922	Clic!/leader/CATALOGO/INFO/100585.WAV	TEXT	LMAN	324314	32774	0	-1	1997-02-11 16:58:49	1996-08-27 16:38:28	164013.0000	32774+32	
860	Clic!/leader/CATALOGO/INFO/100586.WAV	TEXT	LMAN	360364	31441	0	-1	1997-02-11 16:58:50	1996-08-27 16:38:30	157348.0000	31441+36	
915	Clic!/leader/CATALOGO/INFO/100588.WAV	TEXT	LMAN	247984	32633	0	-1	1997-02-11 16:58:50	1996-08-27 16:38:32	163308.0000	32633+25	
854	Clic!/leader/CATALOGO/INFO/100589.WAV	TEXT	LMAN	267142	31345	0	-1	1997-02-11 16:58:51	1996-08-27 16:38:32	156868.0000	31345+27	
927	Clic!/leader/CATALOGO/INFO/100591.WAV	TEXT	LMAN	215072	32913	0	-1	1997-02-11 16:58:51	1996-08-27 16:38:34	164708.0000	32913+22	
862	Clic!/leader/CATALOGO/INFO/100595.WAV	TEXT	LMAN	249724	31501	0	-1	1997-02-11 16:58:52	1996-08-27 16:38:34	157648.0000	31501+25	
996	Clic!/leader/CATALOGO/INFO/100596.WAV	TEXT	LMAN	287058	34763	0	-1	1997-02-11 16:58:52	1996-08-27 16:38:36	173958.0000	34763+29	
919	Clic!/leader/CATALOGO/INFO/100597.WAV	TEXT	LMAN	335992	32705	0	-1	1997-02-11 16:58:52	1996-08-27 16:38:38	163668.0000	32705+33	
859	Clic!/leader/CATALOGO/INFO/100600.WAV	TEXT	LMAN	126532	31428	0	-1	1997-02-11 16:58:53	1996-11-08 13:09:24	157283.0000	31428+13	
994	Clic!/leader/CATALOGO/INFO/100601.WAV	TEXT	LMAN	385510	34708	0	-1	1997-02-11 16:58:53	1996-08-27 16:38:40	173683.0000	34708+38	
913	Clic!/leader/CATALOGO/INFO/100602.WAV	TEXT	LMAN	243188	32592	0	-1	1997-02-11 16:58:54	1996-07-19 14:50:52	163103.0000	32592+24	
852	Clic!/leader/CATALOGO/INFO/100603.WAV	TEXT	LMAN	179042	31310	0	-1	1997-02-11 16:58:54	1996-08-27 16:38:42	156693.0000	31310+18	
988	Clic!/leader/CATALOGO/INFO/100604.WAV	TEXT	LMAN	179042	34609	0	-1	1997-02-11 16:58:55	1996-08-27 16:38:44	173188.0000	34609+18	
910	Clic!/leader/CATALOGO/INFO/100605.WAV	TEXT	LMAN	160700	32536	0	-1	1997-02-11 16:58:55	1996-08-27 16:38:46	162823.0000	32536+16	
989	Clic!/leader/CATALOGO/INFO/100613.WAV	TEXT	LMAN	230908	34627	0	-1	1997-02-11 16:58:55	1996-07-19 14:51:50	173278.0000	34627+23	
911	Clic!/leader/CATALOGO/INFO/100614.WAV	TEXT	LMAN	157542	32552	0	-1	1997-02-11 16:58:56	1996-11-08 13:09:46	162903.0000	32552+16	
849	Clic!/leader/CATALOGO/INFO/100615.WAV	TEXT	LMAN	428576	31232	0	-1	1997-02-11 16:58:56	1996-07-19 14:51:44	156303.0000	31232+42	
986	Clic!/leader/CATALOGO/INFO/100616.WAV	TEXT	LMAN	228540	34567	0	-1	1997-02-11 16:58:57	1996-07-19 14:50:26	172978.0000	34567+23	
908	Clic!/leader/CATALOGO/INFO/100617.WAV	TEXT	LMAN	182536	32493	0	-1	1997-02-11 16:58:57	1996-11-08 13:10:10	162608.0000	32493+18	
844	Clic!/leader/CATALOGO/INFO/100618.WAV	TEXT	LMAN	152234	31130	0	-1	1997-02-11 16:58:57	1996-11-08 13:10:22	155793.0000	31130+15	
980	Clic!/leader/CATALOGO/INFO/100619.WAV	TEXT	LMAN	290714	34437	0	-1	1997-02-11 16:58:58	1996-07-19 14:51:58	172328.0000	34437+29	
918	Clic!/leader/CATALOGO/INFO/100620.WAV	TEXT	LMAN	130158	32692	0	-1	1997-02-11 16:58:58	1996-11-08 13:10:32	163603.0000	32692+13	
846	Clic!/leader/CATALOGO/INFO/100627.WAV	TEXT	LMAN	317088	31168	0	-1	1997-02-11 16:58:58	1996-08-27 16:38:50	155983.0000	31168+31	
983	Clic!/leader/CATALOGO/INFO/100628.WAV	TEXT	LMAN	364994	34499	0	-1	1997-02-11 16:58:59	1996-08-27 16:38:52	172638.0000	34499+36	
905	Clic!/leader/CATALOGO/INFO/100629.WAV	TEXT	LMAN	266570	32438	0	-1	1997-02-11 16:58:59	1996-08-27 16:38:54	162333.0000	32438+27	
858	Clic!/leader/CATALOGO/INFO/100630.WAV	TEXT	LMAN	181934	31410	0	-1	1997-02-11 16:59:00	1996-08-27 16:38:56	157193.0000	31410+18	
993	Clic!/leader/CATALOGO/INFO/100631.WAV	TEXT	LMAN	146784	34693	0	-1	1997-02-11 16:59:00	1996-08-27 16:38:58	173608.0000	34693+15	
912	Clic!/leader/CATALOGO/INFO/100632.WAV	TEXT	LMAN	237270	32568	0	-1	1997-02-11 16:59:00	1996-08-27 16:39:02	162983.0000	32568+24	
851	Clic!/leader/CATALOGO/INFO/100633.WAV	TEXT	LMAN	190252	31291	0	-1	1997-02-11 16:59:01	1996-08-27 16:39:04	156598.0000	31291+19	
987	Clic!/leader/CATALOGO/INFO/100634.WAV	TEXT	LMAN	192880	34590	0	-1	1997-02-11 16:59:01	1996-08-27 16:39:06	173093.0000	34590+19	
909	Clic!/leader/CATALOGO/INFO/100635.WAV	TEXT	LMAN	248472	32511	0	-1	1997-02-11 16:59:01	1996-08-27 16:39:08	162698.0000	32511+25	
847	Clic!/leader/CATALOGO/INFO/100636.WAV	TEXT	LMAN	161288	31199	0	-1	1997-02-11 16:59:02	1996-08-27 16:39:10	156138.0000	31199+16	
984	Clic!/leader/CATALOGO/INFO/100637.WAV	TEXT	LMAN	160854	34535	0	-1	1997-02-11 16:59:02	1996-08-27 16:39:14	172818.0000	34535+16	
907	Clic!/leader/CATALOGO/INFO/100638.WAV	TEXT	LMAN	173606	32476	0	-1	1997-02-11 16:59:02	1996-08-27 16:39:16	162523.0000	32476+17	
842	Clic!/leader/CATALOGO/INFO/100639.WAV	TEXT	LMAN	160168	31088	0	-1	1997-02-11 16:59:03	1996-08-27 16:39:18	155583.0000	31088+16	
995	Clic!/leader/CATALOGO/INFO/100640.WAV	TEXT	LMAN	172554	34746	0	-1	1997-02-11 16:59:03	1996-08-27 16:39:22	173873.0000	34746+17	
914	Clic!/leader/CATALOGO/INFO/100641.WAV	TEXT	LMAN	167906	32616	0	-1	1997-02-11 16:59:03	1996-08-27 16:39:26	163223.0000	32616+17	
853	Clic!/leader/CATALOGO/INFO/100642.WAV	TEXT	LMAN	167856	31328	0	-1	1997-02-11 16:59:04	1996-11-08 13:10:44	156783.0000	31328+17	
848	Clic!/leader/CATALOGO/INFO/100645.WAV	TEXT	LMAN	164328	31215	0	-1	1997-02-11 16:59:04	1996-11-08 13:11:08	156218.0000	31215+17	
985	Clic!/leader/CATALOGO/INFO/100646.WAV	TEXT	LMAN	160318	34551	0	-1	1997-02-11 16:59:04	1996-11-08 13:11:20	172898.0000	34551+16	
917	Clic!/leader/CATALOGO/INFO/100650.WAV	TEXT	LMAN	101130	32682	0	-1	1997-02-11 16:59:04	1996-11-08 13:18:18	163553.0000	32682+10	
855	Clic!/leader/CATALOGO/INFO/100651.WAV	TEXT	LMAN	151194	31372	0	-1	1997-02-11 16:59:05	1996-11-08 13:09:58	157003.0000	31372+15	
990	Clic!/leader/CATALOGO/INFO/100652.WAV	TEXT	LMAN	127940	34650	0	-1	1997-02-11 16:59:05	1996-11-08 13:11:42	173393.0000	34650+13	
850	Clic!/leader/CATALOGO/INFO/100654.WAV	TEXT	LMAN	172328	31274	0	-1	1997-02-11 16:59:05	1996-11-08 13:10:56	156513.0000	31274+17	
991	Clic!/leader/CATALOGO/INFO/100691.WAV	TEXT	LMAN	176284	34663	0	-1	1997-02-11 16:59:05	1996-11-08 13:12:06	173458.0000	34663+18	
900	Clic!/leader/CATALOGO/INFO/100703.WAV	TEXT	LMAN	152990	32348	0	-1	1997-02-11 16:59:06	1996-11-08 13:12:18	161883.0000	32348+15	
838	Clic!/leader/CATALOGO/INFO/100704.WAV	TEXT	LMAN	152990	31023	0	-1	1997-02-11 16:59:06	1996-11-08 13:12:30	155258.0000	31023+15	
971	Clic!/leader/CATALOGO/INFO/100705.WAV	TEXT	LMAN	140684	34280	0	-1	1997-02-11 16:59:06	1996-11-08 13:12:40	171543.0000	34280+14	
893	Clic!/leader/CATALOGO/INFO/100706.WAV	TEXT	LMAN	147278	32228	0	-1	1997-02-11 16:59:06	1996-11-08 13:12:50	161283.0000	32228+15	
833	Clic!/leader/CATALOGO/INFO/100707.WAV	TEXT	LMAN	168374	30942	0	-1	1997-02-11 16:59:07	1996-11-08 13:13:02	154853.0000	30942+17	
964	Clic!/leader/CATALOGO/INFO/100708.WAV	TEXT	LMAN	182438	34164	0	-1	1997-02-11 16:59:07	1996-11-08 13:13:16	170963.0000	34164+18	
889	Clic!/leader/CATALOGO/INFO/100709.WAV	TEXT	LMAN	157264	32158	0	-1	1997-02-11 16:59:07	1996-11-08 13:13:26	160933.0000	32158+16	
845	Clic!/leader/CATALOGO/INFO/100710.WAV	TEXT	LMAN	228540	31145	0	-1	1997-02-11 16:59:07	1996-07-19 14:50:26	155868.0000	31145+23	
981	Clic!/leader/CATALOGO/INFO/100711.WAV	TEXT	LMAN	147364	34466	0	-1	1997-02-11 16:59:08	1996-11-08 13:13:38	172473.0000	34466+15	
903	Clic!/leader/CATALOGO/INFO/100712.WAV	TEXT	LMAN	157146	32405	0	-1	1997-02-11 16:59:08	1996-11-08 13:13:48	162168.0000	32405+16	
840	Clic!/leader/CATALOGO/INFO/100713.WAV	TEXT	LMAN	174600	31052	0	-1	1997-02-11 16:59:08	1996-11-08 13:14:02	155403.0000	31052+18	
974	Clic!/leader/CATALOGO/INFO/100714.WAV	TEXT	LMAN	161954	34325	0	-1	1997-02-11 16:59:08	1996-11-08 13:14:14	171768.0000	34325+16	
896	Clic!/leader/CATALOGO/INFO/100715.WAV	TEXT	LMAN	161780	32275	0	-1	1997-02-11 16:59:09	1996-11-08 13:06:08	161518.0000	32275+16	
835	Clic!/leader/CATALOGO/INFO/100716.WAV	TEXT	LMAN	169252	30974	0	-1	1997-02-11 16:59:09	1996-11-08 13:05:56	155013.0000	30974+17	
966	Clic!/leader/CATALOGO/INFO/100717.WAV	TEXT	LMAN	168812	34200	0	-1	1997-02-11 16:59:09	1996-11-08 13:06:20	171143.0000	34200+17	
831	Clic!/leader/CATALOGO/INFO/100728.WAV	TEXT	LMAN	155814	30907	0	-1	1997-02-11 16:59:10	1996-11-08 13:14:24	154678.0000	30907+16	
962	Clic!/leader/CATALOGO/INFO/100729.WAV	TEXT	LMAN	167054	34130	0	-1	1997-02-11 16:59:10	1996-11-08 13:14:36	170793.0000	34130+17	
978	Clic!/leader/CATALOGO/INFO/100732.WAV	TEXT	LMAN	161780	34404	0	-1	1997-02-11 16:59:10	1996-11-08 13:06:44	172163.0000	34404+16	
837	Clic!/leader/CATALOGO/INFO/100734.WAV	TEXT	LMAN	169692	31006	0	-1	1997-02-11 16:59:10	1996-11-08 13:07:08	155173.0000	31006+17	
970	Clic!/leader/CATALOGO/INFO/100735.WAV	TEXT	LMAN	219794	34258	0	-1	1997-02-11 16:59:11	1996-11-08 13:07:38	171433.0000	34258+22	
892	Clic!/leader/CATALOGO/INFO/100736.WAV	TEXT	LMAN	216718	32206	0	-1	1997-02-11 16:59:11	1996-11-08 13:07:22	161173.0000	32206+22	
832	Clic!/leader/CATALOGO/INFO/100737.WAV	TEXT	LMAN	190348	30923	0	-1	1997-02-11 16:59:11	1996-11-08 13:07:52	154758.0000	30923+19	
963	Clic!/leader/CATALOGO/INFO/100738.WAV	TEXT	LMAN	172328	34147	0	-1	1997-02-11 16:59:12	1996-11-08 13:06:32	170878.0000	34147+17	
888	Clic!/leader/CATALOGO/INFO/100739.WAV	TEXT	LMAN	153242	32143	0	-1	1997-02-11 16:59:12	1996-11-08 13:14:48	160858.0000	32143+15	
843	Clic!/leader/CATALOGO/INFO/100740.WAV	TEXT	LMAN	263306	31104	0	-1	1997-02-11 16:59:12	1996-11-08 13:18:10	155663.0000	31104+26	
979	Clic!/leader/CATALOGO/INFO/100741.WAV	TEXT	LMAN	173902	34420	0	-1	1997-02-11 16:59:13	1996-11-08 13:15:00	172243.0000	34420+17	
902	Clic!/leader/CATALOGO/INFO/100742.WAV	TEXT	LMAN	184990	32386	0	-1	1997-02-11 16:59:13	1996-11-08 13:15:12	162073.0000	32386+19	
839	Clic!/leader/CATALOGO/INFO/100743.WAV	TEXT	LMAN	133424	31038	0	-1	1997-02-11 16:59:13	1996-11-08 13:15:22	155333.0000	31038+14	
973	Clic!/leader/CATALOGO/INFO/100744.WAV	TEXT	LMAN	152234	34310	0	-1	1997-02-11 16:59:13	1996-11-08 13:15:34	171693.0000	34310+15	
895	Clic!/leader/CATALOGO/INFO/100745.WAV	TEXT	LMAN	137116	32261	0	-1	1997-02-11 16:59:14	1996-11-08 13:15:44	161448.0000	32261+14	
890	Clic!/leader/CATALOGO/INFO/100748.WAV	TEXT	LMAN	157702	32174	0	-1	1997-02-11 16:59:14	1996-11-08 13:15:54	161013.0000	32174+16	
830	Clic!/leader/CATALOGO/INFO/100749.WAV	TEXT	LMAN	149308	30892	0	-1	1997-02-11 16:59:14	1996-11-08 13:16:06	154603.0000	30892+15	
982	Clic!/leader/CATALOGO/INFO/100750.WAV	TEXT	LMAN	174408	34481	0	-1	1997-02-11 16:59:14	1996-11-08 13:16:18	172548.0000	34481+18	
904	Clic!/leader/CATALOGO/INFO/100751.WAV	TEXT	LMAN	166344	32421	0	-1	1997-02-11 16:59:15	1996-11-08 13:16:30	162248.0000	32421+17	
897	Clic!/leader/CATALOGO/INFO/100754.WAV	TEXT	LMAN	174406	32291	0	-1	1997-02-11 16:59:15	1996-11-08 13:16:42	161598.0000	32291+18	
967	Clic!/leader/CATALOGO/INFO/100756.WAV	TEXT	LMAN	121494	34217	0	-1	1997-02-11 16:59:15	1996-11-08 13:16:52	171228.0000	34217+12	
891	Clic!/leader/CATALOGO/INFO/100757.WAV	TEXT	LMAN	161364	32190	0	-1	1997-02-11 16:59:16	1979-06-05 06:14:44	161093.0000	32190+16	
961	Clic!/leader/CATALOGO/INFO/100759.WAV	TEXT	LMAN	215930	34108	0	-1	1997-02-11 16:59:16	1979-06-05 06:14:44	170683.0000	34108+22	
906	Clic!/leader/CATALOGO/INFO/100760.WAV	TEXT	LMAN	111922	32465	0	-1	1997-02-11 16:59:16	1979-06-05 06:14:44	162468.0000	32465+11	
841	Clic!/leader/CATALOGO/INFO/100761.WAV	TEXT	LMAN	179236	31070	0	-1	1997-02-11 16:59:16	1979-06-05 06:14:44	155493.0000	31070+18	
977	Clic!/leader/CATALOGO/INFO/100762.WAV	TEXT	LMAN	158024	34388	0	-1	1997-02-11 16:59:17	1979-06-05 06:14:44	172083.0000	34388+16	
899	Clic!/leader/CATALOGO/INFO/100763.WAV	TEXT	LMAN	220902	32326	0	-1	1997-02-11 16:59:17	1979-06-05 06:14:44	161773.0000	32326+22	
969	Clic!/leader/CATALOGO/INFO/100765.WAV	TEXT	LMAN	153528	34243	0	-1	1997-02-11 16:59:17	1979-06-05 06:14:44	171358.0000	34243+15	
901	Clic!/leader/CATALOGO/INFO/100772.WAV	TEXT	LMAN	231594	32363	0	-1	1997-02-11 16:59:17	1979-06-05 06:14:44	161958.0000	32363+23	
972	Clic!/leader/CATALOGO/INFO/100774.WAV	TEXT	LMAN	155546	34294	0	-1	1997-02-11 16:59:18	1996-11-08 13:17:02	171613.0000	34294+16	
894	Clic!/leader/CATALOGO/INFO/100775.WAV	TEXT	LMAN	181728	32243	0	-1	1997-02-11 16:59:18	1996-11-08 13:17:16	161358.0000	32243+18	
834	Clic!/leader/CATALOGO/INFO/100776.WAV	TEXT	LMAN	153562	30959	0	-1	1997-02-11 16:59:18	1996-11-08 13:17:26	154938.0000	30959+15	
965	Clic!/leader/CATALOGO/INFO/100777.WAV	TEXT	LMAN	179348	34182	0	-1	1997-02-11 16:59:19	1996-11-08 13:17:40	171053.0000	34182+18	
975	Clic!/leader/CATALOGO/INFO/100783.WAV	TEXT	LMAN	329174	34341	0	-1	1997-02-11 16:59:19	1979-06-05 06:14:44	171848.0000	34341+33	
976	Clic!/leader/CATALOGO/INFO/2723.WAV	TEXT	LMAN	135530	34374	0	-1	1997-02-11 16:59:20	1996-11-08 13:18:28	172013.0000	34374+14	
898	Clic!/leader/CATALOGO/INFO/2724.WAV	TEXT	LMAN	173526	32309	0	-1	1997-02-11 16:59:20	1996-11-08 13:18:40	161688.0000	32309+17	
836	Clic!/leader/CATALOGO/INFO/2725.WAV	TEXT	LMAN	150368	30991	0	-1	1997-02-11 16:59:20	1996-11-08 13:18:52	155098.0000	30991+15	
968	Clic!/leader/CATALOGO/INFO/2726.WAV	TEXT	LMAN	136828	34229	0	-1	1997-02-11 16:59:20	1996-11-08 13:19:02	171288.0000	34229+14	
878	Clic!/leader/CATALOGO/INFO/3097.WAV	TEXT	LMAN	173526	31879	0	-1	1997-02-11 16:59:20	1996-11-08 13:19:14	159538.0000	31879+17	
1016	Clic!/leader/CATALOGO/INFO/3098.WAV	TEXT	LMAN	150368	35386	0	-1	1997-02-11 16:59:21	1996-11-08 13:19:26	177073.0000	35386+15	
877	Clic!/leader/CATALOGO/INFO/400009.WAV	TEXT	LMAN	216300	31857	0	-1	1997-02-11 16:59:21	1996-07-19 15:10:16	159428.0000	31857+22	
885	Clic!/leader/CATALOGO/INFO/400030.WAV	TEXT	LMAN	179724	32095	0	-1	1997-02-11 16:59:21	1996-07-19 15:14:20	160618.0000	32095+18	
955	Clic!/leader/CATALOGO/INFO/400032.WAV	TEXT	LMAN	24332	33995	0	-1	1997-02-11 16:59:22	1996-07-19 15:15:22	170118.0000	33995+3	
883	Clic!/leader/CATALOGO/INFO/400033.WAV	TEXT	LMAN	158732	32064	0	-1	1997-02-11 16:59:22	1996-07-19 15:16:08	160463.0000	32064+16	
1019	Clic!/leader/CATALOGO/INFO/400034.WAV	TEXT	LMAN	22988	35488	0	-1	1997-02-11 16:59:22	1996-07-19 15:16:16	177583.0000	35488+3	
952	Clic!/leader/CATALOGO/INFO/400035.WAV	TEXT	LMAN	38668	33960	0	-1	1997-02-11 16:59:22	1996-07-19 15:16:28	169943.0000	33960+4	
1021	Clic!/leader/CATALOGO/INFO/400040.WAV	TEXT	LMAN	152556	35526	0	-1	1997-02-11 16:59:22	1996-07-19 15:17:12	177773.0000	35526+15	
957	Clic!/leader/CATALOGO/INFO/400041.WAV	TEXT	LMAN	137772	34040	0	-1	1997-02-11 16:59:22	1996-07-19 15:17:52	170343.0000	34040+14	
884	Clic!/leader/CATALOGO/INFO/400042.WAV	TEXT	LMAN	147820	32080	0	-1	1997-02-11 16:59:23	1996-07-19 15:18:36	160543.0000	32080+15	
958	Clic!/leader/CATALOGO/INFO/400050.WAV	TEXT	LMAN	23660	34054	0	-1	1997-02-11 16:59:23	1996-07-19 15:19:58	170413.0000	34054+3	
882	Clic!/leader/CATALOGO/INFO/400054.WAV	TEXT	LMAN	37996	32060	0	-1	1997-02-11 16:59:23	1996-07-19 15:21:42	160443.0000	32060+4	
954	Clic!/leader/CATALOGO/INFO/400062.WAV	TEXT	LMAN	41964	33990	0	-1	1997-02-11 16:59:23	1996-07-19 15:26:48	170093.0000	33990+5	
880	Clic!/leader/CATALOGO/INFO/400066.WAV	TEXT	LMAN	231842	32020	0	-1	1997-02-11 16:59:23	1996-07-19 15:27:54	160243.0000	32020+23	
1018	Clic!/leader/CATALOGO/INFO/400067.WAV	TEXT	LMAN	206572	35467	0	-1	1997-02-11 16:59:24	1996-07-19 15:28:56	177478.0000	35467+21	
950	Clic!/leader/CATALOGO/INFO/400068.WAV	TEXT	LMAN	191052	33858	0	-1	1997-02-11 16:59:24	1996-07-19 15:29:52	169433.0000	33858+19	
956	Clic!/leader/CATALOGO/INFO/400071.WAV	TEXT	LMAN	427052	33998	0	-1	1997-02-11 16:59:24	1995-11-21 19:22:54	170133.0000	33998+42	
953	Clic!/leader/CATALOGO/INFO/400083.WAV	TEXT	LMAN	257502	33964	0	-1	1997-02-11 16:59:25	1996-05-02 18:08:52	169963.0000	33964+26	
951	Clic!/leader/CATALOGO/INFO/400095.WAV	TEXT	LMAN	843180	33877	0	-1	1997-02-11 16:59:25	1995-11-21 18:42:04	169528.0000	33877+83	
879	Clic!/leader/CATALOGO/INFO/400096.WAV	TEXT	LMAN	1261996	31896	0	-1	1997-02-11 16:59:27	1995-11-21 17:46:50	159623.0000	31896+124	
1017	Clic!/leader/CATALOGO/INFO/400097.WAV	TEXT	LMAN	672556	35401	0	-1	1997-02-11 16:59:29	1995-11-21 17:37:02	177148.0000	35401+66	
1010	Clic!/leader/CATALOGO/INFO/400108.WAV	TEXT	LMAN	160854	35033	0	-1	1997-02-11 16:59:30	1996-08-27 16:39:14	175308.0000	35033+16	
946	Clic!/leader/CATALOGO/INFO/400109.WAV	TEXT	LMAN	1287724	33368	0	-1	1997-02-11 16:59:30	1995-11-22 16:28:40	166983.0000	33368+126	
1014	Clic!/leader/CATALOGO/INFO/400111.WAV	TEXT	LMAN	1066412	35227	0	-1	1997-02-11 16:59:32	1995-11-21 16:45:40	176278.0000	35227+105	
875	Clic!/leader/CATALOGO/INFO/400113.WAV	TEXT	LMAN	826540	31751	0	-1	1997-02-11 16:59:34	1995-11-21 17:40:22	158898.0000	31751+81	
1013	Clic!/leader/CATALOGO/INFO/400114.WAV	TEXT	LMAN	876460	35141	0	-1	1997-02-11 16:59:36	1995-11-21 17:41:10	175848.0000	35141+86	
948	Clic!/leader/CATALOGO/INFO/400115.WAV	TEXT	LMAN	1425068	33615	0	-1	1997-02-11 16:59:37	1995-11-22 12:03:04	168218.0000	33615+140	
1012	Clic!/leader/CATALOGO/INFO/400117.WAV	TEXT	LMAN	832300	35059	0	-1	1997-02-11 16:59:39	1995-11-21 17:48:32	175438.0000	35059+82	
947	Clic!/leader/CATALOGO/INFO/400118.WAV	TEXT	LMAN	1229228	33494	0	-1	1997-02-11 16:59:41	1995-11-22 16:21:58	167613.0000	33494+121	
1015	Clic!/leader/CATALOGO/INFO/400120.WAV	TEXT	LMAN	543404	35332	0	-1	1997-02-11 16:59:43	1995-11-21 18:57:54	176803.0000	35332+54	
949	Clic!/leader/CATALOGO/INFO/400121.WAV	TEXT	LMAN	1050796	33755	0	-1	1997-02-11 16:59:44	1995-11-21 19:03:42	168918.0000	33755+103	
876	Clic!/leader/CATALOGO/INFO/400122.WAV	TEXT	LMAN	247646	31832	0	-1	1997-02-11 16:59:45	1996-05-02 18:03:26	159303.0000	31832+25	
1011	Clic!/leader/CATALOGO/INFO/400147.WAV	TEXT	LMAN	95250	35049	0	-1	1997-02-11 16:59:46	1979-06-05 06:14:44	175388.0000	35049+10	
960	Clic!/leader/CATALOGO/INFO/626.WAV	TEXT	LMAN	353152	34073	0	-1	1997-02-11 16:59:46	1979-06-05 06:14:44	170508.0000	34073+35	
887	Clic!/leader/CATALOGO/INFO/630.WAV	TEXT	LMAN	170570	32126	0	-1	1997-02-11 16:59:47	1996-11-08 13:19:50	160773.0000	32126+17	
1022	Clic!/leader/CATALOGO/INFO/632.WAV	TEXT	LMAN	162312	35541	0	-1	1997-02-11 16:59:47	1996-11-08 13:20:12	177848.0000	35541+16	
886	Clic!/leader/CATALOGO/INFO/633.WAV	TEXT	LMAN	126532	32113	0	-1	1997-02-11 16:59:47	1996-11-08 13:20:22	160708.0000	32113+13	
959	Clic!/leader/CATALOGO/INFO/634.WAV	TEXT	LMAN	156770	34057	0	-1	1997-02-11 16:59:47	1996-11-08 13:20:34	170428.0000	34057+16	
1024	Clic!/leader/CATALOGO/VIDEO/HOLDER.MOV	TEXT	LMAN	2182682	35557	0	-1	1997-02-11 17:08:17	1996-10-01 09:10:48	177928.0000	35557+214	
1036	Clic!/leader/TOMB/DEMO.DAT	TEXT	LMAN	628	35839	0	-1	1997-02-11 16:58:07	1996-07-12 02:55:50	179338.0000	35839+1	
1027	Clic!/leader/TOMB/DOS4GW.EXE	DEXE	LMAN	265396	35772	0	-1	1997-02-11 16:58:07	1996-02-29 15:06:00	179003.0000	35772+26	
1031	Clic!/leader/TOMB/DRUM.BNK	TEXT	LMAN	5404	35802	0	-1	1997-02-11 16:58:07	1995-06-19 12:09:34	179153.0000	35802+1	
1040	Clic!/leader/TOMB/HMIDET.386	TEXT	LMAN	83774	35918	0	-1	1997-02-11 16:58:08	1995-03-09 10:43:02	179733.0000	35918+9	
1039	Clic!/leader/TOMB/HMIDRV.386	TEXT	LMAN	317317	35887	0	-1	1997-02-11 16:58:08	1995-03-09 10:42:58	179578.0000	35887+31	
1045	Clic!/leader/TOMB/HMIMDRV.386	TEXT	LMAN	117852	35941	0	-1	1997-02-11 16:58:08	1995-06-19 20:27:00	179848.0000	35941+12	
1030	Clic!/leader/TOMB/HMISET.BAK	TEXT	LMAN	227	35801	0	-1	1997-02-11 16:58:08	1995-09-08 11:56:20	179148.0000	35801+1	
1038	Clic!/leader/TOMB/HMISET.CFG	TEXT	LMAN	227	35886	0	-1	1997-02-11 16:58:08	1996-07-26 09:27:36	179573.0000	35886+1	
1026	Clic!/leader/TOMB/INSTALL.BAT	DEXE	LMAN	151	35771	0	-1	1997-02-11 16:58:08	1996-09-04 16:31:20	178998.0000	35771+1	
1033	Clic!/leader/TOMB/MELODIC.BNK	TEXT	LMAN	5404	35818	0	-1	1997-02-11 16:58:08	1995-06-19 12:09:40	179233.0000	35818+1	
1034	Clic!/leader/TOMB/SETUP.EXE	DEXE	LMAN	188279	35819	0	-1	1997-02-11 16:58:08	1995-03-17 09:58:06	179238.0000	35819+19	
1035	Clic!/leader/TOMB/SETUP.INI	TEXT	LMAN	3357	35838	0	-1	1997-02-11 16:58:09	1995-03-16 11:08:54	179333.0000	35838+1	
1032	Clic!/leader/TOMB/TEST.EXE	DEXE	LMAN	147114	35803	0	-1	1997-02-11 16:58:09	1995-10-17 14:55:40	179158.0000	35803+15	
1028	Clic!/leader/TOMB/TEST.HMI	TEXT	LMAN	13109	35798	0	-1	1997-02-11 16:58:09	1995-07-10 09:37:34	179133.0000	35798+2	
1044	Clic!/leader/TOMB/TEST.HMP	TEXT	LMAN	19069	35939	0	-1	1997-02-11 16:58:09	1995-03-13 11:45:38	179838.0000	35939+2	
1043	Clic!/leader/TOMB/TEST.RAW	TEXT	LMAN	40320	35935	0	-1	1997-02-11 16:58:09	1995-10-17 14:55:40	179818.0000	35935+4	
1037	Clic!/leader/TOMB/TOMB.EXE	DEXE	LMAN	462165	35840	0	-1	1997-02-11 16:58:09	1996-09-04 18:24:32	179343.0000	35840+46	
1042	Clic!/leader/TOMB/TOMB.LOG	TEXT	LMAN	0	-1	0	-1	1997-02-11 16:58:10	1996-08-07 11:27:50			
1041	Clic!/leader/TOMB/TOMB.MAP	TEXT	LMAN	78515	35927	0	-1	1997-02-11 16:58:10	1996-09-03 22:38:52	179778.0000	35927+8	
1029	Clic!/leader/TOMB/UPDATE.BAT	DEXE	LMAN	135	35800	0	-1	1997-02-11 16:58:10	1996-07-26 13:11:38	179143.0000	35800+1	
1071	Clic!/leader/DATA/CURRENT.PHD	TEXT	LMAN	352678	40409	0	-1	1997-02-11 16:56:42	1996-09-04 15:23:54	202188.0000	40409+35	
1054	Clic!/leader/DATA/CUT1.CIN	TEXT	LMAN	25602	37483	0	-1	1997-02-11 16:56:43	1996-07-10 13:53:00	187558.0000	37483+3	
1068	Clic!/leader/DATA/CUT1.PHD	TEXT	LMAN	639338	40033	0	-1	1997-02-11 16:56:43	1996-09-04 12:32:48	200308.0000	40033+63	
1072	Clic!/leader/DATA/CUT2.CIN	TEXT	LMAN	16002	40444	0	-1	1997-02-11 16:56:44	1996-08-01 00:44:02	202363.0000	40444+2	
1059	Clic!/leader/DATA/CUT2.PHD	TEXT	LMAN	397646	38558	0	-1	1997-02-11 16:56:44	1996-09-04 12:32:50	192933.0000	38558+39	
1052	Clic!/leader/DATA/GYM.PHD	TEXT	LMAN	1629444	37322	0	-1	1997-02-11 16:56:45	1996-09-04 12:32:10	186753.0000	37322+160	
1058	Clic!/leader/DATA/LEVEL1.PHD	TEXT	LMAN	2436202	38320	0	-1	1997-02-11 16:56:47	1996-09-04 12:32:12	191743.0000	38320+238	
1051	Clic!/leader/DATA/LEVEL10A.PHD	TEXT	LMAN	2806968	37047	0	-1	1997-02-11 16:56:51	1996-09-04 12:32:42	185378.0000	37047+275	
1070	Clic!/leader/DATA/LEVEL10B.PHD	TEXT	LMAN	2841798	40131	0	-1	1997-02-11 16:56:56	1996-09-04 12:32:44	200798.0000	40131+278	
1061	Clic!/leader/DATA/LEVEL10C.PHD	TEXT	LMAN	2757722	38602	0	-1	1997-02-11 16:57:01	1996-09-04 12:32:48	193153.0000	38602+270	
1049	Clic!/leader/DATA/LEVEL2.PHD	TEXT	LMAN	2798976	36511	0	-1	1997-02-11 16:57:06	1996-09-04 12:32:14	182698.0000	36511+274	
1067	Clic!/leader/DATA/LEVEL3A.PHD	TEXT	LMAN	3000846	39739	0	-1	1997-02-11 16:57:11	1996-09-04 16:12:32	198838.0000	39739+294	
1062	Clic!/leader/DATA/LEVEL3B.CIN	TEXT	LMAN	2242	38872	0	-1	1997-02-11 16:57:16	1996-07-12 03:21:06	194503.0000	38872+1	
1050	Clic!/leader/DATA/LEVEL3B.PHD	TEXT	LMAN	2677566	36785	0	-1	1997-02-11 16:57:16	1996-09-04 12:32:18	184068.0000	36785+262	
1055	Clic!/leader/DATA/LEVEL4.PHD	TEXT	LMAN	2931956	37486	0	-1	1997-02-11 16:57:20	1996-09-04 12:32:22	187573.0000	37486+287	
1047	Clic!/leader/DATA/LEVEL5.PHD	TEXT	LMAN	2700492	35953	0	-1	1997-02-11 16:57:25	1996-09-04 12:32:24	179908.0000	35953+264	
1053	Clic!/leader/DATA/LEVEL6.CIN	TEXT	LMAN	8002	37482	0	-1	1997-02-11 16:57:30	1996-08-21 13:16:48	187553.0000	37482+1	
1064	Clic!/leader/DATA/LEVEL6.PHD	TEXT	LMAN	2884424	38895	0	-1	1997-02-11 16:57:30	1996-09-04 12:32:26	194618.0000	38895+282	
1057	Clic!/leader/DATA/LEVEL7A.PHD	TEXT	LMAN	2722034	38054	0	-1	1997-02-11 16:57:35	1996-09-04 12:32:28	190413.0000	38054+266	
1066	Clic!/leader/DATA/LEVEL7B.PHD	TEXT	LMAN	2864774	39459	0	-1	1997-02-11 16:57:40	1996-09-04 12:32:32	197438.0000	39459+280	
1048	Clic!/leader/DATA/LEVEL8A.PHD	TEXT	LMAN	3006650	36217	0	-1	1997-02-11 16:57:45	1996-09-04 12:32:34	181228.0000	36217+294	
1056	Clic!/leader/DATA/LEVEL8B.PHD	TEXT	LMAN	2868496	37773	0	-1	1997-02-11 16:57:50	1996-09-04 12:32:36	189008.0000	37773+281	
1065	Clic!/leader/DATA/LEVEL8C.PHD	TEXT	LMAN	2883164	39177	0	-1	1997-02-11 16:57:54	1996-09-04 12:32:38	196028.0000	39177+282	
1060	Clic!/leader/DATA/TITLE.PCX	TEXT	LMAN	46591	38597	0	-1	1997-02-11 16:57:59	1996-09-04 14:50:52	193128.0000	38597+5	
1069	Clic!/leader/DATA/TITLE.PHD	TEXT	LMAN	352678	40096	0	-1	1997-02-11 16:57:59	1996-09-04 15:23:54	200623.0000	40096+35	
1063	Clic!/leader/DATA/TITLEH.PCX	TEXT	LMAN	218489	38873	0	-1	1997-02-11 16:57:59	1996-09-04 14:50:28	194508.0000	38873+22	
1074	Clic!/leader/QTW/QT32INST.EXE	DEXE	LMAN	1708544	40446	0	-1	1997-02-11 16:58:01	1996-03-15 05:00:00	202373.0000	40446+167	
1075	Clic!/leader/QTW/QTINSTAL.EXE	DEXE	LMAN	1394176	40613	0	-1	1997-02-11 16:58:04	1995-10-02 14:24:30	203208.0000	40613+137	
1086	Clic!/magdemo/ADRV688.DIG	TEXT	LMAN	11278	40818	0	-1	1997-02-11 17:42:19	1995-06-18 06:00:00	204233.0000	40818+2	
1095	Clic!/magdemo/AILDRVR.LST	TEXT	LMAN	17340	40849	0	-1	1997-02-11 17:42:19	1995-06-18 06:00:00	204388.0000	40849+2	
1079	Clic!/magdemo/CARBIFS.BZP	TEXT	LMAN	259061	40755	0	-1	1997-02-11 17:42:19	1996-10-30 20:31:54	203918.0000	40755+26	
1103	Clic!/magdemo/CARBIFS.LZP	TEXT	LMAN	117977	40945	0	-1	1997-02-11 17:42:19	1996-11-11 18:30:34	204868.0000	40945+12	
1084	Clic!/magdemo/CONFIG.DAT	TEXT	LMAN	253	40816	0	-1	1997-02-11 17:42:19	1997-02-07 14:06:30	204223.0000	40816+1	
1099	Clic!/magdemo/CONFIG2D.DAT	TEXT	LMAN	18	40938	0	-1	1997-02-11 17:42:19	1996-07-05 15:34:14	204833.0000	40938+1	
1085	Clic!/magdemo/CONFIG3D.DAT	TEXT	LMAN	204	40817	0	-1	1997-02-11 17:42:19	1996-11-21 11:32:34	204228.0000	40817+1	
1081	Clic!/magdemo/DOS4GW.EXE	DEXE	LMAN	254556	40783	0	-1	1997-02-11 17:42:19	1996-01-18 11:13:10	204058.0000	40783+25	
1089	Clic!/magdemo/DP_PREFS	TEXT	LMAN	324	40827	0	-1	1997-02-11 17:42:20	1997-02-07 14:19:10	204278.0000	40827+1	
1082	Clic!/magdemo/F1.CFG	TEXT	LMAN	99	40808	0	-1	1997-02-11 17:42:20	1997-02-07 14:03:50	204183.0000	40808+1	
1096	Clic!/magdemo/F1.EXE	DEXE	LMAN	866257	40851	0	-1	1997-02-11 17:42:20	1997-02-07 15:53:40	204398.0000	40851+85	
1108	Clic!/magdemo/F1.ICO	TEXT	LMAN	3774	40961	0	-1	1997-02-11 17:42:21	1997-01-09 13:49:56	204948.0000	40961+1	
1083	Clic!/magdemo/FTABLE.PAL	TEXT	LMAN	65536	40809	0	-1	1997-02-11 17:42:26	1996-06-25 17:32:44	204188.0000	40809+7	
1087	Clic!/magdemo/GENERAL.BZP	TEXT	LMAN	57020	40820	0	-1	1997-02-11 17:42:26	1996-11-07 12:50:44	204243.0000	40820+6	
1077	Clic!/magdemo/GENERAL.LZP	TEXT	LMAN	26175	40750	0	-1	1997-02-11 17:42:26	1996-11-13 20:14:04	203893.0000	40750+3	
1097	Clic!/magdemo/JAMMER.DIG	TEXT	LMAN	3219	40936	0	-1	1997-02-11 17:42:34	1995-06-18 06:00:00	204823.0000	40936+1	
1090	Clic!/magdemo/PALETTE.PAL	TEXT	LMAN	8966	40828	0	-1	1997-02-11 17:42:45	1996-07-04 16:50:48	204283.0000	40828+1	
1080	Clic!/magdemo/PLAYCD.EXE	DEXE	LMAN	14666	40781	0	-1	1997-02-11 17:42:51	1996-11-19 14:02:30	204048.0000	40781+2	
1106	Clic!/magdemo/PROAUDIO.DIG	TEXT	LMAN	2127	40959	0	-1	1997-02-11 17:42:52	1995-06-18 06:00:00	204938.0000	40959+1	
1093	Clic!/magdemo/RAP10.DIG	TEXT	LMAN	2849	40831	0	-1	1997-02-11 17:42:52	1995-06-18 06:00:00	204298.0000	40831+1	
1107	Clic!/magdemo/SB16.DIG	TEXT	LMAN	2836	40960	0	-1	1997-02-11 17:42:53	1995-06-18 06:00:00	204943.0000	40960+1	
1104	Clic!/magdemo/SBLASTER.DIG	TEXT	LMAN	2914	40957	0	-1	1997-02-11 17:42:53	1995-06-18 06:00:00	204928.0000	40957+1	
1092	Clic!/magdemo/SBPRO.DIG	TEXT	LMAN	2763	40830	0	-1	1997-02-11 17:42:53	1995-06-18 06:00:00	204293.0000	40830+1	
1100	Clic!/magdemo/SETSOUND.BAT	DEXE	LMAN	29	40939	0	-1	1997-02-11 17:42:53	1996-10-31 13:51:48	204838.0000	40939+1	
1094	Clic!/magdemo/SETSOUND.EXE	DEXE	LMAN	168741	40832	0	-1	1997-02-11 17:42:53	1995-06-18 06:00:00	204303.0000	40832+17	
1105	Clic!/magdemo/SNDSCAPE.DIG	TEXT	LMAN	4171	40958	0	-1	1997-02-11 17:42:53	1995-06-18 06:00:00	204933.0000	40958+1	
1098	Clic!/magdemo/SNDSYS.DIG	TEXT	LMAN	3332	40937	0	-1	1997-02-11 17:42:53	1995-07-04 20:44:14	204828.0000	40937+1	
1101	Clic!/magdemo/STATE.BAK	TEXT	LMAN	350	40940	0	-1	1997-02-11 17:42:53	1997-02-07 14:08:14	204843.0000	40940+1	
1088	Clic!/magdemo/STATE.RST	TEXT	LMAN	352	40826	0	-1	1997-02-11 17:42:54	1997-02-07 14:28:14	204273.0000	40826+1	
1091	Clic!/magdemo/ULTRA.DIG	TEXT	LMAN	9478	40829	0	-1	1997-02-11 17:42:54	1995-06-18 06:00:00	204288.0000	40829+1	
1102	Clic!/magdemo/WKEXTRAS.BZP	TEXT	LMAN	36842	40941	0	-1	1997-02-11 17:42:55	1996-11-11 18:44:10	204848.0000	40941+4	
1078	Clic!/magdemo/WKEXTRAS.LZP	TEXT	LMAN	10480	40753	0	-1	1997-02-11 17:42:55	1996-11-11 18:44:38	203908.0000	40753+2	
1114	Clic!/magdemo/PITSMACK/FMAN.SMK	TEXT	LMAN	6584	40971	0	-1	1997-02-11 17:42:50	1996-06-03 16:46:00	204998.0000	40971+1	
1119	Clic!/magdemo/PITSMACK/FUELMAN.SMK	TEXT	LMAN	9440	40977	0	-1	1997-02-11 17:42:51	1996-04-15 15:39:28	205028.0000	40977+1	
1118	Clic!/magdemo/PITSMACK/STATE.RST	TEXT	LMAN	215	40976	0	-1	1997-02-11 17:42:51	1996-05-02 17:09:52	205023.0000	40976+1	
1110	Clic!/magdemo/PITSMACK/STOPMAN.SMK	TEXT	LMAN	7752	40962	0	-1	1997-02-11 17:42:51	1996-06-03 16:46:12	204953.0000	40962+1	
1129	Clic!/magdemo/PITSMACK/TMAN.SMK	TEXT	LMAN	19476	41006	0	-1	1997-02-11 17:42:51	1996-05-01 16:46:20	205173.0000	41006+2	
1111	Clic!/magdemo/PITSMACK/TROLMAN.SMK	TEXT	LMAN	32040	40963	0	-1	1997-02-11 17:42:51	1996-04-15 15:40:04	204958.0000	40963+4	
1132	Clic!/magdemo/PITSMACK/TROLMANR.SMK	TEXT	LMAN	7004	41012	0	-1	1997-02-11 17:42:51	1996-06-10 13:48:26	205203.0000	41012+1	
1124	Clic!/magdemo/PITSMACK/W1MAN.SMK	TEXT	LMAN	13676	40990	0	-1	1997-02-11 17:42:51	1996-05-01 13:42:32	205093.0000	40990+2	
1122	Clic!/magdemo/PITSMACK/W1MANR.SMK	TEXT	LMAN	8604	40988	0	-1	1997-02-11 17:42:51	1996-06-10 13:48:38	205083.0000	40988+1	
1130	Clic!/magdemo/PITSMACK/W2MAN.SMK	TEXT	LMAN	10592	41008	0	-1	1997-02-11 17:42:51	1996-05-28 14:52:16	205183.0000	41008+2	
1113	Clic!/magdemo/PITSMACK/W2MANR.SMK	TEXT	LMAN	10368	40969	0	-1	1997-02-11 17:42:51	1996-06-05 15:56:28	204988.0000	40969+2	
1116	Clic!/magdemo/PITSMACK/W3MAN.SMK	TEXT	LMAN	9908	40973	0	-1	1997-02-11 17:42:51	1996-07-18 16:47:46	205008.0000	40973+1	
1126	Clic!/magdemo/PITSMACK/W3MANR.SMK	TEXT	LMAN	10732	40994	0	-1	1997-02-11 17:42:51	1996-06-05 15:56:18	205113.0000	40994+2	
1120	Clic!/magdemo/PITSMACK/WHL2MAN.SMK	TEXT	LMAN	31868	40978	0	-1	1997-02-11 17:42:51	1996-04-10 12:20:02	205033.0000	40978+4	
1115	Clic!/magdemo/PITSMACK/WINGB.SMK	TEXT	LMAN	8780	40972	0	-1	1997-02-11 17:42:51	1996-04-11 17:28:16	205003.0000	40972+1	
1123	Clic!/magdemo/PITSMACK/WINGF.SMK	TEXT	LMAN	8780	40989	0	-1	1997-02-11 17:42:51	1996-04-11 17:28:16	205088.0000	40989+1	
1131	Clic!/magdemo/PITSMACK/WLEFTA.SMK	TEXT	LMAN	13676	41010	0	-1	1997-02-11 17:42:51	1996-05-01 13:42:32	205193.0000	41010+2	
1125	Clic!/magdemo/PITSMACK/WLEFTB.SMK	TEXT	LMAN	13676	40992	0	-1	1997-02-11 17:42:51	1996-05-01 13:42:32	205103.0000	40992+2	
1117	Clic!/magdemo/PITSMACK/WLEFTC.SMK	TEXT	LMAN	13676	40974	0	-1	1997-02-11 17:42:51	1996-05-01 13:42:32	205013.0000	40974+2	
1128	Clic!/magdemo/PITSMACK/WMAN.SMK	TEXT	LMAN	58292	41000	0	-1	1997-02-11 17:42:51	1996-04-03 18:02:50	205143.0000	41000+6	
1121	Clic!/magdemo/PITSMACK/WRIGHTA.SMK	TEXT	LMAN	51868	40982	0	-1	1997-02-11 17:42:51	1996-04-15 15:40:38	205053.0000	40982+6	
1127	Clic!/magdemo/PITSMACK/WRIGHTB.SMK	TEXT	LMAN	39448	40996	0	-1	1997-02-11 17:42:51	1996-04-15 15:40:52	205123.0000	40996+4	
1112	Clic!/magdemo/PITSMACK/WRIGHTC.SMK	TEXT	LMAN	19472	40967	0	-1	1997-02-11 17:42:51	1996-04-15 15:41:18	204978.0000	40967+2	
1139	Clic!/magdemo/TEXTURES/CARS.TEX	TEXT	LMAN	23159	41024	0	-1	1997-02-11 17:42:54	1996-09-11 11:37:04	205263.0000	41024+3	
1145	Clic!/magdemo/TEXTURES/COLLCUBE.TEX	TEXT	LMAN	690	41043	0	-1	1997-02-11 17:42:54	1996-06-13 15:20:22	205358.0000	41043+1	
1135	Clic!/magdemo/TEXTURES/COLOURS.TEX	TEXT	LMAN	1995	41014	0	-1	1997-02-11 17:42:54	1996-06-07 12:35:32	205213.0000	41014+1	
1138	Clic!/magdemo/TEXTURES/FLAGS.TEX	TEXT	LMAN	1646	41023	0	-1	1997-02-11 17:42:54	1996-08-07 18:43:34	205258.0000	41023+1	
1134	Clic!/magdemo/TEXTURES/GENERAL.LTX	TEXT	LMAN	10140	41013	0	-1	1997-02-11 17:42:54	1996-11-12 12:23:40	205208.0000	41013+1	
1137	Clic!/magdemo/TEXTURES/GENERAL.TEX	TEXT	LMAN	10269	41021	0	-1	1997-02-11 17:42:54	1996-11-12 12:24:04	205248.0000	41021+2	
1142	Clic!/magdemo/TEXTURES/IMOLACLD.LBM	TEXT	LMAN	36308	41032	0	-1	1997-02-11 17:42:54	1996-11-16 02:13:20	205303.0000	41032+4	
1140	Clic!/magdemo/TEXTURES/IMOLASUN.LBM	TEXT	LMAN	37462	41027	0	-1	1997-02-11 17:42:54	1980-01-04 17:27:26	205278.0000	41027+4	
1141	Clic!/magdemo/TEXTURES/NEWCARS.TEX	TEXT	LMAN	9228	41031	0	-1	1997-02-11 17:42:54	1996-04-10 10:28:32	205298.0000	41031+1	
1144	Clic!/magdemo/TEXTURES/OLDCARS.LTX	TEXT	LMAN	57084	41037	0	-1	1997-02-11 17:42:54	1996-11-11 19:08:52	205328.0000	41037+6	
1136	Clic!/magdemo/TEXTURES/OLDCARS.TEX	TEXT	LMAN	57933	41015	0	-1	1997-02-11 17:42:54	1996-10-01 11:04:38	205218.0000	41015+6	
1143	Clic!/magdemo/TEXTURES/WORKSHOP.LTX	TEXT	LMAN	530	41036	0	-1	1997-02-11 17:42:54	1996-11-11 19:09:40	205323.0000	41036+1	
1146	Clic!/magdemo/TEXTURES/WORKSHOP.TEX	TEXT	LMAN	2348	41044	0	-1	1997-02-11 17:42:54	1996-11-11 18:42:06	205363.0000	41044+1	
1164	Clic!/magdemo/OLDCARS.NOR/CAR0.RAM	TEXT	LMAN	803	41061	0	-1	1997-02-11 17:42:44	1996-09-11 12:35:04	205448.0000	41061+1	
1155	Clic!/magdemo/OLDCARS.NOR/CAR1.RAM	TEXT	LMAN	808	41052	0	-1	1997-02-11 17:42:44	1996-09-11 12:34:02	205403.0000	41052+1	
1169	Clic!/magdemo/OLDCARS.NOR/CAR10.RAM	TEXT	LMAN	838	41066	0	-1	1997-02-11 17:42:44	1996-09-11 12:10:58	205473.0000	41066+1	
1151	Clic!/magdemo/OLDCARS.NOR/CAR11.RAM	TEXT	LMAN	836	41048	0	-1	1997-02-11 17:42:44	1996-09-11 13:06:58	205383.0000	41048+1	
1160	Clic!/magdemo/OLDCARS.NOR/CAR12.RAM	TEXT	LMAN	831	41057	0	-1	1997-02-11 17:42:44	1996-09-20 10:30:00	205428.0000	41057+1	
1168	Clic!/magdemo/OLDCARS.NOR/CAR13.RAM	TEXT	LMAN	830	41065	0	-1	1997-02-11 17:42:44	1996-09-20 10:52:38	205468.0000	41065+1	
1150	Clic!/magdemo/OLDCARS.NOR/CAR14.RAM	TEXT	LMAN	838	41047	0	-1	1997-02-11 17:42:44	1996-09-20 10:56:08	205378.0000	41047+1	
1159	Clic!/magdemo/OLDCARS.NOR/CAR15.RAM	TEXT	LMAN	836	41056	0	-1	1997-02-11 17:42:44	1996-09-20 10:57:44	205423.0000	41056+1	
1167	Clic!/magdemo/OLDCARS.NOR/CAR16.RAM	TEXT	LMAN	839	41064	0	-1	1997-02-11 17:42:44	1996-09-20 11:04:28	205463.0000	41064+1	
1149	Clic!/magdemo/OLDCARS.NOR/CAR17.RAM	TEXT	LMAN	831	41046	0	-1	1997-02-11 17:42:44	1996-09-20 11:04:44	205373.0000	41046+1	
1158	Clic!/magdemo/OLDCARS.NOR/CAR18.RAM	TEXT	LMAN	832	41055	0	-1	1997-02-11 17:42:45	1996-09-20 11:04:52	205418.0000	41055+1	
1166	Clic!/magdemo/OLDCARS.NOR/CAR19.RAM	TEXT	LMAN	832	41063	0	-1	1997-02-11 17:42:45	1996-09-20 11:05:02	205458.0000	41063+1	
1172	Clic!/magdemo/OLDCARS.NOR/CAR2.RAM	TEXT	LMAN	804	41069	0	-1	1997-02-11 17:42:45	1996-09-11 12:42:44	205488.0000	41069+1	
1157	Clic!/magdemo/OLDCARS.NOR/CAR20.RAM	TEXT	LMAN	834	41054	0	-1	1997-02-11 17:42:45	1996-09-20 11:26:32	205413.0000	41054+1	
1165	Clic!/magdemo/OLDCARS.NOR/CAR21.RAM	TEXT	LMAN	838	41062	0	-1	1997-02-11 17:42:45	1996-11-01 00:26:06	205453.0000	41062+1	
1148	Clic!/magdemo/OLDCARS.NOR/CAR22.RAM	TEXT	LMAN	829	41045	0	-1	1997-02-11 17:42:45	1996-09-20 11:18:06	205368.0000	41045+1	
1156	Clic!/magdemo/OLDCARS.NOR/CAR23.RAM	TEXT	LMAN	839	41053	0	-1	1997-02-11 17:42:45	1996-09-20 11:18:28	205408.0000	41053+1	
1163	Clic!/magdemo/OLDCARS.NOR/CAR3.RAM	TEXT	LMAN	800	41060	0	-1	1997-02-11 17:42:45	1996-09-11 12:37:08	205443.0000	41060+1	
1154	Clic!/magdemo/OLDCARS.NOR/CAR4.RAM	TEXT	LMAN	809	41051	0	-1	1997-02-11 17:42:45	1996-09-11 12:38:50	205398.0000	41051+1	
1171	Clic!/magdemo/OLDCARS.NOR/CAR5.RAM	TEXT	LMAN	807	41068	0	-1	1997-02-11 17:42:45	1996-09-11 12:46:40	205483.0000	41068+1	
1162	Clic!/magdemo/OLDCARS.NOR/CAR6.RAM	TEXT	LMAN	802	41059	0	-1	1997-02-11 17:42:45	1996-09-11 12:47:38	205438.0000	41059+1	
1153	Clic!/magdemo/OLDCARS.NOR/CAR7.RAM	TEXT	LMAN	808	41050	0	-1	1997-02-11 17:42:45	1996-09-11 12:48:14	205393.0000	41050+1	
1170	Clic!/magdemo/OLDCARS.NOR/CAR8.RAM	TEXT	LMAN	810	41067	0	-1	1997-02-11 17:42:45	1996-09-11 13:04:56	205478.0000	41067+1	
1161	Clic!/magdemo/OLDCARS.NOR/CAR9.RAM	TEXT	LMAN	803	41058	0	-1	1997-02-11 17:42:45	1996-09-11 13:05:52	205433.0000	41058+1	
1152	Clic!/magdemo/OLDCARS.NOR/CAROBS.RAM	TEXT	LMAN	764	41049	0	-1	1997-02-11 17:42:45	1996-10-31 22:15:48	205388.0000	41049+1	
1180	Clic!/magdemo/LIGHTS/C_LIGHT2.DAT	TEXT	LMAN	161	41076	0	-1	1997-02-11 17:42:34	1996-09-12 15:02:30	205523.0000	41076+1	
1179	Clic!/magdemo/LIGHTS/C_LIGHTS.DAT	TEXT	LMAN	333	41075	0	-1	1997-02-11 17:42:34	1996-09-12 15:02:30	205518.0000	41075+1	
1178	Clic!/magdemo/LIGHTS/F1.LTS	TEXT	LMAN	31	41074	0	-1	1997-02-11 17:42:34	1996-01-22 11:52:34	205513.0000	41074+1	
1183	Clic!/magdemo/LIGHTS/LIGHTS.DAT	TEXT	LMAN	155	41079	0	-1	1997-02-11 17:42:34	1994-12-20 18:08:48	205538.0000	41079+1	
1177	Clic!/magdemo/LIGHTS/LIGHTS1.DAT	TEXT	LMAN	83	41073	0	-1	1997-02-11 17:42:34	1994-09-02 11:07:00	205508.0000	41073+1	
1182	Clic!/magdemo/LIGHTS/LIGHTS2.DAT	TEXT	LMAN	84	41078	0	-1	1997-02-11 17:42:34	1994-09-02 18:24:32	205533.0000	41078+1	
1174	Clic!/magdemo/LIGHTS/LIGHTS3.DAT	TEXT	LMAN	156	41070	0	-1	1997-02-11 17:42:35	1994-09-02 16:57:52	205493.0000	41070+1	
1176	Clic!/magdemo/LIGHTS/LIGHTS4.DAT	TEXT	LMAN	292	41072	0	-1	1997-02-11 17:42:35	1994-09-16 10:06:28	205503.0000	41072+1	
1181	Clic!/magdemo/LIGHTS/LIGHTS5.DAT	TEXT	LMAN	41	41077	0	-1	1997-02-11 17:42:35	1994-12-20 18:57:16	205528.0000	41077+1	
1175	Clic!/magdemo/LIGHTS/W_LIGHTS.DAT	TEXT	LMAN	200	41071	0	-1	1997-02-11 17:42:35	1996-09-05 15:23:32	205498.0000	41071+1	
1206	Clic!/magdemo/SAMPLES/AIRJACK.SND	TEXT	LMAN	15424	41151	0	-1	1997-02-11 17:42:52	1996-10-23 17:41:58	205898.0000	41151+2	
1194	Clic!/magdemo/SAMPLES/BUMP.SND	TEXT	LMAN	7322	41109	0	-1	1997-02-11 17:42:52	1995-12-19 17:38:42	205688.0000	41109+1	
1190	Clic!/magdemo/SAMPLES/CROWD2.SND	TEXT	LMAN	47151	41095	0	-1	1997-02-11 17:42:52	1996-01-23 17:03:18	205618.0000	41095+5	
1193	Clic!/magdemo/SAMPLES/CRUNCH.SND	TEXT	LMAN	8480	41108	0	-1	1997-02-11 17:42:52	1996-10-23 17:25:16	205683.0000	41108+1	
1200	Clic!/magdemo/SAMPLES/FAST1BY.SND	TEXT	LMAN	68689	41125	0	-1	1997-02-11 17:42:52	1996-02-26 13:40:44	205768.0000	41125+7	
1189	Clic!/magdemo/SAMPLES/FAST2BY.SND	TEXT	LMAN	49390	41090	0	-1	1997-02-11 17:42:52	1996-02-26 13:41:30	205593.0000	41090+5	
1197	Clic!/magdemo/SAMPLES/FUELOOP.SND	TEXT	LMAN	11695	41118	0	-1	1997-02-11 17:42:52	1996-10-23 17:22:44	205733.0000	41118+2	
1187	Clic!/magdemo/SAMPLES/GEAR.SND	TEXT	LMAN	8688	41088	0	-1	1997-02-11 17:42:52	1996-07-26 17:46:18	205583.0000	41088+1	
1199	Clic!/magdemo/SAMPLES/GRAVEL5.SND	TEXT	LMAN	21361	41122	0	-1	1997-02-11 17:42:52	1996-10-23 21:21:08	205753.0000	41122+3	
1191	Clic!/magdemo/SAMPLES/GRIDOFF1.SND	TEXT	LMAN	52758	41100	0	-1	1997-02-11 17:42:52	1996-02-28 18:26:32	205643.0000	41100+6	
1185	Clic!/magdemo/SAMPLES/GRIDOFF2.SND	TEXT	LMAN	67844	41080	0	-1	1997-02-11 17:42:52	1996-02-28 18:27:14	205543.0000	41080+7	
1202	Clic!/magdemo/SAMPLES/GRIDOFF3.SND	TEXT	LMAN	56505	41134	0	-1	1997-02-11 17:42:53	1996-02-28 18:28:00	205813.0000	41134+6	
1203	Clic!/magdemo/SAMPLES/GRIDREV1.SND	TEXT	LMAN	16594	41140	0	-1	1997-02-11 17:42:53	1996-02-28 16:19:04	205843.0000	41140+2	
1192	Clic!/magdemo/SAMPLES/GRIDREV2.SND	TEXT	LMAN	10802	41106	0	-1	1997-02-11 17:42:53	1996-02-28 16:19:40	205673.0000	41106+2	
1186	Clic!/magdemo/SAMPLES/GRIDREV3.SND	TEXT	LMAN	5980	41087	0	-1	1997-02-11 17:42:53	1996-02-28 16:20:26	205578.0000	41087+1	
1205	Clic!/magdemo/SAMPLES/INCAR.SND	TEXT	LMAN	8966	41150	0	-1	1997-02-11 17:42:53	1995-11-23 11:52:20	205893.0000	41150+1	
1195	Clic!/magdemo/SAMPLES/KLAXON.SND	TEXT	LMAN	42298	41110	0	-1	1997-02-11 17:42:53	1996-02-22 18:22:06	205693.0000	41110+5	
1201	Clic!/magdemo/SAMPLES/PA2.SND	TEXT	LMAN	19051	41132	0	-1	1997-02-11 17:42:53	1996-10-23 17:22:08	205803.0000	41132+2	
1188	Clic!/magdemo/SAMPLES/SELECT1.SND	TEXT	LMAN	8280	41089	0	-1	1997-02-11 17:42:53	1996-03-13 16:48:54	205588.0000	41089+1	
1198	Clic!/magdemo/SAMPLES/SELECT2.SND	TEXT	LMAN	12752	41120	0	-1	1997-02-11 17:42:53	1996-03-13 16:49:34	205743.0000	41120+2	
1196	Clic!/magdemo/SAMPLES/SKIDBEND.SND	TEXT	LMAN	21794	41115	0	-1	1997-02-11 17:42:53	1996-02-26 16:57:06	205718.0000	41115+3	
1204	Clic!/magdemo/SAMPLES/SLOWBY.SND	TEXT	LMAN	75843	41142	0	-1	1997-02-11 17:42:53	1996-02-26 13:40:18	205853.0000	41142+8	
1381	Clic!/magdemo/OBJECTS/A.TXT	TEXT	MSWD	2428	41332	0	-1	1997-02-11 17:42:35	1995-12-06 16:26:36	206803.0000	41332+1	
1370	Clic!/magdemo/OBJECTS/ADBAZ.DAT	TEXT	LMAN	405	41319	0	-1	1997-02-11 17:42:35	1994-12-09 15:50:48	206738.0000	41319+1	
1249	Clic!/magdemo/OBJECTS/ADCAST.DAT	TEXT	LMAN	410	41194	0	-1	1997-02-11 17:42:35	1994-12-09 16:41:00	206113.0000	41194+1	
1231	Clic!/magdemo/OBJECTS/ADFAD.DAT	TEXT	LMAN	405	41176	0	-1	1997-02-11 17:42:35	1995-01-10 15:57:40	206023.0000	41176+1	
1310	Clic!/magdemo/OBJECTS/ADFORD.DAT	TEXT	LMAN	407	41257	0	-1	1997-02-11 17:42:35	1994-12-09 17:39:32	206428.0000	41257+1	
1281	Clic!/magdemo/OBJECTS/ADHONDA.DAT	TEXT	LMAN	399	41226	0	-1	1997-02-11 17:42:35	1994-12-09 16:54:18	206273.0000	41226+1	
1385	Clic!/magdemo/OBJECTS/ADKONI.DAT	TEXT	LMAN	407	41336	0	-1	1997-02-11 17:42:35	1994-12-09 16:58:30	206823.0000	41336+1	
1369	Clic!/magdemo/OBJECTS/ADNGK.DAT	TEXT	LMAN	405	41318	0	-1	1997-02-11 17:42:35	1994-12-09 17:36:12	206733.0000	41318+1	
1230	Clic!/magdemo/OBJECTS/ADPAN.DAT	TEXT	LMAN	399	41175	0	-1	1997-02-11 17:42:35	1994-12-09 17:08:10	206018.0000	41175+1	
1313	Clic!/magdemo/OBJECTS/ADPEUG.DAT	TEXT	LMAN	400	41260	0	-1	1997-02-11 17:42:36	1994-12-09 17:43:42	206443.0000	41260+1	
1347	Clic!/magdemo/OBJECTS/ADTEQUE.DAT	TEXT	LMAN	417	41296	0	-1	1997-02-11 17:42:36	1994-12-12 12:11:04	206623.0000	41296+1	
1314	Clic!/magdemo/OBJECTS/ADVAUX.DAT	TEXT	LMAN	407	41261	0	-1	1997-02-11 17:42:36	1994-12-09 18:01:22	206448.0000	41261+1	
1331	Clic!/magdemo/OBJECTS/ALIGHT.DAT	TEXT	LMAN	445	41278	0	-1	1997-02-11 17:42:36	1995-10-20 13:02:10	206533.0000	41278+1	
1233	Clic!/magdemo/OBJECTS/ALLNORS.DAT	TEXT	LMAN	2876	41178	0	-1	1997-02-11 17:42:36	1996-06-18 10:35:46	206033.0000	41178+1	
1373	Clic!/magdemo/OBJECTS/ALLROTS.DAT	TEXT	LMAN	22783	41322	0	-1	1997-02-11 17:42:36	1996-06-18 10:34:00	206753.0000	41322+3	
1226	Clic!/magdemo/OBJECTS/ANIMS.BAK	TEXT	LMAN	9530	41171	0	-1	1997-02-11 17:42:36	1996-05-08 11:36:16	205998.0000	41171+1	
1298	Clic!/magdemo/OBJECTS/ANIMS.DAT	TEXT	LMAN	10978	41244	0	-1	1997-02-11 17:42:36	1996-08-07 18:46:00	206363.0000	41244+2	
1315	Clic!/magdemo/OBJECTS/ARROWS.DAT	TEXT	LMAN	7377	41262	0	-1	1997-02-11 17:42:36	1996-09-20 11:29:50	206453.0000	41262+1	
1292	Clic!/magdemo/OBJECTS/AWNIN.DAT	TEXT	LMAN	751	41237	0	-1	1997-02-11 17:42:36	1995-12-20 09:37:40	206328.0000	41237+1	
1304	Clic!/magdemo/OBJECTS/AWNIN10.DAT	TEXT	LMAN	738	41251	0	-1	1997-02-11 17:42:36	1996-01-03 11:42:58	206398.0000	41251+1	
1275	Clic!/magdemo/OBJECTS/AWNIN2.BAK	TEXT	LMAN	717	41220	0	-1	1997-02-11 17:42:36	1995-12-22 16:09:28	206243.0000	41220+1	
1421	Clic!/magdemo/OBJECTS/AWNIN2.DAT	TEXT	LMAN	733	41373	0	-1	1997-02-11 17:42:36	1996-01-03 11:35:02	207008.0000	41373+1	
1420	Clic!/magdemo/OBJECTS/AWNIN3.BAK	TEXT	LMAN	733	41372	0	-1	1997-02-11 17:42:36	1996-01-08 10:09:18	207003.0000	41372+1	
1340	Clic!/magdemo/OBJECTS/AWNIN3.DAT	TEXT	LMAN	733	41287	0	-1	1997-02-11 17:42:36	1996-01-08 10:19:52	206578.0000	41287+1	
1339	Clic!/magdemo/OBJECTS/AWNIN4.BAK	TEXT	LMAN	725	41286	0	-1	1997-02-11 17:42:36	1996-01-08 10:26:30	206573.0000	41286+1	
1274	Clic!/magdemo/OBJECTS/AWNIN4.DAT	TEXT	LMAN	725	41219	0	-1	1997-02-11 17:42:36	1996-01-08 10:29:36	206238.0000	41219+1	
1419	Clic!/magdemo/OBJECTS/AWNIN5.DAT	TEXT	LMAN	729	41371	0	-1	1997-02-11 17:42:36	1996-01-08 10:30:28	206998.0000	41371+1	
1338	Clic!/magdemo/OBJECTS/AWNIN6.DAT	TEXT	LMAN	727	41285	0	-1	1997-02-11 17:42:36	1996-01-08 10:31:46	206568.0000	41285+1	
1273	Clic!/magdemo/OBJECTS/AWNIN7.DAT	TEXT	LMAN	729	41218	0	-1	1997-02-11 17:42:36	1996-01-03 11:38:42	206233.0000	41218+1	
1418	Clic!/magdemo/OBJECTS/AWNIN8.DAT	TEXT	LMAN	727	41370	0	-1	1997-02-11 17:42:36	1996-01-08 11:12:56	206993.0000	41370+1	
1337	Clic!/magdemo/OBJECTS/AWNIN9.DAT	TEXT	LMAN	731	41284	0	-1	1997-02-11 17:42:36	1996-01-08 11:16:40	206563.0000	41284+1	
1380	Clic!/magdemo/OBJECTS/AWNINGS.DAT	TEXT	LMAN	292	41331	0	-1	1997-02-11 17:42:36	1996-06-18 11:46:28	206798.0000	41331+1	
1348	Clic!/magdemo/OBJECTS/BAKTYRE.DAT	TEXT	LMAN	997	41297	0	-1	1997-02-11 17:42:36	1996-01-22 10:42:30	206628.0000	41297+1	
1330	Clic!/magdemo/OBJECTS/BAKTYRE2.DAT	TEXT	LMAN	2712	41277	0	-1	1997-02-11 17:42:36	1995-02-07 17:09:30	206528.0000	41277+1	
1328	Clic!/magdemo/OBJECTS/BAKTYRES.DAT	TEXT	LMAN	5414	41275	0	-1	1997-02-11 17:42:36	1995-05-04 15:33:06	206518.0000	41275+1	
1326	Clic!/magdemo/OBJECTS/BENETTON.DAT	TEXT	LMAN	9595	41273	0	-1	1997-02-11 17:42:36	1996-09-05 17:15:40	206508.0000	41273+1	
1266	Clic!/magdemo/OBJECTS/BLIGHT.DAT	TEXT	LMAN	459	41211	0	-1	1997-02-11 17:42:36	1996-04-02 11:08:10	206198.0000	41211+1	
1225	Clic!/magdemo/OBJECTS/BOARD.DAT	TEXT	LMAN	379	41170	0	-1	1997-02-11 17:42:36	1996-02-20 16:37:10	205993.0000	41170+1	
1399	Clic!/magdemo/OBJECTS/BOTTLE.DAT	TEXT	LMAN	466	41350	0	-1	1997-02-11 17:42:36	1995-10-18 17:02:26	206893.0000	41350+1	
1352	Clic!/magdemo/OBJECTS/BRAKE1L.BA2	TEXT	LMAN	365	41301	0	-1	1997-02-11 17:42:36	1995-12-18 15:54:38	206648.0000	41301+1	
1353	Clic!/magdemo/OBJECTS/BRAKE1L.BA3	TEXT	LMAN	374	41302	0	-1	1997-02-11 17:42:36	1995-12-18 15:41:22	206653.0000	41302+1	
1354	Clic!/magdemo/OBJECTS/BRAKE1L.BAK	TEXT	LMAN	330	41303	0	-1	1997-02-11 17:42:36	1995-12-18 16:08:02	206658.0000	41303+1	
1220	Clic!/magdemo/OBJECTS/BRAKE1L.DAT	TEXT	LMAN	535	41165	0	-1	1997-02-11 17:42:36	1996-01-05 09:58:46	205968.0000	41165+1	
1351	Clic!/magdemo/OBJECTS/BRAKE1R.BAK	TEXT	LMAN	376	41300	0	-1	1997-02-11 17:42:36	1995-12-18 14:08:32	206643.0000	41300+1	
1219	Clic!/magdemo/OBJECTS/BRAKE1R.DAT	TEXT	LMAN	538	41164	0	-1	1997-02-11 17:42:36	1996-01-05 09:59:18	205963.0000	41164+1	
1290	Clic!/magdemo/OBJECTS/BRAKE2L.BA2	TEXT	LMAN	374	41235	0	-1	1997-02-11 17:42:37	1995-12-18 15:41:28	206318.0000	41235+1	
1291	Clic!/magdemo/OBJECTS/BRAKE2L.BAK	TEXT	LMAN	365	41236	0	-1	1997-02-11 17:42:37	1995-12-18 15:55:20	206323.0000	41236+1	
1350	Clic!/magdemo/OBJECTS/BRAKE2L.DAT	TEXT	LMAN	535	41299	0	-1	1997-02-11 17:42:37	1996-01-05 09:59:48	206638.0000	41299+1	
1289	Clic!/magdemo/OBJECTS/BRAKE2R.BAK	TEXT	LMAN	374	41234	0	-1	1997-02-11 17:42:37	1995-12-18 14:08:22	206313.0000	41234+1	
1349	Clic!/magdemo/OBJECTS/BRAKE2R.DAT	TEXT	LMAN	538	41298	0	-1	1997-02-11 17:42:37	1996-01-05 10:00:16	206633.0000	41298+1	
1217	Clic!/magdemo/OBJECTS/BRAKE3L.BA2	TEXT	LMAN	370	41162	0	-1	1997-02-11 17:42:37	1995-12-18 15:41:36	205953.0000	41162+1	
1218	Clic!/magdemo/OBJECTS/BRAKE3L.BAK	TEXT	LMAN	365	41163	0	-1	1997-02-11 17:42:37	1995-12-18 15:55:12	205958.0000	41163+1	
1288	Clic!/magdemo/OBJECTS/BRAKE3L.DAT	TEXT	LMAN	535	41233	0	-1	1997-02-11 17:42:37	1996-01-05 10:00:46	206308.0000	41233+1	
1216	Clic!/magdemo/OBJECTS/BRAKE3R.BAK	TEXT	LMAN	372	41161	0	-1	1997-02-11 17:42:37	1995-12-18 12:14:44	205948.0000	41161+1	
1287	Clic!/magdemo/OBJECTS/BRAKE3R.DAT	TEXT	LMAN	538	41232	0	-1	1997-02-11 17:42:37	1996-01-05 10:01:16	206303.0000	41232+1	
1208	Clic!/magdemo/OBJECTS/BUILSKY.DAT	TEXT	LMAN	293	41153	0	-1	1997-02-11 17:42:37	1996-05-09 19:47:14	205908.0000	41153+1	
1388	Clic!/magdemo/OBJECTS/BUILSKY1.DAT	TEXT	LMAN	620	41339	0	-1	1997-02-11 17:42:37	1996-05-10 16:13:06	206838.0000	41339+1	
1257	Clic!/magdemo/OBJECTS/CAMBOX.DAT	TEXT	LMAN	915	41202	0	-1	1997-02-11 17:42:37	1996-01-05 10:13:46	206153.0000	41202+1	
1402	Clic!/magdemo/OBJECTS/CAMBRG.DAT	TEXT	LMAN	613	41353	0	-1	1997-02-11 17:42:37	1996-05-08 20:33:02	206908.0000	41353+1	
1372	Clic!/magdemo/OBJECTS/CAMEL.DAT	TEXT	LMAN	6187	41321	0	-1	1997-02-11 17:42:37	1995-01-09 17:24:26	206748.0000	41321+1	
1396	Clic!/magdemo/OBJECTS/CAMERA.DAT	TEXT	LMAN	419	41347	0	-1	1997-02-11 17:42:37	1996-01-15 10:47:30	206878.0000	41347+1	
1371	Clic!/magdemo/OBJECTS/CANON.DAT	TEXT	LMAN	6877	41320	0	-1	1997-02-11 17:42:37	1996-06-03 17:33:50	206743.0000	41320+1	
1408	Clic!/magdemo/OBJECTS/CARS.DAT	TEXT	LMAN	779	41359	0	-1	1997-02-11 17:42:37	1996-08-12 10:56:22	206938.0000	41359+1	
1325	Clic!/magdemo/OBJECTS/CARS.NWL	TEXT	LMAN	779	41272	0	-1	1997-02-11 17:42:37	1996-08-12 11:09:46	206503.0000	41272+1	
1264	Clic!/magdemo/OBJECTS/CLOUDS.DAT	TEXT	LMAN	209	41209	0	-1	1997-02-11 17:42:37	1995-07-26 11:43:24	206188.0000	41209+1	
1362	Clic!/magdemo/OBJECTS/COACH.DAT	TEXT	LMAN	412	41311	0	-1	1997-02-11 17:42:37	1996-01-10 15:16:34	206698.0000	41311+1	
1245	Clic!/magdemo/OBJECTS/COLLCUBE.DAT	TEXT	LMAN	428	41190	0	-1	1997-02-11 17:42:37	1996-05-20 12:23:28	206093.0000	41190+1	
1318	Clic!/magdemo/OBJECTS/CONE.DAT	TEXT	LMAN	544	41265	0	-1	1997-02-11 17:42:37	1995-11-21 10:15:20	206468.0000	41265+1	
1357	Clic!/magdemo/OBJECTS/CRANE.BAK	TEXT	LMAN	1144	41306	0	-1	1997-02-11 17:42:37	1995-12-11 16:21:36	206673.0000	41306+1	
1223	Clic!/magdemo/OBJECTS/CRANE.DAT	TEXT	LMAN	1283	41168	0	-1	1997-02-11 17:42:37	1995-12-20 11:01:22	205983.0000	41168+1	
1242	Clic!/magdemo/OBJECTS/CURRENT.DAT	TEXT	LMAN	1155	41187	0	-1	1997-02-11 17:42:37	1996-10-11 11:14:02	206078.0000	41187+1	
1341	Clic!/magdemo/OBJECTS/F1.TE2	TEXT	LMAN	30236	41288	0	-1	1997-02-11 17:42:37	1996-03-04 14:57:16	206583.0000	41288+3	
1333	Clic!/magdemo/OBJECTS/FADSTART.DAT	TEXT	LMAN	2492	41280	0	-1	1997-02-11 17:42:37	1996-05-14 19:27:10	206543.0000	41280+1	
1306	Clic!/magdemo/OBJECTS/FERRARI.DAT	TEXT	LMAN	7720	41253	0	-1	1997-02-11 17:42:37	1996-09-20 11:32:18	206408.0000	41253+1	
1332	Clic!/magdemo/OBJECTS/FERRARI7.BAK	TEXT	LMAN	7961	41279	0	-1	1997-02-11 17:42:38	1995-07-24 11:05:12	206538.0000	41279+1	
1267	Clic!/magdemo/OBJECTS/FERRARI7.DAT	TEXT	LMAN	8480	41212	0	-1	1997-02-11 17:42:38	1995-10-11 18:06:06	206203.0000	41212+1	
1407	Clic!/magdemo/OBJECTS/FERWINGB.DAT	TEXT	LMAN	542	41358	0	-1	1997-02-11 17:42:38	1995-10-11 17:40:34	206933.0000	41358+1	
1323	Clic!/magdemo/OBJECTS/FERWINGF.DAT	TEXT	LMAN	392	41270	0	-1	1997-02-11 17:42:38	1995-10-11 17:40:34	206493.0000	41270+1	
1239	Clic!/magdemo/OBJECTS/FIGURE1.DAT	TEXT	LMAN	193	41184	0	-1	1997-02-11 17:42:38	1995-12-14 09:43:44	206063.0000	41184+1	
1303	Clic!/magdemo/OBJECTS/FIGURE2.DAT	TEXT	LMAN	197	41250	0	-1	1997-02-11 17:42:38	1996-01-04 11:01:14	206393.0000	41250+1	
1415	Clic!/magdemo/OBJECTS/FINMAN.DAT	TEXT	LMAN	247	41367	0	-1	1997-02-11 17:42:38	1996-02-27 13:07:26	206978.0000	41367+1	
1235	Clic!/magdemo/OBJECTS/FLAGMAN.DAT	TEXT	LMAN	422	41180	0	-1	1997-02-11 17:42:38	1996-02-26 17:16:10	206043.0000	41180+1	
1261	Clic!/magdemo/OBJECTS/FORMAT.DAT	TEXT	LMAN	1403	41206	0	-1	1997-02-11 17:42:38	1995-10-30 15:22:32	206173.0000	41206+1	
1361	Clic!/magdemo/OBJECTS/FORTI.DAT	TEXT	LMAN	8117	41310	0	-1	1997-02-11 17:42:38	1996-09-20 11:32:04	206693.0000	41310+1	
1411	Clic!/magdemo/OBJECTS/FOSBOX.DAT	TEXT	LMAN	790	41362	0	-1	1997-02-11 17:42:38	1996-05-13 23:07:38	206953.0000	41362+1	
1327	Clic!/magdemo/OBJECTS/FOSBRG.DAT	TEXT	LMAN	749	41274	0	-1	1997-02-11 17:42:38	1995-12-18 10:54:58	206513.0000	41274+1	
1251	Clic!/magdemo/OBJECTS/FRONTW.DAT	TEXT	LMAN	516	41196	0	-1	1997-02-11 17:42:38	1994-08-26 16:16:02	206123.0000	41196+1	
1262	Clic!/magdemo/OBJECTS/FRONTYR2.DAT	TEXT	LMAN	1381	41207	0	-1	1997-02-11 17:42:38	1995-02-07 17:09:54	206178.0000	41207+1	
1406	Clic!/magdemo/OBJECTS/FRONTYR3.DAT	TEXT	LMAN	1395	41357	0	-1	1997-02-11 17:42:38	1995-03-17 16:52:42	206928.0000	41357+1	
1404	Clic!/magdemo/OBJECTS/FRONTYRE.DAT	TEXT	LMAN	5078	41355	0	-1	1997-02-11 17:42:38	1996-08-12 11:09:34	206918.0000	41355+1	
1321	Clic!/magdemo/OBJECTS/FRONTYRE.NWL	TEXT	LMAN	1460	41268	0	-1	1997-02-11 17:42:38	1996-08-14 13:26:32	206483.0000	41268+1	
1366	Clic!/magdemo/OBJECTS/FRONTYRE.OLD	TEXT	LMAN	5195	41315	0	-1	1997-02-11 17:42:38	1995-11-02 11:37:28	206718.0000	41315+1	
1259	Clic!/magdemo/OBJECTS/GARAGE.DAT	TEXT	LMAN	326	41204	0	-1	1997-02-11 17:42:38	1996-09-05 11:00:04	206163.0000	41204+1	
1400	Clic!/magdemo/OBJECTS/GASCYL.DAT	TEXT	LMAN	4857	41351	0	-1	1997-02-11 17:42:38	1995-10-18 17:01:28	206898.0000	41351+1	
1364	Clic!/magdemo/OBJECTS/GASCYL2.DAT	TEXT	LMAN	4835	41313	0	-1	1997-02-11 17:42:38	1995-10-18 17:01:36	206708.0000	41313+1	
1365	Clic!/magdemo/OBJECTS/GHOST.DAT	TEXT	LMAN	76	41314	0	-1	1997-02-11 17:42:38	1995-03-22 11:55:30	206713.0000	41314+1	
1398	Clic!/magdemo/OBJECTS/HANDLE.DAT	TEXT	LMAN	3225	41349	0	-1	1997-02-11 17:42:38	1996-01-17 11:44:06	206888.0000	41349+1	
1363	Clic!/magdemo/OBJECTS/HANDLE2.DAT	TEXT	LMAN	3079	41312	0	-1	1997-02-11 17:42:38	1996-01-17 11:43:16	206703.0000	41312+1	
1394	Clic!/magdemo/OBJECTS/HANGER.DAT	TEXT	LMAN	399	41345	0	-1	1997-02-11 17:42:38	1996-01-05 12:44:32	206868.0000	41345+1	
1344	Clic!/magdemo/OBJECTS/HELMET.DAT	TEXT	LMAN	4145	41293	0	-1	1997-02-11 17:42:38	1996-10-29 17:39:20	206608.0000	41293+1	
1244	Clic!/magdemo/OBJECTS/HELMETR.DAT	TEXT	LMAN	1227	41189	0	-1	1997-02-11 17:42:38	1996-02-29 15:42:12	206088.0000	41189+1	
1343	Clic!/magdemo/OBJECTS/HEWPAK.DAT	TEXT	LMAN	8821	41292	0	-1	1997-02-11 17:42:38	1996-06-05 11:34:14	206603.0000	41292+1	
1222	Clic!/magdemo/OBJECTS/HUNG1.DAT	TEXT	LMAN	769	41167	0	-1	1997-02-11 17:42:39	1996-02-01 13:44:56	205978.0000	41167+1	
1295	Clic!/magdemo/OBJECTS/HUNG2.DAT	TEXT	LMAN	538	41241	0	-1	1997-02-11 17:42:39	1996-02-02 10:03:16	206348.0000	41241+1	
1356	Clic!/magdemo/OBJECTS/HUNG3.DAT	TEXT	LMAN	410	41305	0	-1	1997-02-11 17:42:39	1996-02-02 09:37:54	206668.0000	41305+1	
1379	Clic!/magdemo/OBJECTS/HUT.DAT	TEXT	LMAN	379	41330	0	-1	1997-02-11 17:42:39	1996-01-02 11:12:22	206793.0000	41330+1	
1409	Clic!/magdemo/OBJECTS/JORDAN.DAT	TEXT	LMAN	6430	41360	0	-1	1997-02-11 17:42:39	1996-09-20 11:30:36	206943.0000	41360+1	
1243	Clic!/magdemo/OBJECTS/LEESTAD.LEE	TEXT	LMAN	1646	41188	0	-1	1997-02-11 17:42:39	1994-12-06 13:05:34	206083.0000	41188+1	
1342	Clic!/magdemo/OBJECTS/LEESTAD.OBS	TEXT	LMAN	2046	41291	0	-1	1997-02-11 17:42:39	1994-12-06 13:05:40	206598.0000	41291+1	
1258	Clic!/magdemo/OBJECTS/LIGHTING.DAT	TEXT	LMAN	723	41203	0	-1	1997-02-11 17:42:39	1995-10-18 17:02:06	206158.0000	41203+1	
1416	Clic!/magdemo/OBJECTS/LIGHTS.DAT	TEXT	LMAN	268	41368	0	-1	1997-02-11 17:42:39	1995-10-18 16:09:18	206983.0000	41368+1	
1376	Clic!/magdemo/OBJECTS/LIGHTS2.DAT	TEXT	LMAN	157	41327	0	-1	1997-02-11 17:42:39	1995-10-19 13:48:44	206778.0000	41327+1	
1335	Clic!/magdemo/OBJECTS/LIGIER.DAT	TEXT	LMAN	9484	41282	0	-1	1997-02-11 17:42:39	1996-09-05 17:19:08	206553.0000	41282+1	
1397	Clic!/magdemo/OBJECTS/MAGBOX.DAT	TEXT	LMAN	802	41348	0	-1	1997-02-11 17:42:39	1996-05-13 20:47:28	206883.0000	41348+1	
1309	Clic!/magdemo/OBJECTS/MARLBORO.DAT	TEXT	LMAN	7756	41256	0	-1	1997-02-11 17:42:39	1995-06-23 17:14:42	206423.0000	41256+1	
1384	Clic!/magdemo/OBJECTS/MARLBORO.TST	TEXT	LMAN	6141	41335	0	-1	1997-02-11 17:42:39	1995-01-17 10:32:04	206818.0000	41335+1	
1263	Clic!/magdemo/OBJECTS/MARS.DAT	TEXT	LMAN	8997	41208	0	-1	1997-02-11 17:42:39	1996-05-23 11:58:10	206183.0000	41208+1	
1414	Clic!/magdemo/OBJECTS/MARSHALL.DAT	TEXT	LMAN	196	41366	0	-1	1997-02-11 17:42:39	1996-01-18 10:47:26	206973.0000	41366+1	
1283	Clic!/magdemo/OBJECTS/MARSHST.DAT	TEXT	LMAN	190	41228	0	-1	1997-02-11 17:42:39	1996-01-10 15:31:18	206283.0000	41228+1	
1319	Clic!/magdemo/OBJECTS/MAXELL.DAT	TEXT	LMAN	6364	41266	0	-1	1997-02-11 17:42:39	1996-07-12 13:14:54	206473.0000	41266+1	
1214	Clic!/magdemo/OBJECTS/MCLAREN.DAT	TEXT	LMAN	9573	41159	0	-1	1997-02-11 17:42:39	1996-09-05 17:17:16	205938.0000	41159+1	
1286	Clic!/magdemo/OBJECTS/MCLAREN.RAM	TEXT	LMAN	557	41231	0	-1	1997-02-11 17:42:39	1995-10-18 13:24:24	206298.0000	41231+1	
1377	Clic!/magdemo/OBJECTS/MINARDI.DAT	TEXT	LMAN	9000	41328	0	-1	1997-02-11 17:42:39	1996-09-05 17:18:54	206783.0000	41328+1	
1410	Clic!/magdemo/OBJECTS/MOBBOX.DAT	TEXT	LMAN	901	41361	0	-1	1997-02-11 17:42:39	1996-02-20 15:06:14	206948.0000	41361+1	
1232	Clic!/magdemo/OBJECTS/MONITOR.DAT	TEXT	LMAN	970	41177	0	-1	1997-02-11 17:42:39	1995-10-18 18:03:36	206028.0000	41177+1	
1247	Clic!/magdemo/OBJECTS/MONLIGHT.DAT	TEXT	LMAN	764	41192	0	-1	1997-02-11 17:42:39	1996-03-25 12:16:58	206103.0000	41192+1	
1305	Clic!/magdemo/OBJECTS/NEWTREE.DAT	TEXT	LMAN	203	41252	0	-1	1997-02-11 17:42:39	1996-04-18 13:01:48	206403.0000	41252+1	
1228	Clic!/magdemo/OBJECTS/NEW_W.BAK	TEXT	LMAN	6865	41173	0	-1	1997-02-11 17:42:39	1996-01-03 13:29:48	206008.0000	41173+1	
1300	Clic!/magdemo/OBJECTS/NEW_W.DAT	TEXT	LMAN	6478	41247	0	-1	1997-02-11 17:42:40	1996-01-03 15:29:06	206378.0000	41247+1	
1405	Clic!/magdemo/OBJECTS/NFER.DAT	TEXT	LMAN	6559	41356	0	-1	1997-02-11 17:42:41	1996-01-19 15:44:46	206923.0000	41356+1	
1260	Clic!/magdemo/OBJECTS/NOROTS.DAT	TEXT	LMAN	1523	41205	0	-1	1997-02-11 17:42:41	1996-05-20 20:08:28	206168.0000	41205+1	
1221	Clic!/magdemo/OBJECTS/OBJECTS.DAT	TEXT	LMAN	644	41166	0	-1	1997-02-11 17:42:41	1995-10-18 17:16:40	205973.0000	41166+1	
1374	Clic!/magdemo/OBJECTS/OLDCARS.DAT	TEXT	LMAN	938	41325	0	-1	1997-02-11 17:42:41	1996-09-20 11:09:28	206768.0000	41325+1	
1236	Clic!/magdemo/OBJECTS/OLDCARS.NWL	TEXT	LMAN	938	41181	0	-1	1997-02-11 17:42:41	1996-10-29 17:34:58	206048.0000	41181+1	
1302	Clic!/magdemo/OBJECTS/OLDROTS.DAT	TEXT	LMAN	9165	41249	0	-1	1997-02-11 17:42:41	1996-01-08 15:10:52	206388.0000	41249+1	
1293	Clic!/magdemo/OBJECTS/OVAL1.DAT	TEXT	LMAN	17360	41238	0	-1	1997-02-11 17:42:41	1995-01-10 12:59:38	206333.0000	41238+2	
1297	Clic!/magdemo/OBJECTS/PACIFIC.DAT	TEXT	LMAN	7934	41243	0	-1	1997-02-11 17:42:41	1996-09-20 11:31:32	206358.0000	41243+1	
1268	Clic!/magdemo/OBJECTS/PANASIGN.DAT	TEXT	LMAN	321	41213	0	-1	1997-02-11 17:42:41	1995-12-14 14:55:48	206208.0000	41213+1	
1285	Clic!/magdemo/OBJECTS/PANTHER.DAT	TEXT	LMAN	6307	41230	0	-1	1997-02-11 17:42:41	1996-07-12 13:16:40	206293.0000	41230+1	
1252	Clic!/magdemo/OBJECTS/PB-BLOCK.DAT	TEXT	LMAN	363	41197	0	-1	1997-02-11 17:42:41	1996-01-03 12:12:26	206128.0000	41197+1	
1358	Clic!/magdemo/OBJECTS/PB-CUBE.DAT	TEXT	LMAN	390	41307	0	-1	1997-02-11 17:42:41	1996-01-03 12:15:34	206678.0000	41307+1	
1240	Clic!/magdemo/OBJECTS/PITMAN1.DAT	TEXT	LMAN	198	41185	0	-1	1997-02-11 17:42:41	1995-12-15 11:08:36	206068.0000	41185+1	
1375	Clic!/magdemo/OBJECTS/PITTOPB.DAT	TEXT	LMAN	612	41326	0	-1	1997-02-11 17:42:41	1996-01-09 15:33:40	206773.0000	41326+1	
1265	Clic!/magdemo/OBJECTS/PITTOPBS.DAT	TEXT	LMAN	511	41210	0	-1	1997-02-11 17:42:41	1996-01-12 12:19:18	206193.0000	41210+1	
1238	Clic!/magdemo/OBJECTS/PITTOPF.DAT	TEXT	LMAN	603	41183	0	-1	1997-02-11 17:42:41	1996-01-09 15:17:00	206058.0000	41183+1	
1413	Clic!/magdemo/OBJECTS/PITTOPFS.DAT	TEXT	LMAN	513	41365	0	-1	1997-02-11 17:42:41	1996-01-12 12:19:36	206968.0000	41365+1	
1395	Clic!/magdemo/OBJECTS/POSTER.DAT	TEXT	LMAN	195	41346	0	-1	1997-02-11 17:42:41	1995-10-18 17:02:14	206873.0000	41346+1	
1280	Clic!/magdemo/OBJECTS/RDBOTT2.DAT	TEXT	LMAN	1506	41225	0	-1	1997-02-11 17:42:41	1995-10-23 16:51:36	206268.0000	41225+1	
1346	Clic!/magdemo/OBJECTS/RDBOTT3.DAT	TEXT	LMAN	1383	41295	0	-1	1997-02-11 17:42:41	1995-10-23 16:51:48	206618.0000	41295+1	
1301	Clic!/magdemo/OBJECTS/REARW.DAT	TEXT	LMAN	683	41248	0	-1	1997-02-11 17:42:41	1994-08-26 16:16:22	206383.0000	41248+1	
1299	Clic!/magdemo/OBJECTS/RLINE.DAT	TEXT	LMAN	655	41246	0	-1	1997-02-11 17:42:41	1996-10-25 15:33:32	206373.0000	41246+1	
1393	Clic!/magdemo/OBJECTS/ROTS.DAT	TEXT	LMAN	4990	41344	0	-1	1997-02-11 17:42:42	1996-05-20 20:16:36	206863.0000	41344+1	
1401	Clic!/magdemo/OBJECTS/SAUBER.DAT	TEXT	LMAN	9240	41352	0	-1	1997-02-11 17:42:42	1996-09-20 11:33:02	206903.0000	41352+1	
1378	Clic!/magdemo/OBJECTS/SHADOWS.DAT	TEXT	LMAN	969	41329	0	-1	1997-02-11 17:42:42	1996-03-13 13:15:18	206788.0000	41329+1	
1367	Clic!/magdemo/OBJECTS/SHELF.DAT	TEXT	LMAN	991	41316	0	-1	1997-02-11 17:42:42	1995-10-18 17:02:34	206723.0000	41316+1	
1248	Clic!/magdemo/OBJECTS/SMALLCAR.DAT	TEXT	LMAN	5807	41193	0	-1	1997-02-11 17:42:42	1996-04-10 10:40:08	206108.0000	41193+1	
1383	Clic!/magdemo/OBJECTS/SMALLTYR.DAT	TEXT	LMAN	461	41334	0	-1	1997-02-11 17:42:42	1996-04-10 10:23:00	206813.0000	41334+1	
1227	Clic!/magdemo/OBJECTS/SMOKE.DAT	TEXT	LMAN	1506	41172	0	-1	1997-02-11 17:42:42	1995-12-01 17:08:16	206003.0000	41172+1	
1255	Clic!/magdemo/OBJECTS/SPEAKERS.DAT	TEXT	LMAN	202	41200	0	-1	1997-02-11 17:42:42	1996-05-09 17:32:22	206143.0000	41200+1	
1212	Clic!/magdemo/OBJECTS/STADEND.DAT	TEXT	LMAN	613	41157	0	-1	1997-02-11 17:42:42	1996-05-13 18:01:56	205928.0000	41157+1	
1282	Clic!/magdemo/OBJECTS/STADIUM.DAT	TEXT	LMAN	804	41227	0	-1	1997-02-11 17:42:42	1995-01-10 16:31:36	206278.0000	41227+1	
1213	Clic!/magdemo/OBJECTS/STADMID.DAT	TEXT	LMAN	462	41158	0	-1	1997-02-11 17:42:42	1996-05-13 18:02:12	205933.0000	41158+1	
1382	Clic!/magdemo/OBJECTS/STADSTRT.DAT	TEXT	LMAN	621	41333	0	-1	1997-02-11 17:42:42	1996-05-13 18:01:38	206808.0000	41333+1	
1345	Clic!/magdemo/OBJECTS/STARTLI.BAK	TEXT	LMAN	2490	41294	0	-1	1997-02-11 17:42:42	1996-01-03 14:38:32	206613.0000	41294+1	
1209	Clic!/magdemo/OBJECTS/STARTLI.DAT	TEXT	LMAN	2889	41154	0	-1	1997-02-11 17:42:42	1996-02-22 14:55:18	205913.0000	41154+1	
1246	Clic!/magdemo/OBJECTS/STARTLI.OLD	TEXT	LMAN	2889	41191	0	-1	1997-02-11 17:42:42	1996-02-22 14:55:18	206098.0000	41191+1	
1355	Clic!/magdemo/OBJECTS/STATE.BAK	TEXT	LMAN	360	41304	0	-1	1997-02-11 17:42:42	1997-01-29 11:22:36	206663.0000	41304+1	
1294	Clic!/magdemo/OBJECTS/STATE.RST	TEXT	LMAN	460	41240	0	-1	1997-02-11 17:42:42	1997-01-29 11:24:02	206343.0000	41240+1	
1392	Clic!/magdemo/OBJECTS/STRAIGHT.DAT	TEXT	LMAN	2032	41343	0	-1	1997-02-11 17:42:42	1994-10-03 17:22:58	206858.0000	41343+1	
1307	Clic!/magdemo/OBJECTS/TABLETOP.DAT	TEXT	LMAN	1420	41254	0	-1	1997-02-11 17:42:42	1995-10-18 17:50:14	206413.0000	41254+1	
1320	Clic!/magdemo/OBJECTS/TAGBOX.DAT	TEXT	LMAN	782	41267	0	-1	1997-02-11 17:42:42	1996-05-13 20:42:04	206478.0000	41267+1	
1277	Clic!/magdemo/OBJECTS/TEMP	TEXT	LMAN	1939	41222	0	-1	1997-02-11 17:42:43	1997-01-29 11:21:38	206253.0000	41222+1	
1276	Clic!/magdemo/OBJECTS/TENTRW.DAT	TEXT	LMAN	481	41221	0	-1	1997-02-11 17:42:43	1996-02-02 15:24:22	206248.0000	41221+1	
1368	Clic!/magdemo/OBJECTS/TEQUE.DAT	TEXT	LMAN	6799	41317	0	-1	1997-02-11 17:42:43	1996-08-08 10:59:46	206728.0000	41317+1	
1412	Clic!/magdemo/OBJECTS/TEXTURES.DAT	TEXT	LMAN	14867	41363	0	-1	1997-02-11 17:42:43	1995-10-19 16:15:42	206958.0000	41363+2	
1278	Clic!/magdemo/OBJECTS/TFFIN2.DAT	TEXT	LMAN	672	41223	0	-1	1997-02-11 17:42:43	1995-11-29 18:47:12	206258.0000	41223+1	
1229	Clic!/magdemo/OBJECTS/TOOLBOX.DAT	TEXT	LMAN	682	41174	0	-1	1997-02-11 17:42:43	1995-10-18 17:50:06	206013.0000	41174+1	
1311	Clic!/magdemo/OBJECTS/TOOLBOX2.DAT	TEXT	LMAN	656	41258	0	-1	1997-02-11 17:42:43	1995-10-18 17:03:22	206433.0000	41258+1	
1360	Clic!/magdemo/OBJECTS/TREE1.DAT	TEXT	LMAN	187	41309	0	-1	1997-02-11 17:42:43	1996-01-16 17:19:40	206688.0000	41309+1	
1224	Clic!/magdemo/OBJECTS/TREE2.DAT	TEXT	LMAN	238	41169	0	-1	1997-02-11 17:42:43	1995-01-03 17:53:42	205988.0000	41169+1	
1296	Clic!/magdemo/OBJECTS/TREE3.DAT	TEXT	LMAN	240	41242	0	-1	1997-02-11 17:42:43	1995-01-10 13:13:02	206353.0000	41242+1	
1359	Clic!/magdemo/OBJECTS/TREE4.DAT	TEXT	LMAN	237	41308	0	-1	1997-02-11 17:42:43	1995-02-08 17:01:50	206683.0000	41308+1	
1317	Clic!/magdemo/OBJECTS/TREEL1.DAT	TEXT	LMAN	198	41264	0	-1	1997-02-11 17:42:43	1996-03-22 14:41:24	206463.0000	41264+1	
1254	Clic!/magdemo/OBJECTS/TREEL2.DAT	TEXT	LMAN	199	41199	0	-1	1997-02-11 17:42:43	1996-03-22 14:41:40	206138.0000	41199+1	
1390	Clic!/magdemo/OBJECTS/TREEL3.DAT	TEXT	LMAN	199	41341	0	-1	1997-02-11 17:42:43	1996-03-22 14:42:06	206848.0000	41341+1	
1211	Clic!/magdemo/OBJECTS/TROWHLS.DAT	TEXT	LMAN	1747	41156	0	-1	1997-02-11 17:42:43	1995-10-23 16:51:14	205923.0000	41156+1	
1253	Clic!/magdemo/OBJECTS/TRWHL2.DAT	TEXT	LMAN	1692	41198	0	-1	1997-02-11 17:42:43	1995-10-23 16:51:24	206133.0000	41198+1	
1312	Clic!/magdemo/OBJECTS/TTFIN2.DAT	TEXT	LMAN	726	41259	0	-1	1997-02-11 17:42:43	1995-11-29 16:14:44	206438.0000	41259+1	
1215	Clic!/magdemo/OBJECTS/TYRES.DAT	TEXT	LMAN	4118	41160	0	-1	1997-02-11 17:42:43	1994-08-30 15:15:48	205943.0000	41160+1	
1336	Clic!/magdemo/OBJECTS/TYRES1.DAT	TEXT	LMAN	1319	41283	0	-1	1997-02-11 17:42:43	1995-10-18 17:58:16	206558.0000	41283+1	
1270	Clic!/magdemo/OBJECTS/TYRES2.DAT	TEXT	LMAN	1351	41215	0	-1	1997-02-11 17:42:43	1995-10-18 17:58:24	206218.0000	41215+1	
1417	Clic!/magdemo/OBJECTS/TYRES3.DAT	TEXT	LMAN	1319	41369	0	-1	1997-02-11 17:42:43	1995-10-18 17:58:30	206988.0000	41369+1	
1269	Clic!/magdemo/OBJECTS/TYRESM.DAT	TEXT	LMAN	5286	41214	0	-1	1997-02-11 17:42:43	1995-05-04 11:15:40	206213.0000	41214+1	
1334	Clic!/magdemo/OBJECTS/TYRREL.DAT	TEXT	LMAN	6427	41281	0	-1	1997-02-11 17:42:43	1996-09-05 17:16:36	206548.0000	41281+1	
1389	Clic!/magdemo/OBJECTS/WILLIAMS.DAT	TEXT	LMAN	7446	41340	0	-1	1997-02-11 17:42:43	1996-09-05 17:16:58	206843.0000	41340+1	
1250	Clic!/magdemo/OBJECTS/WORKSHOP.DAT	TEXT	LMAN	671	41195	0	-1	1997-02-11 17:42:43	1996-09-13 11:38:26	206118.0000	41195+1	
1386	Clic!/magdemo/OBJECTS/WORKSURF.DAT	TEXT	LMAN	379	41337	0	-1	1997-02-11 17:42:43	1995-10-18 17:01:20	206828.0000	41337+1	
1284	Clic!/magdemo/OBJECTS/XARROWS.DAT	TEXT	LMAN	7272	41229	0	-1	1997-02-11 17:42:43	1996-10-04 15:31:48	206288.0000	41229+1	
1329	Clic!/magdemo/OBJECTS/XBAKTYRE.DAT	TEXT	LMAN	4725	41276	0	-1	1997-02-11 17:42:43	1995-07-27 16:57:34	206523.0000	41276+1	
1324	Clic!/magdemo/OBJECTS/XBENETTO.DAT	TEXT	LMAN	9480	41271	0	-1	1997-02-11 17:42:43	1996-09-20 10:29:28	206498.0000	41271+1	
1391	Clic!/magdemo/OBJECTS/XFERRARI.DAT	TEXT	LMAN	7695	41342	0	-1	1997-02-11 17:42:43	1996-09-20 11:32:28	206853.0000	41342+1	
1272	Clic!/magdemo/OBJECTS/XFORTI.DAT	TEXT	LMAN	7343	41217	0	-1	1997-02-11 17:42:43	1996-09-20 11:31:54	206228.0000	41217+1	
1256	Clic!/magdemo/OBJECTS/XFRONTYR.DAT	TEXT	LMAN	1381	41201	0	-1	1997-02-11 17:42:43	1995-02-07 17:09:54	206148.0000	41201+1	
1403	Clic!/magdemo/OBJECTS/XFRONT~1.DAT	TEXT	LMAN	1381	41354	0	-1	1997-02-11 17:42:44	1995-02-07 17:09:54	206913.0000	41354+1	
1241	Clic!/magdemo/OBJECTS/XHELMET.DAT	TEXT	LMAN	1365	41186	0	-1	1997-02-11 17:42:44	1996-01-19 16:51:46	206073.0000	41186+1	
1237	Clic!/magdemo/OBJECTS/XJORDAN.DAT	TEXT	LMAN	6369	41182	0	-1	1997-02-11 17:42:44	1996-09-20 11:30:46	206053.0000	41182+1	
1234	Clic!/magdemo/OBJECTS/XLIGIER.DAT	TEXT	LMAN	8867	41179	0	-1	1997-02-11 17:42:44	1996-09-20 11:12:28	206038.0000	41179+1	
1308	Clic!/magdemo/OBJECTS/XMCLAREN.DAT	TEXT	LMAN	9662	41255	0	-1	1997-02-11 17:42:44	1996-09-20 10:57:20	206418.0000	41255+1	
1271	Clic!/magdemo/OBJECTS/XMINARDI.DAT	TEXT	LMAN	8215	41216	0	-1	1997-02-11 17:42:44	1996-09-20 11:25:58	206223.0000	41216+1	
1316	Clic!/magdemo/OBJECTS/XPACIFIC.DAT	TEXT	LMAN	8262	41263	0	-1	1997-02-11 17:42:44	1996-09-20 11:31:40	206458.0000	41263+1	
1210	Clic!/magdemo/OBJECTS/XSAUBER.DAT	TEXT	LMAN	9592	41155	0	-1	1997-02-11 17:42:44	1996-09-20 11:32:48	205918.0000	41155+1	
1279	Clic!/magdemo/OBJECTS/XTYRREL.DAT	TEXT	LMAN	6270	41224	0	-1	1997-02-11 17:42:44	1996-09-20 10:51:54	206263.0000	41224+1	
1387	Clic!/magdemo/OBJECTS/XWILLIAM.DAT	TEXT	LMAN	7321	41338	0	-1	1997-02-11 17:42:44	1996-09-20 10:55:52	206833.0000	41338+1	
1322	Clic!/magdemo/OBJECTS/YAMAHA.DAT	TEXT	LMAN	6797	41269	0	-1	1997-02-11 17:42:44	1996-05-23 11:27:06	206488.0000	41269+1	
1433	Clic!/magdemo/FONTS/BIGFONT1.FFF	TEXT	LMAN	9720	41408	0	-1	1997-02-11 17:42:21	1996-03-29 11:11:02	207183.0000	41408+1	
1476	Clic!/magdemo/FONTS/CONFONT.FFF	TEXT	LMAN	105132	41573	0	-1	1997-02-11 17:42:21	1996-11-28 16:22:12	208008.0000	41573+11	
1464	Clic!/magdemo/FONTS/CONLFONT.FFF	TEXT	LMAN	3904	41528	0	-1	1997-02-11 17:42:21	1996-08-21 11:09:20	207783.0000	41528+1	
1432	Clic!/magdemo/FONTS/DAMFONTH.FFF	TEXT	LMAN	954	41407	0	-1	1997-02-11 17:42:21	1996-10-08 16:27:06	207178.0000	41407+1	
1475	Clic!/magdemo/FONTS/DAMFONTL.FFF	TEXT	LMAN	314	41572	0	-1	1997-02-11 17:42:21	1996-10-08 16:27:00	208003.0000	41572+1	
1426	Clic!/magdemo/FONTS/DETAILS.FFF	TEXT	LMAN	9622	41386	0	-1	1997-02-11 17:42:21	1996-11-08 17:22:00	207073.0000	41386+1	
1458	Clic!/magdemo/FONTS/DETAILS2.FFF	TEXT	LMAN	1782	41502	0	-1	1997-02-11 17:42:21	1996-08-22 10:39:14	207653.0000	41502+1	
1473	Clic!/magdemo/FONTS/FONT1.FFF	TEXT	LMAN	41540	41559	0	-1	1997-02-11 17:42:21	1996-03-29 11:10:58	207938.0000	41559+5	
1452	Clic!/magdemo/FONTS/FONT4X7.FFF	TEXT	LMAN	3844	41495	0	-1	1997-02-11 17:42:22	1996-09-03 13:49:24	207618.0000	41495+1	
1441	Clic!/magdemo/FONTS/GFONTH.FFF	TEXT	LMAN	5522	41438	0	-1	1997-02-11 17:42:22	1996-11-06 17:31:50	207333.0000	41438+1	
1482	Clic!/magdemo/FONTS/GFONTL.FFF	TEXT	LMAN	1664	41602	0	-1	1997-02-11 17:42:22	1996-11-06 17:31:32	208153.0000	41602+1	
1460	Clic!/magdemo/FONTS/GRIDHI0.CFF	TEXT	LMAN	71104	41510	0	-1	1997-02-11 17:42:22	1996-11-07 18:00:46	207693.0000	41510+7	
1431	Clic!/magdemo/FONTS/GRIDHI0.FFF	TEXT	LMAN	77392	41399	0	-1	1997-02-11 17:42:22	1996-11-07 18:00:40	207138.0000	41399+8	
1483	Clic!/magdemo/FONTS/GRIDHI1.CFF	TEXT	LMAN	72330	41603	0	-1	1997-02-11 17:42:22	1996-11-22 19:25:50	208158.0000	41603+8	
1450	Clic!/magdemo/FONTS/GRIDHI1.FFF	TEXT	LMAN	79602	41466	0	-1	1997-02-11 17:42:22	1996-11-22 19:25:44	207473.0000	41466+8	
1442	Clic!/magdemo/FONTS/GRIDHI2.CFF	TEXT	LMAN	73780	41439	0	-1	1997-02-11 17:42:22	1996-11-08 12:54:14	207338.0000	41439+8	
1472	Clic!/magdemo/FONTS/GRIDHI2.FFF	TEXT	LMAN	80834	41551	0	-1	1997-02-11 17:42:22	1996-11-08 12:54:08	207898.0000	41551+8	
1459	Clic!/magdemo/FONTS/GRIDHI3.CFF	TEXT	LMAN	70096	41503	0	-1	1997-02-11 17:42:22	1997-01-24 13:38:22	207658.0000	41503+7	
1430	Clic!/magdemo/FONTS/GRIDHI3.FFF	TEXT	LMAN	76662	41391	0	-1	1997-02-11 17:42:22	1997-01-24 13:38:18	207098.0000	41391+8	
1468	Clic!/magdemo/FONTS/GRIDLOW0.CFF	TEXT	LMAN	33832	41541	0	-1	1997-02-11 17:42:22	1996-11-07 17:59:14	207848.0000	41541+4	
1467	Clic!/magdemo/FONTS/GRIDLOW0.FFF	TEXT	LMAN	37180	41537	0	-1	1997-02-11 17:42:23	1996-11-07 17:59:08	207828.0000	41537+4	
1447	Clic!/magdemo/FONTS/GRIDLOW1.CFF	TEXT	LMAN	35054	41455	0	-1	1997-02-11 17:42:23	1996-11-07 18:00:06	207418.0000	41455+4	
1446	Clic!/magdemo/FONTS/GRIDLOW1.FFF	TEXT	LMAN	39390	41451	0	-1	1997-02-11 17:42:23	1996-11-07 18:00:00	207398.0000	41451+4	
1425	Clic!/magdemo/FONTS/GRIDLOW2.CFF	TEXT	LMAN	36484	41382	0	-1	1997-02-11 17:42:23	1996-11-08 12:54:38	207053.0000	41382+4	
1424	Clic!/magdemo/FONTS/GRIDLOW2.FFF	TEXT	LMAN	40622	41378	0	-1	1997-02-11 17:42:23	1996-11-08 12:54:32	207033.0000	41378+4	
1466	Clic!/magdemo/FONTS/GRIDLOW3.CFF	TEXT	LMAN	32890	41533	0	-1	1997-02-11 17:42:23	1997-01-24 13:48:04	207808.0000	41533+4	
1465	Clic!/magdemo/FONTS/GRIDLOW3.FFF	TEXT	LMAN	36930	41529	0	-1	1997-02-11 17:42:23	1997-01-24 13:48:00	207788.0000	41529+4	
1438	Clic!/magdemo/FONTS/HCOCKOPT.CFF	TEXT	LMAN	117036	41417	0	-1	1997-02-11 17:42:23	1996-10-13 21:21:06	207228.0000	41417+12	
1481	Clic!/magdemo/FONTS/HCONFONT.FFF	TEXT	LMAN	105132	41591	0	-1	1997-02-11 17:42:23	1996-12-11 14:05:48	208098.0000	41591+11	
1470	Clic!/magdemo/FONTS/HDETAIL2.FFF	TEXT	LMAN	6398	41549	0	-1	1997-02-11 17:42:23	1996-08-22 10:39:26	207888.0000	41549+1	
1469	Clic!/magdemo/FONTS/HDETAILS.FFF	TEXT	LMAN	33646	41545	0	-1	1997-02-11 17:42:23	1996-10-08 15:54:46	207868.0000	41545+4	
1479	Clic!/magdemo/FONTS/HLAPSF1.FFF	TEXT	LMAN	22906	41586	0	-1	1997-02-11 17:42:23	1996-08-20 15:44:50	208073.0000	41586+3	
1434	Clic!/magdemo/FONTS/HLAPSF2.FFF	TEXT	LMAN	22906	41409	0	-1	1997-02-11 17:42:23	1996-08-20 15:45:02	207188.0000	41409+3	
1461	Clic!/magdemo/FONTS/HMPHFNT.CFF	TEXT	LMAN	2404	41517	0	-1	1997-02-11 17:42:23	1996-03-29 11:11:00	207728.0000	41517+1	
1457	Clic!/magdemo/FONTS/HSIDEFNT.FFF	TEXT	LMAN	17632	41500	0	-1	1997-02-11 17:42:23	1996-10-28 15:32:36	207643.0000	41500+2	
1423	Clic!/magdemo/FONTS/HTITFONT.FFF	TEXT	LMAN	38546	41374	0	-1	1997-02-11 17:42:24	1996-10-17 17:44:04	207013.0000	41374+4	
1463	Clic!/magdemo/FONTS/HVIDEO.FFF	TEXT	LMAN	34366	41524	0	-1	1997-02-11 17:42:24	1997-01-24 14:36:48	207763.0000	41524+4	
1428	Clic!/magdemo/FONTS/LAPSF1.FFF	TEXT	LMAN	4580	41388	0	-1	1997-02-11 17:42:24	1996-06-04 11:58:50	207083.0000	41388+1	
1471	Clic!/magdemo/FONTS/LAPSF2.FFF	TEXT	LMAN	4580	41550	0	-1	1997-02-11 17:42:24	1996-06-04 12:01:36	207893.0000	41550+1	
1480	Clic!/magdemo/FONTS/LBIKECCK.CFF	TEXT	LMAN	11488	41589	0	-1	1997-02-11 17:42:24	1997-01-29 17:40:44	208088.0000	41589+2	
1427	Clic!/magdemo/FONTS/LCDBIGH.FFF	TEXT	LMAN	2736	41387	0	-1	1997-02-11 17:42:24	1996-07-30 19:16:02	207078.0000	41387+1	
1448	Clic!/magdemo/FONTS/LCDBIGL.FFF	TEXT	LMAN	2530	41459	0	-1	1997-02-11 17:42:24	1996-07-30 17:07:26	207438.0000	41459+1	
1477	Clic!/magdemo/FONTS/LCDFONTH.FFF	TEXT	LMAN	3932	41584	0	-1	1997-02-11 17:42:24	1996-07-30 19:16:12	208063.0000	41584+1	
1456	Clic!/magdemo/FONTS/LCDFONTL.FFF	TEXT	LMAN	2156	41499	0	-1	1997-02-11 17:42:24	1996-07-30 16:32:16	207638.0000	41499+1	
1437	Clic!/magdemo/FONTS/LCOCKPIT.CFF	TEXT	LMAN	24750	41414	0	-1	1997-02-11 17:42:24	1996-11-14 14:00:36	207213.0000	41414+3	
1443	Clic!/magdemo/FONTS/LMPHFNT.CFF	TEXT	LMAN	628	41447	0	-1	1997-02-11 17:42:24	1996-03-29 11:10:58	207378.0000	41447+1	
1444	Clic!/magdemo/FONTS/LVIDEO.FFF	TEXT	LMAN	8442	41448	0	-1	1997-02-11 17:42:24	1997-01-24 14:36:40	207383.0000	41448+1	
1474	Clic!/magdemo/FONTS/MESSY.FFF	TEXT	LMAN	75032	41564	0	-1	1997-02-11 17:42:24	1996-08-28 18:08:10	207963.0000	41564+8	
1436	Clic!/magdemo/FONTS/MESSYSML.FFF	TEXT	LMAN	916	41413	0	-1	1997-02-11 17:42:24	1996-06-21 11:42:24	207208.0000	41413+1	
1453	Clic!/magdemo/FONTS/MINICARS.FFF	TEXT	LMAN	1252	41496	0	-1	1997-02-11 17:42:24	1996-10-21 13:35:28	207623.0000	41496+1	
1439	Clic!/magdemo/FONTS/MIRRORS.FFF	TEXT	LMAN	41980	41429	0	-1	1997-02-11 17:42:24	1996-08-07 13:04:10	207288.0000	41429+5	
1478	Clic!/magdemo/FONTS/SIDEFONT.FFF	TEXT	LMAN	4692	41585	0	-1	1997-02-11 17:42:24	1996-06-19 10:33:12	208068.0000	41585+1	
1455	Clic!/magdemo/FONTS/SPEED2P.FFF	TEXT	LMAN	1808	41498	0	-1	1997-02-11 17:42:24	1996-11-06 17:17:22	207633.0000	41498+1	
1454	Clic!/magdemo/FONTS/SPEEDLO.FFF	TEXT	LMAN	6890	41497	0	-1	1997-02-11 17:42:24	1996-11-06 17:17:12	207628.0000	41497+1	
1445	Clic!/magdemo/FONTS/TITLFONT.FFF	TEXT	LMAN	12172	41449	0	-1	1997-02-11 17:42:24	1996-10-10 12:16:06	207388.0000	41449+2	
1484	Clic!/magdemo/FONTS/WHEELHI.CFF	TEXT	LMAN	408196	41611	0	-1	1997-02-11 17:42:24	1996-08-07 17:33:32	208198.0000	41611+40	
1462	Clic!/magdemo/FONTS/WHEELLO.CFF	TEXT	LMAN	56176	41518	0	-1	1997-02-11 17:42:25	1996-10-13 18:04:06	207733.0000	41518+6	
1435	Clic!/magdemo/FONTS/WHELANIM.FFF	TEXT	LMAN	8986	41412	0	-1	1997-02-11 17:42:25	1996-10-14 00:25:58	207203.0000	41412+1	
1451	Clic!/magdemo/FONTS/WORKS.FFF	TEXT	LMAN	209104	41474	0	-1	1997-02-11 17:42:25	1996-03-29 11:11:02	207513.0000	41474+21	
1449	Clic!/magdemo/FONTS/WSHIELDH.FFF	TEXT	LMAN	52512	41460	0	-1	1997-02-11 17:42:26	1996-08-21 11:35:28	207443.0000	41460+6	
1429	Clic!/magdemo/FONTS/WSHIELDL.FFF	TEXT	LMAN	11176	41389	0	-1	1997-02-11 17:42:26	1996-08-30 11:12:34	207088.0000	41389+2	
1440	Clic!/magdemo/FONTS/XCONFONT.FFF	TEXT	LMAN	34412	41434	0	-1	1997-02-11 17:42:26	1996-06-20 15:48:50	207313.0000	41434+4	
1507	Clic!/magdemo/HPICS/CALIBAC2.LBM	TEXT	LMAN	186446	41721	0	-1	1997-02-11 17:42:28	1980-01-03 20:55:14	208748.0000	41721+19	
1523	Clic!/magdemo/HPICS/CONBACK2.LBM	TEXT	LMAN	90028	41788	0	-1	1997-02-11 17:42:28	1980-01-03 11:01:48	209083.0000	41788+9	
1486	Clic!/magdemo/HPICS/CROSSHR.BBM	TEXT	LMAN	4976	41651	0	-1	1997-02-11 17:42:28	1996-08-16 10:57:06	208398.0000	41651+1	
1519	Clic!/magdemo/HPICS/DEMO.LBM	TEXT	LMAN	113948	41770	0	-1	1997-02-11 17:42:29	1996-09-11 15:09:24	208993.0000	41770+12	
1506	Clic!/magdemo/HPICS/FRONT00.LBM	TEXT	LMAN	95852	41711	0	-1	1997-02-11 17:42:29	1980-01-03 05:20:44	208698.0000	41711+10	
1518	Clic!/magdemo/HPICS/FRONT01.LBM	TEXT	LMAN	9068	41769	0	-1	1997-02-11 17:42:29	1980-01-03 05:21:04	208988.0000	41769+1	
1491	Clic!/magdemo/HPICS/FRONT02.LBM	TEXT	LMAN	47706	41671	0	-1	1997-02-11 17:42:29	1980-01-03 05:21:22	208498.0000	41671+5	
1505	Clic!/magdemo/HPICS/FRONT03.LBM	TEXT	LMAN	22900	41708	0	-1	1997-02-11 17:42:29	1980-01-03 05:21:40	208683.0000	41708+3	
1490	Clic!/magdemo/HPICS/FRONT10.LBM	TEXT	LMAN	95852	41661	0	-1	1997-02-11 17:42:29	1980-01-03 05:20:44	208448.0000	41661+10	
1504	Clic!/magdemo/HPICS/FRONT11.LBM	TEXT	LMAN	9068	41707	0	-1	1997-02-11 17:42:29	1980-01-03 05:21:04	208678.0000	41707+1	
1517	Clic!/magdemo/HPICS/FRONT12.LBM	TEXT	LMAN	47706	41764	0	-1	1997-02-11 17:42:29	1980-01-03 05:21:22	208963.0000	41764+5	
1489	Clic!/magdemo/HPICS/FRONT13.LBM	TEXT	LMAN	22900	41658	0	-1	1997-02-11 17:42:29	1980-01-03 05:21:40	208433.0000	41658+3	
1516	Clic!/magdemo/HPICS/FRONT20.LBM	TEXT	LMAN	95852	41754	0	-1	1997-02-11 17:42:30	1980-01-03 05:20:44	208913.0000	41754+10	
1488	Clic!/magdemo/HPICS/FRONT21.LBM	TEXT	LMAN	9950	41657	0	-1	1997-02-11 17:42:30	1980-01-03 12:13:40	208428.0000	41657+1	
1503	Clic!/magdemo/HPICS/FRONT22.LBM	TEXT	LMAN	47706	41702	0	-1	1997-02-11 17:42:30	1980-01-03 05:21:22	208653.0000	41702+5	
1515	Clic!/magdemo/HPICS/FRONT23.LBM	TEXT	LMAN	23574	41751	0	-1	1997-02-11 17:42:30	1980-01-03 14:44:34	208898.0000	41751+3	
1502	Clic!/magdemo/HPICS/FRONT30.LBM	TEXT	LMAN	95852	41692	0	-1	1997-02-11 17:42:30	1980-01-03 05:20:44	208603.0000	41692+10	
1514	Clic!/magdemo/HPICS/FRONT31.LBM	TEXT	LMAN	9068	41750	0	-1	1997-02-11 17:42:30	1980-01-03 05:21:04	208893.0000	41750+1	
1487	Clic!/magdemo/HPICS/FRONT32.LBM	TEXT	LMAN	47706	41652	0	-1	1997-02-11 17:42:30	1980-01-03 05:21:22	208403.0000	41652+5	
1501	Clic!/magdemo/HPICS/FRONT33.LBM	TEXT	LMAN	22900	41689	0	-1	1997-02-11 17:42:30	1980-01-03 05:21:40	208588.0000	41689+3	
1492	Clic!/magdemo/HPICS/MOUSEPTR.BBM	TEXT	LMAN	2650	41676	0	-1	1997-02-11 17:42:30	1996-08-16 17:52:40	208523.0000	41676+1	
1496	Clic!/magdemo/HPICS/NETA_FRE.LBM	TEXT	LMAN	11972	41683	0	-1	1997-02-11 17:42:30	1980-01-03 09:25:44	208558.0000	41683+2	
1510	Clic!/magdemo/HPICS/NETA_GER.LBM	TEXT	LMAN	18782	41744	0	-1	1997-02-11 17:42:30	1996-11-13 21:05:18	208863.0000	41744+2	
1524	Clic!/magdemo/HPICS/NETA_ITA.LBM	TEXT	LMAN	12526	41797	0	-1	1997-02-11 17:42:31	1981-02-05 16:51:42	209128.0000	41797+2	
1521	Clic!/magdemo/HPICS/NETB_FRE.LBM	TEXT	LMAN	12614	41784	0	-1	1997-02-11 17:42:31	1980-01-03 09:27:18	209063.0000	41784+2	
1493	Clic!/magdemo/HPICS/NETB_GER.LBM	TEXT	LMAN	18134	41677	0	-1	1997-02-11 17:42:31	1996-11-13 21:05:36	208528.0000	41677+2	
1509	Clic!/magdemo/HPICS/NETB_ITA.LBM	TEXT	LMAN	13144	41742	0	-1	1997-02-11 17:42:31	1981-02-05 16:56:24	208853.0000	41742+2	
1512	Clic!/magdemo/HPICS/NET_ENG.BBM	TEXT	LMAN	3104	41748	0	-1	1997-02-11 17:42:31	1996-09-20 11:43:46	208883.0000	41748+1	
1498	Clic!/magdemo/HPICS/NET_FRE.BBM	TEXT	LMAN	2784	41686	0	-1	1997-02-11 17:42:31	1980-01-03 09:01:10	208573.0000	41686+1	
1513	Clic!/magdemo/HPICS/NET_GER.BBM	TEXT	LMAN	3424	41749	0	-1	1997-02-11 17:42:31	1980-01-04 09:32:24	208888.0000	41749+1	
1497	Clic!/magdemo/HPICS/NET_ITA.BBM	TEXT	LMAN	3024	41685	0	-1	1997-02-11 17:42:31	1997-01-24 13:56:28	208568.0000	41685+1	
1511	Clic!/magdemo/HPICS/SERA_FRE.LBM	TEXT	LMAN	11842	41746	0	-1	1997-02-11 17:42:31	1980-01-03 09:30:20	208873.0000	41746+2	
1522	Clic!/magdemo/HPICS/SERA_GER.LBM	TEXT	LMAN	14720	41786	0	-1	1997-02-11 17:42:31	1980-01-03 06:08:40	209073.0000	41786+2	
1495	Clic!/magdemo/HPICS/SERA_ITA.LBM	TEXT	LMAN	12684	41681	0	-1	1997-02-11 17:42:31	1981-02-05 16:57:46	208548.0000	41681+2	
1494	Clic!/magdemo/HPICS/SERB_FRE.LBM	TEXT	LMAN	13724	41679	0	-1	1997-02-11 17:42:31	1980-01-03 09:31:22	208538.0000	41679+2	
1508	Clic!/magdemo/HPICS/SERB_GER.LBM	TEXT	LMAN	14074	41740	0	-1	1997-02-11 17:42:31	1980-01-04 12:43:22	208843.0000	41740+2	
1520	Clic!/magdemo/HPICS/SERB_ITA.LBM	TEXT	LMAN	13308	41782	0	-1	1997-02-11 17:42:31	1981-02-05 16:59:20	209053.0000	41782+2	
1499	Clic!/magdemo/HPICS/SER_ENG.BBM	TEXT	LMAN	2704	41687	0	-1	1997-02-11 17:42:31	1996-09-02 15:13:56	208578.0000	41687+1	
1526	Clic!/magdemo/HPICS/SER_FRE.BBM	TEXT	LMAN	2704	41800	0	-1	1997-02-11 17:42:31	1996-09-02 15:13:56	209143.0000	41800+1	
1500	Clic!/magdemo/HPICS/SER_GER.BBM	TEXT	LMAN	3504	41688	0	-1	1997-02-11 17:42:31	1980-01-04 09:25:48	208583.0000	41688+1	
1525	Clic!/magdemo/HPICS/SER_ITA.BBM	TEXT	LMAN	3024	41799	0	-1	1997-02-11 17:42:31	1997-01-24 13:55:50	209138.0000	41799+1	
1532	Clic!/magdemo/IMOLA/ENDING.LBM	TEXT	LMAN	83986	41870	0	-1	1997-02-11 17:42:31	1980-01-03 23:47:20	209493.0000	41870+9	
1535	Clic!/magdemo/IMOLA/IMOLA.BZP	TEXT	LMAN	225247	41881	0	-1	1997-02-11 17:42:31	1996-11-13 22:18:58	209548.0000	41881+22	
1542	Clic!/magdemo/IMOLA/IMOLA.CD2	TEXT	LMAN	0	-1	0	-1	1997-02-11 17:42:32	1996-11-15 08:00:48			
1543	Clic!/magdemo/IMOLA/IMOLA.CDF	TEXT	LMAN	215842	41926	0	-1	1997-02-11 17:42:32	1996-11-15 04:17:20	209773.0000	41926+22	
1531	Clic!/magdemo/IMOLA/IMOLA.DAT	TEXT	LMAN	513471	41819	0	-1	1997-02-11 17:42:32	1996-11-15 08:00:50	209238.0000	41819+51	
1537	Clic!/magdemo/IMOLA/IMOLA.INF	TEXT	LMAN	64	41905	0	-1	1997-02-11 17:42:33	1996-05-10 13:24:28	209668.0000	41905+1	
1529	Clic!/magdemo/IMOLA/IMOLA.LTX	TEXT	LMAN	13077	41809	0	-1	1997-02-11 17:42:33	1996-11-13 22:53:32	209188.0000	41809+2	
1528	Clic!/magdemo/IMOLA/IMOLA.LZP	TEXT	LMAN	81054	41801	0	-1	1997-02-11 17:42:33	1996-11-13 22:19:18	209148.0000	41801+8	
1538	Clic!/magdemo/IMOLA/IMOLA.OBS	TEXT	LMAN	16696	41906	0	-1	1997-02-11 17:42:33	1996-11-15 08:00:48	209673.0000	41906+2	
1544	Clic!/magdemo/IMOLA/IMOLA.SCT	FSCT	FOXX	48512	41948	0	-1	1997-02-11 17:42:33	1996-11-15 19:30:04	209883.0000	41948+5	
1536	Clic!/magdemo/IMOLA/IMOLA.TEX	TEXT	LMAN	13410	41903	0	-1	1997-02-11 17:42:33	1996-11-13 22:53:32	209658.0000	41903+2	
1530	Clic!/magdemo/IMOLA/IMOLA.TRK	TEXT	LMAN	76134	41811	0	-1	1997-02-11 17:42:33	1996-11-15 08:00:48	209198.0000	41811+8	
1540	Clic!/magdemo/IMOLA/LOADING.LBM	TEXT	LMAN	102734	41913	0	-1	1997-02-11 17:42:34	1980-01-03 06:49:48	209708.0000	41913+11	
1539	Clic!/magdemo/IMOLA/RACELINE.DAT	TEXT	LMAN	45645	41908	0	-1	1997-02-11 17:42:34	1996-10-25 18:23:48	209683.0000	41908+5	
1541	Clic!/magdemo/IMOLA/RACELINE.TRK	TEXT	LMAN	17844	41924	0	-1	1997-02-11 17:42:34	1996-10-25 18:23:48	209763.0000	41924+2	
1533	Clic!/magdemo/IMOLA/SKYGRND.TEX	TEXT	LMAN	119	41879	0	-1	1997-02-11 17:42:34	1996-09-18 15:08:42	209538.0000	41879+1	
1534	Clic!/magdemo/IMOLA/SKYGRNDR.TEX	TEXT	LMAN	114	41880	0	-1	1997-02-11 17:42:34	1996-09-20 11:19:14	209543.0000	41880+1	
1570	Clic!/magdemo/PICS/ARCADIA.LBM	TEXT	LMAN	63454	42029	0	-1	1997-02-11 17:42:46	1996-02-28 11:51:50	210288.0000	42029+7	
1584	Clic!/magdemo/PICS/ARCRES.LBM	TEXT	LMAN	49346	42082	0	-1	1997-02-11 17:42:46	1996-06-19 17:49:54	210553.0000	42082+5	
1559	Clic!/magdemo/PICS/BOXES3.LBM	TEXT	LMAN	33368	41996	0	-1	1997-02-11 17:42:46	1996-08-01 16:43:30	210123.0000	41996+4	
1552	Clic!/magdemo/PICS/CALIBACK.LBM	TEXT	LMAN	53760	41971	0	-1	1997-02-11 17:42:46	1996-07-12 12:04:04	209998.0000	41971+6	
1581	Clic!/magdemo/PICS/CHCARBK.BBM	TEXT	LMAN	3768	42079	0	-1	1997-02-11 17:42:46	1996-06-07 15:26:04	210538.0000	42079+1	
1564	Clic!/magdemo/PICS/CHCARBK.LBM	TEXT	LMAN	19926	42019	0	-1	1997-02-11 17:42:46	1984-05-28 19:39:00	210238.0000	42019+2	
1589	Clic!/magdemo/PICS/CHMPSTIL.LBM	TEXT	LMAN	54260	42104	0	-1	1997-02-11 17:42:46	1996-05-28 16:58:56	210663.0000	42104+6	
1560	Clic!/magdemo/PICS/CONBACK.LBM	TEXT	LMAN	55532	42000	0	-1	1997-02-11 17:42:46	1996-05-10 16:32:10	210143.0000	42000+6	
1601	Clic!/magdemo/PICS/CONBACK2.LBM	TEXT	LMAN	2510	42148	0	-1	1997-02-11 17:42:46	1996-05-13 14:22:28	210883.0000	42148+1	
1548	Clic!/magdemo/PICS/CROSSHR.BBM	TEXT	LMAN	1896	41958	0	-1	1997-02-11 17:42:46	1996-07-10 11:32:50	209933.0000	41958+1	
1576	Clic!/magdemo/PICS/DANSCOCK.BBM	TEXT	LMAN	1666	42047	0	-1	1997-02-11 17:42:47	1996-07-29 16:38:36	210378.0000	42047+1	
1588	Clic!/magdemo/PICS/DCOCKHI.BBM	TEXT	LMAN	2780	42103	0	-1	1997-02-11 17:42:47	1996-07-29 16:39:18	210658.0000	42103+1	
1553	Clic!/magdemo/PICS/DISK2.LBM	TEXT	LMAN	39976	41977	0	-1	1997-02-11 17:42:47	1997-01-23 14:42:04	210028.0000	41977+4	
1569	Clic!/magdemo/PICS/DP_PREFS	TEXT	LMAN	324	42028	0	-1	1997-02-11 17:42:47	1996-08-01 17:45:18	210283.0000	42028+1	
1583	Clic!/magdemo/PICS/EBOXPOS.LBM	TEXT	LMAN	4346	42081	0	-1	1997-02-11 17:42:47	1996-08-01 17:45:24	210548.0000	42081+1	
1549	Clic!/magdemo/PICS/EDITBAC2.LBM	TEXT	LMAN	64824	41959	0	-1	1997-02-11 17:42:47	1996-08-01 17:44:04	209938.0000	41959+7	
1587	Clic!/magdemo/PICS/EDITBAC3.LBM	TEXT	LMAN	47994	42098	0	-1	1997-02-11 17:42:47	1996-08-01 16:49:32	210633.0000	42098+5	
1586	Clic!/magdemo/PICS/EDITBACK.LBM	TEXT	LMAN	39298	42094	0	-1	1997-02-11 17:42:47	1996-08-01 17:45:14	210613.0000	42094+4	
1593	Clic!/magdemo/PICS/FOGGY1.SHD	TEXT	LMAN	1167	42118	0	-1	1997-02-11 17:42:47	1996-01-18 11:13:10	210733.0000	42118+1	
1572	Clic!/magdemo/PICS/FOGGY2.SHD	TEXT	LMAN	1153	42037	0	-1	1997-02-11 17:42:47	1996-01-18 11:13:10	210328.0000	42037+1	
1557	Clic!/magdemo/PICS/FOGGY3.SHD	TEXT	LMAN	1134	41994	0	-1	1997-02-11 17:42:47	1996-01-18 11:13:10	210113.0000	41994+1	
1592	Clic!/magdemo/PICS/FOGGY4.SHD	TEXT	LMAN	1104	42117	0	-1	1997-02-11 17:42:47	1996-01-18 11:13:10	210728.0000	42117+1	
1571	Clic!/magdemo/PICS/FOGGY5.SHD	TEXT	LMAN	1085	42036	0	-1	1997-02-11 17:42:47	1996-01-18 11:13:10	210323.0000	42036+1	
1556	Clic!/magdemo/PICS/FOGGY6.SHD	TEXT	LMAN	1059	41993	0	-1	1997-02-11 17:42:47	1996-01-18 11:13:10	210108.0000	41993+1	
1574	Clic!/magdemo/PICS/FORECAST.LBM	TEXT	LMAN	48616	42041	0	-1	1997-02-11 17:42:47	1996-07-08 13:18:14	210348.0000	42041+5	
1585	Clic!/magdemo/PICS/FTABLE.LBM	TEXT	LMAN	64952	42087	0	-1	1997-02-11 17:42:48	1996-06-20 10:21:10	210578.0000	42087+7	
1551	Clic!/magdemo/PICS/GRIDPIC.LBM	TEXT	LMAN	33762	41967	0	-1	1997-02-11 17:42:48	1996-07-05 16:12:36	209978.0000	41967+4	
1573	Clic!/magdemo/PICS/JOYBACK.LBM	TEXT	LMAN	30054	42038	0	-1	1997-02-11 17:42:48	1996-06-19 10:45:54	210333.0000	42038+3	
1582	Clic!/magdemo/PICS/KILLPIPE.LBM	TEXT	LMAN	4544	42080	0	-1	1997-02-11 17:42:48	1996-06-28 11:39:44	210543.0000	42080+1	
1596	Clic!/magdemo/PICS/LCOCKPT2.LBM	TEXT	LMAN	9524	42124	0	-1	1997-02-11 17:42:48	1996-07-30 15:49:30	210763.0000	42124+1	
1599	Clic!/magdemo/PICS/LOADSAVE.LBM	TEXT	LMAN	36744	42138	0	-1	1997-02-11 17:42:48	1980-01-03 13:39:18	210833.0000	42138+4	
1561	Clic!/magdemo/PICS/MOUSEPTR.BBM	TEXT	LMAN	1404	42006	0	-1	1997-02-11 17:42:48	1996-01-26 16:23:44	210173.0000	42006+1	
1578	Clic!/magdemo/PICS/OLDGRID.BIF	TEXT	LMAN	64012	42061	0	-1	1997-02-11 17:42:48	1996-10-12 17:51:50	210448.0000	42061+7	
1579	Clic!/magdemo/PICS/OLDGRID.LBM	TEXT	LMAN	45196	42068	0	-1	1997-02-11 17:42:48	1996-06-14 16:48:46	210483.0000	42068+5	
1595	Clic!/magdemo/PICS/OLDLOAD.LBM	TEXT	LMAN	33096	42120	0	-1	1997-02-11 17:42:48	1996-03-13 17:41:54	210743.0000	42120+4	
1577	Clic!/magdemo/PICS/PSPBRWSE.JBF	TEXT	LMAN	127800	42048	0	-1	1997-02-11 17:42:48	1997-01-24 14:06:46	210383.0000	42048+13	
1565	Clic!/magdemo/PICS/REPLAY.LBM	TEXT	LMAN	33742	42021	0	-1	1997-02-11 17:42:48	1996-03-19 12:05:00	210248.0000	42021+4	
1602	Clic!/magdemo/PICS/RESULT2.LBM	TEXT	LMAN	68370	42149	0	-1	1997-02-11 17:42:48	1996-06-28 12:00:28	210888.0000	42149+7	
1546	Clic!/magdemo/PICS/SERIAL.BBM	TEXT	LMAN	1776	41953	0	-1	1997-02-11 17:42:48	1996-03-26 16:03:14	209908.0000	41953+1	
1590	Clic!/magdemo/PICS/SHOOTOUT.LBM	TEXT	LMAN	49346	42110	0	-1	1997-02-11 17:42:48	1996-06-19 17:49:54	210693.0000	42110+5	
1600	Clic!/magdemo/PICS/SIGRACE.LBM	TEXT	LMAN	53108	42142	0	-1	1997-02-11 17:42:49	1996-07-17 16:55:18	210853.0000	42142+6	
1567	Clic!/magdemo/PICS/STATE.RST	TEXT	LMAN	408	42026	0	-1	1997-02-11 17:42:49	1996-08-15 12:44:52	210273.0000	42026+1	
1591	Clic!/magdemo/PICS/TEQUE.LBM	TEXT	LMAN	14836	42115	0	-1	1997-02-11 17:42:49	1996-07-18 13:47:34	210718.0000	42115+2	
1575	Clic!/magdemo/PICS/WAITPIPE.LBM	TEXT	LMAN	4508	42046	0	-1	1997-02-11 17:42:49	1996-04-03 11:10:52	210373.0000	42046+1	
1566	Clic!/magdemo/PICS/WAITSCR.LBM	TEXT	LMAN	3938	42025	0	-1	1997-02-11 17:42:49	1996-01-18 15:50:30	210268.0000	42025+1	
1563	Clic!/magdemo/PICS/WEATHER1.LBM	TEXT	LMAN	52502	42013	0	-1	1997-02-11 17:42:49	1996-07-08 14:14:44	210208.0000	42013+6	
1598	Clic!/magdemo/PICS/WEATHER2.LBM	TEXT	LMAN	57116	42132	0	-1	1997-02-11 17:42:49	1996-07-08 14:14:50	210803.0000	42132+6	
1580	Clic!/magdemo/PICS/WEATHER3.LBM	TEXT	LMAN	58308	42073	0	-1	1997-02-11 17:42:49	1996-07-08 14:14:56	210508.0000	42073+6	
1562	Clic!/magdemo/PICS/WEATHER4.LBM	TEXT	LMAN	58486	42007	0	-1	1997-02-11 17:42:49	1996-07-08 14:15:08	210178.0000	42007+6	
1597	Clic!/magdemo/PICS/WEATHER5.LBM	TEXT	LMAN	64628	42125	0	-1	1997-02-11 17:42:49	1996-07-08 16:55:54	210768.0000	42125+7	
1554	Clic!/magdemo/PICS/WORKSLO.BIF	TEXT	LMAN	64012	41981	0	-1	1997-02-11 17:42:49	1996-10-14 05:21:00	210048.0000	41981+7	
1555	Clic!/magdemo/PICS/WORKSLO.LBM	TEXT	LMAN	42296	41988	0	-1	1997-02-11 17:42:49	1980-01-04 02:53:36	210083.0000	41988+5	
1558	Clic!/magdemo/PICS/WPANEL1A.BBM	TEXT	LMAN	8308	41995	0	-1	1997-02-11 17:42:49	1996-04-16 16:47:24	210118.0000	41995+1	
1594	Clic!/magdemo/PICS/WPANEL2A.BBM	TEXT	LMAN	2832	42119	0	-1	1997-02-11 17:42:49	1996-04-16 16:49:02	210738.0000	42119+1	
1568	Clic!/magdemo/PICS/WSHIELDH.LBM	TEXT	LMAN	7648	42027	0	-1	1997-02-11 17:42:50	1996-07-29 17:50:32	210278.0000	42027+1	
1550	Clic!/magdemo/PICS/WSHIELDL.LBM	TEXT	LMAN	2800	41966	0	-1	1997-02-11 17:42:50	1996-07-30 11:51:02	209973.0000	41966+1	
1547	Clic!/magdemo/PICS/_BACKUP_.LBM	TEXT	LMAN	39976	41954	0	-1	1997-02-11 17:42:50	1997-01-23 14:41:06	209913.0000	41954+4	
1618	Clic!/magdemo/HELPI/ADELAIDE.HLP	TEXT	LMAN	367	42170	0	-1	1997-02-11 17:42:28	1996-12-10 18:13:44	210993.0000	42170+1	
1606	Clic!/magdemo/HELPI/AIDA.HLP	TEXT	LMAN	350	42158	0	-1	1997-02-11 17:42:28	1996-12-10 18:24:38	210933.0000	42158+1	
1612	Clic!/magdemo/HELPI/BARCEL.HLP	TEXT	LMAN	274	42164	0	-1	1997-02-11 17:42:28	1996-12-10 16:49:50	210963.0000	42164+1	
1611	Clic!/magdemo/HELPI/BUENOS.HLP	TEXT	LMAN	311	42163	0	-1	1997-02-11 17:42:28	1996-12-10 16:50:26	210958.0000	42163+1	
1604	Clic!/magdemo/HELPI/ESTORIL.HLP	TEXT	LMAN	317	42156	0	-1	1997-02-11 17:42:28	1996-12-10 16:50:40	210923.0000	42156+1	
1607	Clic!/magdemo/HELPI/HOCKEN.HLP	TEXT	LMAN	334	42159	0	-1	1997-02-11 17:42:28	1997-01-02 12:33:02	210938.0000	42159+1	
1615	Clic!/magdemo/HELPI/HUNGARY.HLP	TEXT	LMAN	272	42167	0	-1	1997-02-11 17:42:28	1996-12-10 18:38:28	210978.0000	42167+1	
1605	Clic!/magdemo/HELPI/IMOLA.HLP	TEXT	LMAN	391	42157	0	-1	1997-02-11 17:42:28	1996-12-10 18:02:16	210928.0000	42157+1	
1617	Clic!/magdemo/HELPI/INTER.HLP	TEXT	LMAN	303	42169	0	-1	1997-02-11 17:42:28	1997-01-02 12:10:32	210988.0000	42169+1	
1613	Clic!/magdemo/HELPI/MAGNY.HLP	TEXT	LMAN	398	42165	0	-1	1997-02-11 17:42:28	1997-01-02 12:27:12	210968.0000	42165+1	
1608	Clic!/magdemo/HELPI/MONACO.HLP	TEXT	LMAN	425	42160	0	-1	1997-02-11 17:42:28	1996-12-10 17:46:30	210943.0000	42160+1	
1619	Clic!/magdemo/HELPI/MONTREAL.HLP	TEXT	LMAN	355	42171	0	-1	1997-02-11 17:42:28	1996-12-10 18:29:16	210998.0000	42171+1	
1616	Clic!/magdemo/HELPI/MONZA.HLP	TEXT	LMAN	260	42168	0	-1	1997-02-11 17:42:28	1996-12-10 18:34:46	210983.0000	42168+1	
1609	Clic!/magdemo/HELPI/NUR.HLP	TEXT	LMAN	366	42161	0	-1	1997-02-11 17:42:28	1996-12-10 18:48:10	210948.0000	42161+1	
1620	Clic!/magdemo/HELPI/SILVER.HLP	TEXT	LMAN	403	42172	0	-1	1997-02-11 17:42:28	1996-12-10 17:38:34	211003.0000	42172+1	
1614	Clic!/magdemo/HELPI/SPA.HLP	TEXT	LMAN	296	42166	0	-1	1997-02-11 17:42:28	1996-12-10 16:53:26	210973.0000	42166+1	
1610	Clic!/magdemo/HELPI/SUZUKA.HLP	TEXT	LMAN	283	42162	0	-1	1997-02-11 17:42:28	1996-12-10 16:53:52	210953.0000	42162+1	
1636	Clic!/magdemo/HELPG/ADELAIDE.HLP	TEXT	LMAN	370	42187	0	-1	1997-02-11 17:42:27	1996-11-11 21:25:08	211078.0000	42187+1	
1624	Clic!/magdemo/HELPG/AIDA.HLP	TEXT	LMAN	332	42175	0	-1	1997-02-11 17:42:27	1996-11-11 21:32:00	211018.0000	42175+1	
1630	Clic!/magdemo/HELPG/BARCEL.HLP	TEXT	LMAN	240	42181	0	-1	1997-02-11 17:42:27	1996-11-11 19:59:36	211048.0000	42181+1	
1629	Clic!/magdemo/HELPG/BUENOS.HLP	TEXT	LMAN	321	42180	0	-1	1997-02-11 17:42:27	1996-11-12 13:26:12	211043.0000	42180+1	
1622	Clic!/magdemo/HELPG/ESTORIL.HLP	TEXT	LMAN	317	42173	0	-1	1997-02-11 17:42:28	1996-11-11 21:17:12	211008.0000	42173+1	
1625	Clic!/magdemo/HELPG/HOCKEN.HLP	TEXT	LMAN	349	42176	0	-1	1997-02-11 17:42:28	1996-11-12 13:43:20	211023.0000	42176+1	
1633	Clic!/magdemo/HELPG/HUNGARY.HLP	TEXT	LMAN	275	42184	0	-1	1997-02-11 17:42:28	1996-11-12 12:35:02	211063.0000	42184+1	
1623	Clic!/magdemo/HELPG/IMOLA.HLP	TEXT	LMAN	420	42174	0	-1	1997-02-11 17:42:28	1996-11-11 21:06:22	211013.0000	42174+1	
1635	Clic!/magdemo/HELPG/INTER.HLP	TEXT	LMAN	309	42186	0	-1	1997-02-11 17:42:28	1997-01-02 12:10:40	211073.0000	42186+1	
1631	Clic!/magdemo/HELPG/MAGNY.HLP	TEXT	LMAN	406	42182	0	-1	1997-02-11 17:42:28	1996-11-11 20:16:04	211053.0000	42182+1	
1626	Clic!/magdemo/HELPG/MONACO.HLP	TEXT	LMAN	456	42177	0	-1	1997-02-11 17:42:28	1996-11-11 20:46:12	211028.0000	42177+1	
1637	Clic!/magdemo/HELPG/MONTREAL.HLP	TEXT	LMAN	345	42188	0	-1	1997-02-11 17:42:28	1996-11-12 12:07:12	211083.0000	42188+1	
1634	Clic!/magdemo/HELPG/MONZA.HLP	TEXT	LMAN	256	42185	0	-1	1997-02-11 17:42:28	1996-11-12 12:39:24	211068.0000	42185+1	
1627	Clic!/magdemo/HELPG/NUR.HLP	TEXT	LMAN	381	42178	0	-1	1997-02-11 17:42:28	1996-11-12 12:50:12	211033.0000	42178+1	
1638	Clic!/magdemo/HELPG/SILVER.HLP	TEXT	LMAN	418	42189	0	-1	1997-02-11 17:42:28	1996-11-11 20:46:26	211088.0000	42189+1	
1632	Clic!/magdemo/HELPG/SPA.HLP	TEXT	LMAN	301	42183	0	-1	1997-02-11 17:42:28	1996-11-11 20:13:42	211058.0000	42183+1	
1628	Clic!/magdemo/HELPG/SUZUKA.HLP	TEXT	LMAN	277	42179	0	-1	1997-02-11 17:42:28	1996-11-11 20:17:26	211038.0000	42179+1	
1654	Clic!/magdemo/HELPF/ADELAIDE.HLP	TEXT	LMAN	351	42204	0	-1	1997-02-11 17:42:27	1996-11-22 12:29:28	211163.0000	42204+1	
1642	Clic!/magdemo/HELPF/AIDA.HLP	TEXT	LMAN	349	42192	0	-1	1997-02-11 17:42:27	1996-11-22 12:29:46	211103.0000	42192+1	
1648	Clic!/magdemo/HELPF/BARCEL.HLP	TEXT	LMAN	241	42198	0	-1	1997-02-11 17:42:27	1996-11-22 12:29:58	211133.0000	42198+1	
1647	Clic!/magdemo/HELPF/BUENOS.HLP	TEXT	LMAN	311	42197	0	-1	1997-02-11 17:42:27	1996-11-22 12:30:52	211128.0000	42197+1	
1640	Clic!/magdemo/HELPF/ESTORIL.HLP	TEXT	LMAN	297	42190	0	-1	1997-02-11 17:42:27	1996-11-22 12:31:12	211093.0000	42190+1	
1643	Clic!/magdemo/HELPF/HOCKEN.HLP	TEXT	LMAN	374	42193	0	-1	1997-02-11 17:42:27	1996-11-22 12:31:24	211108.0000	42193+1	
1651	Clic!/magdemo/HELPF/HUNGARY.HLP	TEXT	LMAN	265	42201	0	-1	1997-02-11 17:42:27	1996-11-22 12:31:34	211148.0000	42201+1	
1641	Clic!/magdemo/HELPF/IMOLA.HLP	TEXT	LMAN	431	42191	0	-1	1997-02-11 17:42:27	1996-11-22 12:31:48	211098.0000	42191+1	
1653	Clic!/magdemo/HELPF/INTER.HLP	TEXT	LMAN	307	42203	0	-1	1997-02-11 17:42:27	1996-11-22 16:03:56	211158.0000	42203+1	
1649	Clic!/magdemo/HELPF/MAGNY.HLP	TEXT	LMAN	383	42199	0	-1	1997-02-11 17:42:27	1996-11-22 12:32:04	211138.0000	42199+1	
1644	Clic!/magdemo/HELPF/MONACO.HLP	TEXT	LMAN	440	42194	0	-1	1997-02-11 17:42:27	1996-11-22 12:32:16	211113.0000	42194+1	
1655	Clic!/magdemo/HELPF/MONTREAL.HLP	TEXT	LMAN	363	42205	0	-1	1997-02-11 17:42:27	1996-11-22 12:32:24	211168.0000	42205+1	
1652	Clic!/magdemo/HELPF/MONZA.HLP	TEXT	LMAN	273	42202	0	-1	1997-02-11 17:42:27	1996-11-22 12:32:36	211153.0000	42202+1	
1645	Clic!/magdemo/HELPF/NUR.HLP	TEXT	LMAN	384	42195	0	-1	1997-02-11 17:42:27	1996-11-22 12:32:44	211118.0000	42195+1	
1656	Clic!/magdemo/HELPF/SILVER.HLP	TEXT	LMAN	410	42206	0	-1	1997-02-11 17:42:27	1996-11-22 12:32:52	211173.0000	42206+1	
1650	Clic!/magdemo/HELPF/SPA.HLP	TEXT	LMAN	279	42200	0	-1	1997-02-11 17:42:27	1996-11-22 12:33:02	211143.0000	42200+1	
1646	Clic!/magdemo/HELPF/SUZUKA.HLP	TEXT	LMAN	285	42196	0	-1	1997-02-11 17:42:27	1996-11-22 16:04:10	211123.0000	42196+1	
1672	Clic!/magdemo/HELPE/ADELAIDE.HLP	TEXT	LMAN	310	42221	0	-1	1997-02-11 17:42:26	1996-11-22 12:38:00	211248.0000	42221+1	
1660	Clic!/magdemo/HELPE/AIDA.HLP	TEXT	LMAN	329	42209	0	-1	1997-02-11 17:42:26	1996-09-11 18:51:00	211188.0000	42209+1	
1666	Clic!/magdemo/HELPE/BARCEL.HLP	TEXT	LMAN	225	42215	0	-1	1997-02-11 17:42:26	1996-10-13 01:32:00	211218.0000	42215+1	
1665	Clic!/magdemo/HELPE/BUENOS.HLP	TEXT	LMAN	269	42214	0	-1	1997-02-11 17:42:27	1996-10-13 01:48:54	211213.0000	42214+1	
1658	Clic!/magdemo/HELPE/ESTORIL.HLP	TEXT	LMAN	262	42207	0	-1	1997-02-11 17:42:27	1996-10-13 01:31:30	211178.0000	42207+1	
1661	Clic!/magdemo/HELPE/HOCKEN.HLP	TEXT	LMAN	341	42210	0	-1	1997-02-11 17:42:27	1996-10-31 11:27:38	211193.0000	42210+1	
1669	Clic!/magdemo/HELPE/HUNGARY.HLP	TEXT	LMAN	228	42218	0	-1	1997-02-11 17:42:27	1996-08-23 14:44:34	211233.0000	42218+1	
1659	Clic!/magdemo/HELPE/IMOLA.HLP	TEXT	LMAN	380	42208	0	-1	1997-02-11 17:42:27	1996-09-12 15:58:02	211183.0000	42208+1	
1671	Clic!/magdemo/HELPE/INTER.HLP	TEXT	LMAN	291	42220	0	-1	1997-02-11 17:42:27	1996-11-06 18:16:00	211243.0000	42220+1	
1667	Clic!/magdemo/HELPE/MAGNY.HLP	TEXT	LMAN	346	42216	0	-1	1997-02-11 17:42:27	1996-10-31 13:15:40	211223.0000	42216+1	
1662	Clic!/magdemo/HELPE/MONACO.HLP	TEXT	LMAN	417	42211	0	-1	1997-02-11 17:42:27	1996-08-20 19:02:10	211198.0000	42211+1	
1673	Clic!/magdemo/HELPE/MONTREAL.HLP	TEXT	LMAN	317	42222	0	-1	1997-02-11 17:42:27	1996-09-12 17:37:36	211253.0000	42222+1	
1670	Clic!/magdemo/HELPE/MONZA.HLP	TEXT	LMAN	258	42219	0	-1	1997-02-11 17:42:27	1996-09-11 19:34:22	211238.0000	42219+1	
1663	Clic!/magdemo/HELPE/NUR.HLP	TEXT	LMAN	354	42212	0	-1	1997-02-11 17:42:27	1996-10-30 12:10:04	211203.0000	42212+1	
1674	Clic!/magdemo/HELPE/SILVER.HLP	TEXT	LMAN	375	42223	0	-1	1997-02-11 17:42:27	1996-08-20 18:18:02	211258.0000	42223+1	
1668	Clic!/magdemo/HELPE/SPA.HLP	TEXT	LMAN	289	42217	0	-1	1997-02-11 17:42:27	1996-10-31 13:22:36	211228.0000	42217+1	
1664	Clic!/magdemo/HELPE/SUZUKA.HLP	TEXT	LMAN	249	42213	0	-1	1997-02-11 17:42:27	1996-11-06 12:22:18	211208.0000	42213+1	
1679	Clic!/museo/MAIN.DIR	TEXT	LMAN	3468344	42396	0	-1	1997-02-11 16:05:05	1979-06-05 01:42:28	212123.0000	42396+339	
1677	Clic!/museo/MAIN.MOV	TEXT	LMAN	293139	42314	0	-1	1997-02-11 16:05:10	1979-06-05 06:14:44	211713.0000	42314+29	
1676	Clic!/museo/ORSAY.EXE	DEXE	LMAN	917625	42224	0	-1	1997-02-11 16:05:11	1996-12-03 14:43:50	211263.0000	42224+90	
1678	Clic!/museo/VR.MOV	TEXT	LMAN	533597	42343	0	-1	1997-02-11 16:05:13	1979-06-05 06:14:44	211858.0000	42343+53	
1681	Clic!/down/msie301.exe	DEXE	LMAN	5585256	42735	0	-1	1997-02-11 16:00:35	1996-11-26 16:01:14	213818.0000	42735+546	
1687	Clic!/ville/MTB40BAS.DLL	DEXE	LMAN	1017248	43403	0	-1	1997-02-11 16:07:13	1995-11-12 18:00:00	217158.0000	43403+100	
1689	Clic!/ville/MTB40BMP.DLL	DEXE	LMAN	119680	43512	0	-1	1997-02-11 16:07:15	1995-11-12 18:00:00	217703.0000	43512+12	
1694	Clic!/ville/MTB40CMP.DLL	DEXE	LMAN	324928	43571	0	-1	1997-02-11 16:07:16	1995-11-12 18:00:00	217998.0000	43571+32	
1693	Clic!/ville/MTB40FLT.DLL	DEXE	LMAN	149312	43556	0	-1	1997-02-11 16:07:16	1995-11-12 18:00:00	217923.0000	43556+15	
1692	Clic!/ville/MTB40LNL.DLL	DEXE	LMAN	185440	43537	0	-1	1997-02-11 16:07:16	1995-11-12 18:00:00	217828.0000	43537+19	
1695	Clic!/ville/MTB40MM.DLL	DEXE	LMAN	43328	43603	0	-1	1997-02-11 16:07:17	1995-11-12 18:00:00	218158.0000	43603+5	
1698	Clic!/ville/MTB40MM.INI	TEXT	LMAN	4223	43616	0	-1	1997-02-11 16:07:17	1995-11-12 18:00:00	218223.0000	43616+1	
1686	Clic!/ville/MTB40NET.EXE	DEXE	LMAN	8960	43402	0	-1	1997-02-11 16:07:17	1995-11-12 18:00:00	217153.0000	43402+1	
1684	Clic!/ville/MTB40RCR.DLL	DEXE	LMAN	176104	43305	0	-1	1997-02-11 16:07:17	1995-11-12 18:00:00	216668.0000	43305+18	
1685	Clic!/ville/MTB40RUN.EXE	DEXE	LMAN	807296	43323	0	-1	1997-02-11 16:07:17	1995-11-12 18:00:00	216758.0000	43323+79	
1690	Clic!/ville/MTB40UTL.DLL	DEXE	LMAN	116288	43524	0	-1	1997-02-11 16:07:18	1995-11-12 18:00:00	217763.0000	43524+12	
1688	Clic!/ville/PCDLIB.DLL	DEXE	LMAN	83520	43503	0	-1	1997-02-11 16:07:19	1995-11-13 02:00:00	217658.0000	43503+9	
1691	Clic!/ville/PCDXBMP.DLL	DEXE	LMAN	2336	43536	0	-1	1997-02-11 16:07:19	1995-11-13 02:00:00	217823.0000	43536+1	
1683	Clic!/ville/PXENGWIN.DLL	DEXE	LMAN	236734	43281	0	-1	1997-02-11 16:07:19	1995-11-03 02:00:00	216548.0000	43281+24	
1696	Clic!/ville/TB40DOS.DLL	DEXE	LMAN	18848	43608	0	-1	1997-02-11 16:07:19	1995-11-12 18:00:00	218183.0000	43608+2	
1697	Clic!/ville/TB40WIN.DLL	DEXE	LMAN	56960	43610	0	-1	1997-02-11 16:07:19	1995-11-12 18:00:00	218193.0000	43610+6	
1699	Clic!/ville/VILLE.EXE	DEXE	LMAN	10600324	43617	0	-1	1997-02-11 16:05:48	1997-01-14 14:41:50	218228.0000	43617+1036	
1702	Clic!/ville/MUSIC/A.WAV	TEXT	LMAN	11100716	45389	0	-1	1997-02-11 16:06:36	1996-06-18 14:48:26	227088.0000	45389+1085	
1701	Clic!/ville/MUSIC/INTRO.WAV	TEXT	LMAN	7531568	44653	0	-1	1997-02-11 16:06:55	1996-03-18 11:57:48	223408.0000	44653+736	
1708	Clic!/ville/SPEAK/ANI.MOV	TEXT	LMAN	497299	46668	0	-1	1997-02-11 16:07:08	1996-10-18 09:35:14	233483.0000	46668+49	
1707	Clic!/ville/SPEAK/ANIATT.MOV	TEXT	LMAN	648908	46604	0	-1	1997-02-11 16:07:09	1996-10-18 09:35:34	233163.0000	46604+64	
1706	Clic!/ville/SPEAK/ANIESP.MOV	TEXT	LMAN	290027	46575	0	-1	1997-02-11 16:07:10	1996-10-18 09:34:52	233018.0000	46575+29	
1704	Clic!/ville/SPEAK/ANIMEZ.MOV	TEXT	LMAN	433477	46474	0	-1	1997-02-11 16:07:10	1996-10-18 09:35:46	232513.0000	46474+43	
1705	Clic!/ville/SPEAK/ANINOB.MOV	TEXT	LMAN	587001	46517	0	-1	1997-02-11 16:07:11	1996-10-18 09:35:02	232728.0000	46517+58	
1859	Clic!/ville/IMMVS/PAS1.TIF	TIFF	ALD4	8406	46867	0	-1	1997-02-11 16:06:28	1996-09-03 09:04:20	234478.0000	46867+1	
1721	Clic!/ville/IMMVS/SV1.TIF	TIFF	ALD4	7230	46728	0	-1	1997-02-11 16:06:28	1996-09-03 09:04:20	233783.0000	46728+1	
1785	Clic!/ville/IMMVS/SV10.TIF	TIFF	ALD4	6398	46793	0	-1	1997-02-11 16:06:28	1996-09-03 09:04:20	234108.0000	46793+1	
1834	Clic!/ville/IMMVS/SV10_2.TIF	TIFF	ALD4	8606	46842	0	-1	1997-02-11 16:06:28	1996-09-03 09:04:20	234353.0000	46842+1	
1760	Clic!/ville/IMMVS/SV10_3.TIF	TIFF	ALD4	9514	46768	0	-1	1997-02-11 16:06:28	1996-09-03 09:04:20	233983.0000	46768+1	
1931	Clic!/ville/IMMVS/SV11.TIF	TIFF	ALD4	9614	46939	0	-1	1997-02-11 16:06:28	1996-09-03 09:04:20	234838.0000	46939+1	
1909	Clic!/ville/IMMVS/SV11_2.TIF	TIFF	ALD4	9514	46917	0	-1	1997-02-11 16:06:28	1996-09-03 09:04:20	234728.0000	46917+1	
1830	Clic!/ville/IMMVS/SV11_3.TIF	TIFF	ALD4	9514	46838	0	-1	1997-02-11 16:06:28	1996-09-03 09:04:20	234333.0000	46838+1	
1853	Clic!/ville/IMMVS/SV12.TIF	TIFF	ALD4	9750	46861	0	-1	1997-02-11 16:06:28	1996-09-03 09:04:20	234448.0000	46861+1	
1755	Clic!/ville/IMMVS/SV12_2.TIF	TIFF	ALD4	9614	46763	0	-1	1997-02-11 16:06:28	1996-09-03 09:04:20	233958.0000	46763+1	
1905	Clic!/ville/IMMVS/SV12_3.TIF	TIFF	ALD4	8220	46913	0	-1	1997-02-11 16:06:28	1996-09-03 09:04:20	234708.0000	46913+1	
1777	Clic!/ville/IMMVS/SV13.TIF	TIFF	ALD4	9614	46785	0	-1	1997-02-11 16:06:28	1996-09-03 09:04:20	234068.0000	46785+1	
1823	Clic!/ville/IMMVS/SV13_2.TIF	TIFF	ALD4	8506	46831	0	-1	1997-02-11 16:06:28	1996-09-03 09:04:22	234298.0000	46831+1	
1923	Clic!/ville/IMMVS/SV14.TIF	TIFF	ALD4	7050	46931	0	-1	1997-02-11 16:06:28	1996-09-03 09:04:22	234798.0000	46931+1	
1895	Clic!/ville/IMMVS/SV14_2.TIF	TIFF	ALD4	9718	46903	0	-1	1997-02-11 16:06:28	1996-09-03 09:04:22	234658.0000	46903+1	
1845	Clic!/ville/IMMVS/SV15.TIF	TIFF	ALD4	7894	46853	0	-1	1997-02-11 16:06:28	1996-09-03 09:04:22	234408.0000	46853+1	
1741	Clic!/ville/IMMVS/SV15_2.TIF	TIFF	ALD4	9930	46749	0	-1	1997-02-11 16:06:28	1996-09-03 09:04:22	233888.0000	46749+1	
1770	Clic!/ville/IMMVS/SV16.TIF	TIFF	ALD4	9614	46778	0	-1	1997-02-11 16:06:28	1996-09-03 09:04:22	234033.0000	46778+1	
1811	Clic!/ville/IMMVS/SV16_2.TIF	TIFF	ALD4	8406	46819	0	-1	1997-02-11 16:06:28	1996-09-03 09:04:22	234238.0000	46819+1	
1736	Clic!/ville/IMMVS/SV16_3.TIF	TIFF	ALD4	8198	46744	0	-1	1997-02-11 16:06:28	1996-09-03 09:04:22	233863.0000	46744+1	
1886	Clic!/ville/IMMVS/SV16_4.TIF	TIFF	ALD4	9714	46894	0	-1	1997-02-11 16:06:28	1996-09-03 09:04:22	234613.0000	46894+1	
1918	Clic!/ville/IMMVS/SV17.TIF	TIFF	ALD4	8406	46926	0	-1	1997-02-11 16:06:28	1996-09-03 09:04:22	234773.0000	46926+1	
1882	Clic!/ville/IMMVS/SV17_2.TIF	TIFF	ALD4	6960	46890	0	-1	1997-02-11 16:06:28	1996-09-03 09:04:22	234593.0000	46890+1	
1804	Clic!/ville/IMMVS/SV17_3.TIF	TIFF	ALD4	8406	46812	0	-1	1997-02-11 16:06:28	1996-09-03 09:04:22	234203.0000	46812+1	
1730	Clic!/ville/IMMVS/SV17_4.TIF	TIFF	ALD4	9010	46738	0	-1	1997-02-11 16:06:28	1996-09-03 09:04:24	233833.0000	46738+1	
1879	Clic!/ville/IMMVS/SV17_5.TIF	TIFF	ALD4	8506	46887	0	-1	1997-02-11 16:06:28	1996-09-03 09:04:24	234578.0000	46887+1	
1839	Clic!/ville/IMMVS/SV18.TIF	TIFF	ALD4	8098	46847	0	-1	1997-02-11 16:06:28	1996-09-03 09:04:24	234378.0000	46847+1	
1727	Clic!/ville/IMMVS/SV18_2.TIF	TIFF	ALD4	8306	46735	0	-1	1997-02-11 16:06:28	1996-09-03 09:04:24	233818.0000	46735+1	
1763	Clic!/ville/IMMVS/SV19.TIF	TIFF	ALD4	7320	46771	0	-1	1997-02-11 16:06:28	1996-09-03 09:04:24	233998.0000	46771+1	
1718	Clic!/ville/IMMVS/SV1_2.TIF	TIFF	ALD4	8406	46725	0	-1	1997-02-11 16:06:28	1996-09-03 09:04:24	233768.0000	46725+1	
1797	Clic!/ville/IMMVS/SV2.TIF	TIFF	ALD4	9614	46805	0	-1	1997-02-11 16:06:28	1996-09-03 09:04:24	234168.0000	46805+1	
1933	Clic!/ville/IMMVS/SV20.TIF	TIFF	ALD4	8406	46941	0	-1	1997-02-11 16:06:28	1996-09-03 09:04:24	234848.0000	46941+1	
1911	Clic!/ville/IMMVS/SV20_2.TIF	TIFF	ALD4	9614	46919	0	-1	1997-02-11 16:06:28	1996-09-03 09:04:24	234738.0000	46919+1	
1832	Clic!/ville/IMMVS/SV20_3.TIF	TIFF	ALD4	8580	46840	0	-1	1997-02-11 16:06:28	1996-09-03 09:04:24	234343.0000	46840+1	
1758	Clic!/ville/IMMVS/SV20_4.TIF	TIFF	ALD4	8506	46766	0	-1	1997-02-11 16:06:28	1996-09-03 09:04:24	233973.0000	46766+1	
1910	Clic!/ville/IMMVS/SV20_5.TIF	TIFF	ALD4	7320	46918	0	-1	1997-02-11 16:06:28	1996-09-03 09:04:24	234733.0000	46918+1	
1856	Clic!/ville/IMMVS/SV21.TIF	TIFF	ALD4	8506	46864	0	-1	1997-02-11 16:06:28	1996-09-03 09:04:26	234463.0000	46864+1	
1757	Clic!/ville/IMMVS/SV21_2.TIF	TIFF	ALD4	9728	46765	0	-1	1997-02-11 16:06:28	1996-09-03 09:04:26	233968.0000	46765+1	
1907	Clic!/ville/IMMVS/SV21_3.TIF	TIFF	ALD4	8546	46915	0	-1	1997-02-11 16:06:29	1996-10-28 13:39:38	234718.0000	46915+1	
1780	Clic!/ville/IMMVS/SV22.TIF	TIFF	ALD4	7478	46788	0	-1	1997-02-11 16:06:29	1996-09-03 09:04:26	234083.0000	46788+1	
1829	Clic!/ville/IMMVS/SV22_2.TIF	TIFF	ALD4	7950	46837	0	-1	1997-02-11 16:06:29	1996-09-03 09:04:26	234328.0000	46837+1	
1752	Clic!/ville/IMMVS/SV22_3.TIF	TIFF	ALD4	8130	46760	0	-1	1997-02-11 16:06:29	1996-09-03 09:04:26	233943.0000	46760+1	
1903	Clic!/ville/IMMVS/SV22_4.TIF	TIFF	ALD4	8220	46911	0	-1	1997-02-11 16:06:29	1996-09-03 09:04:26	234698.0000	46911+1	
1926	Clic!/ville/IMMVS/SV23.TIF	TIFF	ALD4	6690	46934	0	-1	1997-02-11 16:06:29	1996-09-03 09:04:26	234813.0000	46934+1	
1901	Clic!/ville/IMMVS/SV23_2.TIF	TIFF	ALD4	8606	46909	0	-1	1997-02-11 16:06:29	1996-09-03 09:04:26	234688.0000	46909+1	
1820	Clic!/ville/IMMVS/SV23_3.TIF	TIFF	ALD4	8102	46828	0	-1	1997-02-11 16:06:29	1996-09-03 09:04:26	234283.0000	46828+1	
1747	Clic!/ville/IMMVS/SV23_4.TIF	TIFF	ALD4	9614	46755	0	-1	1997-02-11 16:06:29	1996-09-03 09:04:26	233918.0000	46755+1	
1897	Clic!/ville/IMMVS/SV23_5.TIF	TIFF	ALD4	7140	46905	0	-1	1997-02-11 16:06:29	1996-09-03 09:04:26	234668.0000	46905+1	
1818	Clic!/ville/IMMVS/SV23_6.TIF	TIFF	ALD4	9614	46826	0	-1	1997-02-11 16:06:29	1996-09-03 09:04:26	234273.0000	46826+1	
1745	Clic!/ville/IMMVS/SV23_7.TIF	TIFF	ALD4	8406	46753	0	-1	1997-02-11 16:06:29	1996-09-03 09:04:28	233908.0000	46753+1	
1896	Clic!/ville/IMMVS/SV23_8.TIF	TIFF	ALD4	7698	46904	0	-1	1997-02-11 16:06:29	1996-09-03 09:04:28	234663.0000	46904+1	
1848	Clic!/ville/IMMVS/SV24.TIF	TIFF	ALD4	8406	46856	0	-1	1997-02-11 16:06:29	1996-09-03 09:04:28	234423.0000	46856+1	
1744	Clic!/ville/IMMVS/SV24_2.TIF	TIFF	ALD4	8506	46752	0	-1	1997-02-11 16:06:29	1996-09-03 09:04:28	233903.0000	46752+1	
1772	Clic!/ville/IMMVS/SV25.TIF	TIFF	ALD4	9714	46780	0	-1	1997-02-11 16:06:29	1996-09-03 09:04:28	234043.0000	46780+1	
1815	Clic!/ville/IMMVS/SV25_2.TIF	TIFF	ALD4	8130	46823	0	-1	1997-02-11 16:06:29	1996-09-03 09:04:28	234258.0000	46823+1	
1739	Clic!/ville/IMMVS/SV25_3.TIF	TIFF	ALD4	7140	46747	0	-1	1997-02-11 16:06:29	1996-09-03 09:04:28	233878.0000	46747+1	
1890	Clic!/ville/IMMVS/SV25_4.TIF	TIFF	ALD4	7230	46898	0	-1	1997-02-11 16:06:29	1996-09-03 09:04:28	234633.0000	46898+1	
1919	Clic!/ville/IMMVS/SV26.TIF	TIFF	ALD4	9214	46927	0	-1	1997-02-11 16:06:29	1996-09-03 09:04:28	234778.0000	46927+1	
1710	Clic!/ville/IMMVS/SV26_10.TIF	TIFF	ALD4	8506	46717	0	-1	1997-02-11 16:06:29	1996-09-03 09:04:28	233728.0000	46717+1	
1888	Clic!/ville/IMMVS/SV26_2.TIF	TIFF	ALD4	9514	46896	0	-1	1997-02-11 16:06:29	1996-09-03 09:04:28	234623.0000	46896+1	
1809	Clic!/ville/IMMVS/SV26_3.TIF	TIFF	ALD4	8130	46817	0	-1	1997-02-11 16:06:29	1996-09-03 09:04:28	234228.0000	46817+1	
1734	Clic!/ville/IMMVS/SV26_4.TIF	TIFF	ALD4	9614	46742	0	-1	1997-02-11 16:06:29	1996-09-03 09:04:28	233853.0000	46742+1	
1884	Clic!/ville/IMMVS/SV26_5.TIF	TIFF	ALD4	8606	46892	0	-1	1997-02-11 16:06:29	1996-09-03 09:04:30	234603.0000	46892+1	
1808	Clic!/ville/IMMVS/SV26_6.TIF	TIFF	ALD4	8606	46816	0	-1	1997-02-11 16:06:29	1996-09-03 09:04:30	234223.0000	46816+1	
1733	Clic!/ville/IMMVS/SV26_7.TIF	TIFF	ALD4	8306	46741	0	-1	1997-02-11 16:06:29	1996-09-03 09:04:30	233848.0000	46741+1	
1883	Clic!/ville/IMMVS/SV26_8.TIF	TIFF	ALD4	7230	46891	0	-1	1997-02-11 16:06:29	1996-09-03 09:04:30	234598.0000	46891+1	
1807	Clic!/ville/IMMVS/SV26_9.TIF	TIFF	ALD4	8306	46815	0	-1	1997-02-11 16:06:29	1996-09-03 09:04:30	234218.0000	46815+1	
1841	Clic!/ville/IMMVS/SV27.TIF	TIFF	ALD4	8506	46849	0	-1	1997-02-11 16:06:29	1996-09-03 09:04:30	234388.0000	46849+1	
1787	Clic!/ville/IMMVS/SV27_10.TIF	TIFF	ALD4	8506	46795	0	-1	1997-02-11 16:06:29	1996-09-03 09:04:30	234118.0000	46795+1	
1732	Clic!/ville/IMMVS/SV27_2.TIF	TIFF	ALD4	9814	46740	0	-1	1997-02-11 16:06:29	1996-09-03 09:04:30	233843.0000	46740+1	
1881	Clic!/ville/IMMVS/SV27_3.TIF	TIFF	ALD4	9414	46889	0	-1	1997-02-11 16:06:29	1996-09-03 09:04:30	234588.0000	46889+1	
1803	Clic!/ville/IMMVS/SV27_4.TIF	TIFF	ALD4	8406	46811	0	-1	1997-02-11 16:06:29	1996-09-03 09:04:30	234198.0000	46811+1	
1729	Clic!/ville/IMMVS/SV27_5.TIF	TIFF	ALD4	7998	46737	0	-1	1997-02-11 16:06:30	1996-09-03 09:04:30	233828.0000	46737+1	
1878	Clic!/ville/IMMVS/SV27_6.TIF	TIFF	ALD4	8220	46886	0	-1	1997-02-11 16:06:30	1996-09-03 09:04:30	234573.0000	46886+1	
1802	Clic!/ville/IMMVS/SV27_7.TIF	TIFF	ALD4	8506	46810	0	-1	1997-02-11 16:06:30	1996-09-03 09:04:30	234193.0000	46810+1	
1728	Clic!/ville/IMMVS/SV27_8.TIF	TIFF	ALD4	8306	46736	0	-1	1997-02-11 16:06:30	1996-09-03 09:04:32	233823.0000	46736+1	
1877	Clic!/ville/IMMVS/SV27_9.TIF	TIFF	ALD4	8506	46885	0	-1	1997-02-11 16:06:30	1996-09-03 09:04:32	234568.0000	46885+1	
1765	Clic!/ville/IMMVS/SV28.TIF	TIFF	ALD4	8406	46773	0	-1	1997-02-11 16:06:30	1996-09-03 09:04:32	234008.0000	46773+1	
1801	Clic!/ville/IMMVS/SV28_2.TIF	TIFF	ALD4	9614	46809	0	-1	1997-02-11 16:06:30	1996-09-03 09:04:32	234188.0000	46809+1	
1913	Clic!/ville/IMMVS/SV29.TIF	TIFF	ALD4	8406	46921	0	-1	1997-02-11 16:06:30	1996-09-03 09:04:32	234748.0000	46921+1	
1874	Clic!/ville/IMMVS/SV29_2.TIF	TIFF	ALD4	9714	46882	0	-1	1997-02-11 16:06:30	1996-09-03 09:04:32	234553.0000	46882+1	
1799	Clic!/ville/IMMVS/SV29_3.TIF	TIFF	ALD4	8306	46807	0	-1	1997-02-11 16:06:30	1996-09-03 09:04:32	234178.0000	46807+1	
1722	Clic!/ville/IMMVS/SV29_4.TIF	TIFF	ALD4	9614	46729	0	-1	1997-02-11 16:06:30	1996-09-03 09:04:32	233788.0000	46729+1	
1871	Clic!/ville/IMMVS/SV29_5.TIF	TIFF	ALD4	9614	46879	0	-1	1997-02-11 16:06:30	1996-09-03 09:04:32	234538.0000	46879+1	
1867	Clic!/ville/IMMVS/SV2_2.TIF	TIFF	ALD4	9660	46875	0	-1	1997-02-11 16:06:30	1996-09-03 09:04:32	234518.0000	46875+1	
1717	Clic!/ville/IMMVS/SV2_3.TIF	TIFF	ALD4	8506	46724	0	-1	1997-02-11 16:06:30	1996-09-03 09:04:32	233763.0000	46724+1	
1870	Clic!/ville/IMMVS/SV3.TIF	TIFF	ALD4	8506	46878	0	-1	1997-02-11 16:06:30	1996-09-03 09:04:32	234533.0000	46878+1	
1858	Clic!/ville/IMMVS/SV30.TIF	TIFF	ALD4	6780	46866	0	-1	1997-02-11 16:06:30	1996-09-03 09:04:34	234473.0000	46866+1	
1782	Clic!/ville/IMMVS/SV31.TIF	TIFF	ALD4	8098	46790	0	-1	1997-02-11 16:06:30	1996-09-03 09:04:34	234093.0000	46790+1	
1928	Clic!/ville/IMMVS/SV32.TIF	TIFF	ALD4	8546	46936	0	-1	1997-02-11 16:06:30	1996-10-28 14:48:00	234823.0000	46936+1	
1906	Clic!/ville/IMMVS/SV32_2.TIF	TIFF	ALD4	9614	46914	0	-1	1997-02-11 16:06:30	1996-09-03 09:04:34	234713.0000	46914+1	
1826	Clic!/ville/IMMVS/SV32_3.TIF	TIFF	ALD4	8506	46834	0	-1	1997-02-11 16:06:30	1996-09-03 09:04:34	234313.0000	46834+1	
1750	Clic!/ville/IMMVS/SV32_4.TIF	TIFF	ALD4	9614	46758	0	-1	1997-02-11 16:06:30	1996-09-03 09:04:34	233933.0000	46758+1	
1902	Clic!/ville/IMMVS/SV32_5.TIF	TIFF	ALD4	8506	46910	0	-1	1997-02-11 16:06:30	1996-09-03 09:04:34	234693.0000	46910+1	
1824	Clic!/ville/IMMVS/SV32_6.TIF	TIFF	ALD4	9840	46832	0	-1	1997-02-11 16:06:30	1996-09-03 09:04:34	234303.0000	46832+1	
1850	Clic!/ville/IMMVS/SV33.TIF	TIFF	ALD4	9714	46858	0	-1	1997-02-11 16:06:30	1996-09-03 09:04:34	234433.0000	46858+1	
1749	Clic!/ville/IMMVS/SV33_2.TIF	TIFF	ALD4	8220	46757	0	-1	1997-02-11 16:06:31	1996-09-03 09:04:34	233928.0000	46757+1	
1774	Clic!/ville/IMMVS/SV34.TIF	TIFF	ALD4	9614	46782	0	-1	1997-02-11 16:06:31	1996-09-03 09:04:34	234053.0000	46782+1	
1817	Clic!/ville/IMMVS/SV34_2.TIF	TIFF	ALD4	7410	46825	0	-1	1997-02-11 16:06:31	1996-09-03 09:04:34	234268.0000	46825+1	
1742	Clic!/ville/IMMVS/SV34_3.TIF	TIFF	ALD4	8130	46750	0	-1	1997-02-11 16:06:31	1996-09-03 09:04:34	233893.0000	46750+1	
1893	Clic!/ville/IMMVS/SV34_4.TIF	TIFF	ALD4	7500	46901	0	-1	1997-02-11 16:06:31	1996-09-03 09:04:34	234648.0000	46901+1	
1816	Clic!/ville/IMMVS/SV34_5.TIF	TIFF	ALD4	9814	46824	0	-1	1997-02-11 16:06:31	1996-09-03 09:04:36	234263.0000	46824+1	
1921	Clic!/ville/IMMVS/SV35.TIF	TIFF	ALD4	9614	46929	0	-1	1997-02-11 16:06:31	1996-09-03 09:04:36	234788.0000	46929+1	
1892	Clic!/ville/IMMVS/SV35_2.TIF	TIFF	ALD4	8130	46900	0	-1	1997-02-11 16:06:31	1996-09-03 09:04:36	234643.0000	46900+1	
1813	Clic!/ville/IMMVS/SV35_3.TIF	TIFF	ALD4	8506	46821	0	-1	1997-02-11 16:06:31	1996-09-03 09:04:36	234248.0000	46821+1	
1738	Clic!/ville/IMMVS/SV35_4.TIF	TIFF	ALD4	7230	46746	0	-1	1997-02-11 16:06:32	1996-09-03 09:04:36	233873.0000	46746+1	
1889	Clic!/ville/IMMVS/SV35_5.TIF	TIFF	ALD4	9714	46897	0	-1	1997-02-11 16:06:32	1996-09-03 09:04:36	234628.0000	46897+1	
1843	Clic!/ville/IMMVS/SV36.TIF	TIFF	ALD4	7500	46851	0	-1	1997-02-11 16:06:32	1996-09-03 09:04:36	234398.0000	46851+1	
1737	Clic!/ville/IMMVS/SV36_2.TIF	TIFF	ALD4	9614	46745	0	-1	1997-02-11 16:06:32	1996-09-03 09:04:36	233868.0000	46745+1	
1887	Clic!/ville/IMMVS/SV36_3.TIF	TIFF	ALD4	9614	46895	0	-1	1997-02-11 16:06:32	1996-09-03 09:04:36	234618.0000	46895+1	
1767	Clic!/ville/IMMVS/SV37.TIF	TIFF	ALD4	9414	46775	0	-1	1997-02-11 16:06:32	1996-09-03 09:04:36	234018.0000	46775+1	
1806	Clic!/ville/IMMVS/SV37_2.TIF	TIFF	ALD4	8706	46814	0	-1	1997-02-11 16:06:32	1996-09-03 09:04:36	234213.0000	46814+1	
1915	Clic!/ville/IMMVS/SV38.TIF	TIFF	ALD4	8606	46923	0	-1	1997-02-11 16:06:32	1996-09-03 09:04:36	234758.0000	46923+1	
1876	Clic!/ville/IMMVS/SV38_2.TIF	TIFF	ALD4	7320	46884	0	-1	1997-02-11 16:06:32	1996-09-03 09:04:36	234563.0000	46884+1	
1836	Clic!/ville/IMMVS/SV39.TIF	TIFF	ALD4	8606	46844	0	-1	1997-02-11 16:06:32	1996-09-03 09:04:38	234363.0000	46844+1	
1723	Clic!/ville/IMMVS/SV39_2.TIF	TIFF	ALD4	9714	46730	0	-1	1997-02-11 16:06:32	1996-09-03 09:04:38	233793.0000	46730+1	
1872	Clic!/ville/IMMVS/SV39_3.TIF	TIFF	ALD4	9714	46880	0	-1	1997-02-11 16:06:32	1996-09-03 09:04:38	234543.0000	46880+1	
1798	Clic!/ville/IMMVS/SV39_4.TIF	TIFF	ALD4	9614	46806	0	-1	1997-02-11 16:06:32	1996-09-03 09:04:38	234173.0000	46806+1	
1720	Clic!/ville/IMMVS/SV4.TIF	TIFF	ALD4	9714	46727	0	-1	1997-02-11 16:06:32	1996-09-03 09:04:38	233778.0000	46727+1	
1784	Clic!/ville/IMMVS/SV40.TIF	TIFF	ALD4	8310	46792	0	-1	1997-02-11 16:06:32	1996-09-03 09:04:38	234103.0000	46792+1	
1833	Clic!/ville/IMMVS/SV40_2.TIF	TIFF	ALD4	8220	46841	0	-1	1997-02-11 16:06:32	1996-09-03 09:04:38	234348.0000	46841+1	
1759	Clic!/ville/IMMVS/SV40_3.TIF	TIFF	ALD4	9614	46767	0	-1	1997-02-11 16:06:32	1996-09-03 09:04:38	233978.0000	46767+1	
1930	Clic!/ville/IMMVS/SV41.TIF	TIFF	ALD4	9314	46938	0	-1	1997-02-11 16:06:32	1996-09-03 09:04:38	234833.0000	46938+1	
1908	Clic!/ville/IMMVS/SV41_2.TIF	TIFF	ALD4	6790	46916	0	-1	1997-02-11 16:06:32	1996-09-03 09:04:38	234723.0000	46916+1	
1852	Clic!/ville/IMMVS/SV42.TIF	TIFF	ALD4	8506	46860	0	-1	1997-02-11 16:06:32	1996-09-03 09:04:38	234443.0000	46860+1	
1754	Clic!/ville/IMMVS/SV42_2.TIF	TIFF	ALD4	8198	46762	0	-1	1997-02-11 16:06:32	1996-09-03 09:04:38	233953.0000	46762+1	
1776	Clic!/ville/IMMVS/SV43.TIF	TIFF	ALD4	9514	46784	0	-1	1997-02-11 16:06:32	1996-09-03 09:04:38	234063.0000	46784+1	
1822	Clic!/ville/IMMVS/SV43_2.TIF	TIFF	ALD4	8606	46830	0	-1	1997-02-11 16:06:32	1996-09-03 09:04:38	234293.0000	46830+1	
1748	Clic!/ville/IMMVS/SV43_3.TIF	TIFF	ALD4	9714	46756	0	-1	1997-02-11 16:06:32	1996-09-03 09:04:40	233923.0000	46756+1	
1898	Clic!/ville/IMMVS/SV43_4.TIF	TIFF	ALD4	8220	46906	0	-1	1997-02-11 16:06:32	1996-09-03 09:04:40	234673.0000	46906+1	
1769	Clic!/ville/IMMVS/SV46.TIF	TIFF	ALD4	8606	46777	0	-1	1997-02-11 16:06:32	1996-09-03 09:04:40	234028.0000	46777+1	
1917	Clic!/ville/IMMVS/SV47.TIF	TIFF	ALD4	8406	46925	0	-1	1997-02-11 16:06:32	1996-09-03 09:04:40	234768.0000	46925+1	
1838	Clic!/ville/IMMVS/SV48.TIF	TIFF	ALD4	8506	46846	0	-1	1997-02-11 16:06:32	1996-09-03 09:04:40	234373.0000	46846+1	
1726	Clic!/ville/IMMVS/SV48_2.TIF	TIFF	ALD4	10470	46733	0	-1	1997-02-11 16:06:32	1996-09-03 09:04:40	233808.0000	46733+2	
1875	Clic!/ville/IMMVS/SV48_3.TIF	TIFF	ALD4	6790	46883	0	-1	1997-02-11 16:06:32	1996-09-03 09:04:40	234558.0000	46883+1	
1800	Clic!/ville/IMMVS/SV48_4.TIF	TIFF	ALD4	7770	46808	0	-1	1997-02-11 16:06:32	1996-09-03 09:04:40	234183.0000	46808+1	
1724	Clic!/ville/IMMVS/SV48_5.TIF	TIFF	ALD4	6960	46731	0	-1	1997-02-11 16:06:32	1996-09-03 09:04:40	233798.0000	46731+1	
1762	Clic!/ville/IMMVS/SV49.TIF	TIFF	ALD4	7798	46770	0	-1	1997-02-11 16:06:32	1996-09-03 09:04:40	233993.0000	46770+1	
1860	Clic!/ville/IMMVS/SV4_10.TIF	TIFF	ALD4	8130	46868	0	-1	1997-02-11 16:06:33	1996-09-03 09:04:40	234483.0000	46868+1	
1786	Clic!/ville/IMMVS/SV4_11.TIF	TIFF	ALD4	7230	46794	0	-1	1997-02-11 16:06:33	1996-09-03 09:04:40	234113.0000	46794+1	
1716	Clic!/ville/IMMVS/SV4_2.TIF	TIFF	ALD4	8198	46723	0	-1	1997-02-11 16:06:33	1996-09-03 09:04:40	233758.0000	46723+1	
1794	Clic!/ville/IMMVS/SV4_3.TIF	TIFF	ALD4	9714	46802	0	-1	1997-02-11 16:06:33	1996-09-03 09:04:42	234153.0000	46802+1	
1866	Clic!/ville/IMMVS/SV4_4.TIF	TIFF	ALD4	8310	46874	0	-1	1997-02-11 16:06:33	1996-09-03 09:04:42	234513.0000	46874+1	
1715	Clic!/ville/IMMVS/SV4_5.TIF	TIFF	ALD4	6128	46722	0	-1	1997-02-11 16:06:33	1996-09-03 09:04:42	233753.0000	46722+1	
1793	Clic!/ville/IMMVS/SV4_6.TIF	TIFF	ALD4	7388	46801	0	-1	1997-02-11 16:06:33	1996-09-03 09:04:42	234148.0000	46801+1	
1865	Clic!/ville/IMMVS/SV4_7.TIF	TIFF	ALD4	9814	46873	0	-1	1997-02-11 16:06:33	1996-09-03 09:04:42	234508.0000	46873+1	
1714	Clic!/ville/IMMVS/SV4_8.TIF	TIFF	ALD4	8130	46721	0	-1	1997-02-11 16:06:33	1996-09-03 09:04:42	233748.0000	46721+1	
1792	Clic!/ville/IMMVS/SV4_9.TIF	TIFF	ALD4	8406	46800	0	-1	1997-02-11 16:06:33	1996-09-03 09:04:42	234143.0000	46800+1	
1796	Clic!/ville/IMMVS/SV5.TIF	TIFF	ALD4	8506	46804	0	-1	1997-02-11 16:06:33	1996-09-03 09:04:42	234163.0000	46804+1	
1855	Clic!/ville/IMMVS/SV51.TIF	TIFF	ALD4	9840	46863	0	-1	1997-02-11 16:06:33	1996-09-03 09:04:42	234458.0000	46863+1	
1779	Clic!/ville/IMMVS/SV52.TIF	TIFF	ALD4	8806	46787	0	-1	1997-02-11 16:06:33	1996-09-03 09:04:42	234078.0000	46787+1	
1828	Clic!/ville/IMMVS/SV52_2.TIF	TIFF	ALD4	8806	46836	0	-1	1997-02-11 16:06:33	1996-09-03 09:04:42	234323.0000	46836+1	
1751	Clic!/ville/IMMVS/SV52_3.TIF	TIFF	ALD4	9714	46759	0	-1	1997-02-11 16:06:33	1996-09-03 09:04:42	233938.0000	46759+1	
1925	Clic!/ville/IMMVS/SV53.TIF	TIFF	ALD4	8406	46933	0	-1	1997-02-11 16:06:33	1996-09-03 09:04:42	234808.0000	46933+1	
1900	Clic!/ville/IMMVS/SV53_2.TIF	TIFF	ALD4	7230	46908	0	-1	1997-02-11 16:06:33	1996-09-03 09:04:44	234683.0000	46908+1	
1847	Clic!/ville/IMMVS/SV54.TIF	TIFF	ALD4	8306	46855	0	-1	1997-02-11 16:06:33	1996-09-03 09:04:44	234418.0000	46855+1	
1743	Clic!/ville/IMMVS/SV54_2.TIF	TIFF	ALD4	9310	46751	0	-1	1997-02-11 16:06:33	1996-09-03 09:04:44	233898.0000	46751+1	
1771	Clic!/ville/IMMVS/SV55.TIF	TIFF	ALD4	8198	46779	0	-1	1997-02-11 16:06:33	1996-09-03 09:04:44	234038.0000	46779+1	
1814	Clic!/ville/IMMVS/SV55_2.TIF	TIFF	ALD4	7230	46822	0	-1	1997-02-11 16:06:33	1996-09-03 09:04:44	234253.0000	46822+1	
1840	Clic!/ville/IMMVS/SV57.TIF	TIFF	ALD4	9714	46848	0	-1	1997-02-11 16:06:33	1996-09-03 09:04:44	234383.0000	46848+1	
1731	Clic!/ville/IMMVS/SV57_2.TIF	TIFF	ALD4	9314	46739	0	-1	1997-02-11 16:06:33	1996-09-03 09:04:44	233838.0000	46739+1	
1880	Clic!/ville/IMMVS/SV57_3.TIF	TIFF	ALD4	7230	46888	0	-1	1997-02-11 16:06:33	1996-09-03 09:04:44	234583.0000	46888+1	
1764	Clic!/ville/IMMVS/SV58.TIF	TIFF	ALD4	8606	46772	0	-1	1997-02-11 16:06:33	1996-09-03 09:04:44	234003.0000	46772+1	
1912	Clic!/ville/IMMVS/SV59.TIF	TIFF	ALD4	8506	46920	0	-1	1997-02-11 16:06:33	1996-09-03 09:04:44	234743.0000	46920+1	
1873	Clic!/ville/IMMVS/SV59_2.TIF	TIFF	ALD4	8306	46881	0	-1	1997-02-11 16:06:33	1996-09-03 09:04:44	234548.0000	46881+1	
1864	Clic!/ville/IMMVS/SV5_2.TIF	TIFF	ALD4	8306	46872	0	-1	1997-02-11 16:06:33	1996-09-03 09:04:44	234503.0000	46872+1	
1713	Clic!/ville/IMMVS/SV5_3.TIF	TIFF	ALD4	8406	46720	0	-1	1997-02-11 16:06:33	1996-09-03 09:04:44	233743.0000	46720+1	
1791	Clic!/ville/IMMVS/SV5_4.TIF	TIFF	ALD4	9548	46799	0	-1	1997-02-11 16:06:33	1996-09-03 09:04:46	234138.0000	46799+1	
1869	Clic!/ville/IMMVS/SV6.TIF	TIFF	ALD4	8406	46877	0	-1	1997-02-11 16:06:33	1996-09-03 09:04:46	234528.0000	46877+1	
1857	Clic!/ville/IMMVS/SV60.TIF	TIFF	ALD4	9614	46865	0	-1	1997-02-11 16:06:33	1996-09-03 09:04:46	234468.0000	46865+1	
1781	Clic!/ville/IMMVS/SV61.TIF	TIFF	ALD4	10222	46789	0	-1	1997-02-11 16:06:33	1996-09-03 09:04:46	234088.0000	46789+1	
1831	Clic!/ville/IMMVS/SV61_2.TIF	TIFF	ALD4	9750	46839	0	-1	1997-02-11 16:06:34	1996-09-03 09:04:46	234338.0000	46839+1	
1756	Clic!/ville/IMMVS/SV61_3.TIF	TIFF	ALD4	9840	46764	0	-1	1997-02-11 16:06:34	1996-09-03 09:04:46	233963.0000	46764+1	
1927	Clic!/ville/IMMVS/SV62.TIF	TIFF	ALD4	8306	46935	0	-1	1997-02-11 16:06:34	1996-09-03 09:04:46	234818.0000	46935+1	
1849	Clic!/ville/IMMVS/SV63.TIF	TIFF	ALD4	8098	46857	0	-1	1997-02-11 16:06:34	1996-09-03 09:04:46	234428.0000	46857+1	
1773	Clic!/ville/IMMVS/SV64.TIF	TIFF	ALD4	8906	46781	0	-1	1997-02-11 16:06:34	1996-09-03 09:04:46	234048.0000	46781+1	
1920	Clic!/ville/IMMVS/SV65.TIF	TIFF	ALD4	8406	46928	0	-1	1997-02-11 16:06:34	1996-09-03 09:04:46	234783.0000	46928+1	
1891	Clic!/ville/IMMVS/SV65_2.TIF	TIFF	ALD4	8506	46899	0	-1	1997-02-11 16:06:34	1996-09-03 09:04:46	234638.0000	46899+1	
1812	Clic!/ville/IMMVS/SV65_3.TIF	TIFF	ALD4	8306	46820	0	-1	1997-02-11 16:06:34	1996-09-03 09:04:46	234243.0000	46820+1	
1842	Clic!/ville/IMMVS/SV66.TIF	TIFF	ALD4	9006	46850	0	-1	1997-02-11 16:06:34	1996-09-03 09:04:46	234393.0000	46850+1	
1766	Clic!/ville/IMMVS/SV67.TIF	TIFF	ALD4	8656	46774	0	-1	1997-02-11 16:06:34	1996-10-28 13:44:22	234013.0000	46774+1	
1805	Clic!/ville/IMMVS/SV67_2.TIF	TIFF	ALD4	7956	46813	0	-1	1997-02-11 16:06:34	1996-10-28 13:44:08	234208.0000	46813+1	
1914	Clic!/ville/IMMVS/SV68.TIF	TIFF	ALD4	8606	46922	0	-1	1997-02-11 16:06:34	1996-09-03 09:04:48	234753.0000	46922+1	
1835	Clic!/ville/IMMVS/SV69.TIF	TIFF	ALD4	6990	46843	0	-1	1997-02-11 16:06:34	1996-09-03 09:04:48	234358.0000	46843+1	
1790	Clic!/ville/IMMVS/SV6_2.TIF	TIFF	ALD4	8606	46798	0	-1	1997-02-11 16:06:34	1996-09-03 09:04:48	234133.0000	46798+1	
1863	Clic!/ville/IMMVS/SV6_3.TIF	TIFF	ALD4	6870	46871	0	-1	1997-02-11 16:06:34	1996-09-03 09:04:48	234498.0000	46871+1	
1712	Clic!/ville/IMMVS/SV6_4.TIF	TIFF	ALD4	9714	46719	0	-1	1997-02-11 16:06:34	1996-09-03 09:04:48	233738.0000	46719+1	
1789	Clic!/ville/IMMVS/SV6_5.TIF	TIFF	ALD4	8220	46797	0	-1	1997-02-11 16:06:34	1996-09-03 09:04:48	234128.0000	46797+1	
1862	Clic!/ville/IMMVS/SV6_6.TIF	TIFF	ALD4	8606	46870	0	-1	1997-02-11 16:06:34	1996-09-03 09:04:48	234493.0000	46870+1	
1711	Clic!/ville/IMMVS/SV6_7.TIF	TIFF	ALD4	6398	46718	0	-1	1997-02-11 16:06:34	1996-09-03 09:04:48	233733.0000	46718+1	
1719	Clic!/ville/IMMVS/SV7.TIF	TIFF	ALD4	8098	46726	0	-1	1997-02-11 16:06:34	1996-09-03 09:04:48	233773.0000	46726+1	
1783	Clic!/ville/IMMVS/SV70.TIF	TIFF	ALD4	8220	46791	0	-1	1997-02-11 16:06:34	1996-09-03 09:04:48	234098.0000	46791+1	
1929	Clic!/ville/IMMVS/SV71.TIF	TIFF	ALD4	8098	46937	0	-1	1997-02-11 16:06:34	1996-09-03 09:04:50	234828.0000	46937+1	
1851	Clic!/ville/IMMVS/SV72.TIF	TIFF	ALD4	8306	46859	0	-1	1997-02-11 16:06:35	1996-09-03 09:04:50	234438.0000	46859+1	
1753	Clic!/ville/IMMVS/SV72_2.TIF	TIFF	ALD4	6790	46761	0	-1	1997-02-11 16:06:35	1996-09-03 09:04:50	233948.0000	46761+1	
1904	Clic!/ville/IMMVS/SV72_3.TIF	TIFF	ALD4	8406	46912	0	-1	1997-02-11 16:06:35	1996-09-03 09:04:50	234703.0000	46912+1	
1825	Clic!/ville/IMMVS/SV72_4.TIF	TIFF	ALD4	8706	46833	0	-1	1997-02-11 16:06:35	1996-09-03 09:04:50	234308.0000	46833+1	
1775	Clic!/ville/IMMVS/SV73.TIF	TIFF	ALD4	8406	46783	0	-1	1997-02-11 16:06:35	1996-09-03 09:04:50	234058.0000	46783+1	
1821	Clic!/ville/IMMVS/SV73_2.TIF	TIFF	ALD4	8306	46829	0	-1	1997-02-11 16:06:35	1996-09-03 09:04:50	234288.0000	46829+1	
1922	Clic!/ville/IMMVS/SV74.TIF	TIFF	ALD4	10222	46930	0	-1	1997-02-11 16:06:35	1996-09-03 09:04:50	234793.0000	46930+1	
1894	Clic!/ville/IMMVS/SV74_2.TIF	TIFF	ALD4	9458	46902	0	-1	1997-02-11 16:06:35	1996-09-03 09:04:50	234653.0000	46902+1	
1844	Clic!/ville/IMMVS/SV75.TIF	TIFF	ALD4	7090	46852	0	-1	1997-02-11 16:06:35	1996-09-03 09:04:50	234403.0000	46852+1	
1740	Clic!/ville/IMMVS/SV75_2.TIF	TIFF	ALD4	8606	46748	0	-1	1997-02-11 16:06:35	1996-09-03 09:04:50	233883.0000	46748+1	
1768	Clic!/ville/IMMVS/SV76.TIF	TIFF	ALD4	6690	46776	0	-1	1997-02-11 16:06:35	1996-09-03 09:04:52	234023.0000	46776+1	
1810	Clic!/ville/IMMVS/SV76_2.TIF	TIFF	ALD4	6398	46818	0	-1	1997-02-11 16:06:35	1996-09-03 09:04:52	234233.0000	46818+1	
1735	Clic!/ville/IMMVS/SV76_3.TIF	TIFF	ALD4	8580	46743	0	-1	1997-02-11 16:06:35	1996-09-03 09:04:52	233858.0000	46743+1	
1885	Clic!/ville/IMMVS/SV76_4.TIF	TIFF	ALD4	9514	46893	0	-1	1997-02-11 16:06:35	1996-09-03 09:04:52	234608.0000	46893+1	
1916	Clic!/ville/IMMVS/SV77.TIF	TIFF	ALD4	7320	46924	0	-1	1997-02-11 16:06:35	1996-09-03 09:04:52	234763.0000	46924+1	
1837	Clic!/ville/IMMVS/SV78.TIF	TIFF	ALD4	8406	46845	0	-1	1997-02-11 16:06:35	1996-09-03 09:04:52	234368.0000	46845+1	
1725	Clic!/ville/IMMVS/SV78_2.TIF	TIFF	ALD4	8406	46732	0	-1	1997-02-11 16:06:35	1996-09-03 09:04:52	233803.0000	46732+1	
1761	Clic!/ville/IMMVS/SV79.TIF	TIFF	ALD4	7230	46769	0	-1	1997-02-11 16:06:35	1996-09-03 09:04:52	233988.0000	46769+1	
1795	Clic!/ville/IMMVS/SV8.TIF	TIFF	ALD4	9514	46803	0	-1	1997-02-11 16:06:35	1996-09-03 09:04:52	234158.0000	46803+1	
1932	Clic!/ville/IMMVS/SV80.TIF	TIFF	ALD4	8198	46940	0	-1	1997-02-11 16:06:35	1996-09-03 09:04:52	234843.0000	46940+1	
1854	Clic!/ville/IMMVS/SV81.TIF	TIFF	ALD4	8098	46862	0	-1	1997-02-11 16:06:35	1996-09-03 09:04:52	234453.0000	46862+1	
1778	Clic!/ville/IMMVS/SV82.TIF	TIFF	ALD4	7698	46786	0	-1	1997-02-11 16:06:35	1996-09-03 09:04:52	234073.0000	46786+1	
1827	Clic!/ville/IMMVS/SV82_2.TIF	TIFF	ALD4	7590	46835	0	-1	1997-02-11 16:06:35	1996-09-03 09:04:52	234318.0000	46835+1	
1924	Clic!/ville/IMMVS/SV83.TIF	TIFF	ALD4	8906	46932	0	-1	1997-02-11 16:06:35	1996-09-03 09:04:54	234803.0000	46932+1	
1899	Clic!/ville/IMMVS/SV83_2.TIF	TIFF	ALD4	8806	46907	0	-1	1997-02-11 16:06:35	1996-09-03 09:04:54	234678.0000	46907+1	
1819	Clic!/ville/IMMVS/SV83_3.TIF	TIFF	ALD4	9814	46827	0	-1	1997-02-11 16:06:35	1996-09-03 09:04:54	234278.0000	46827+1	
1746	Clic!/ville/IMMVS/SV83_4.TIF	TIFF	ALD4	9614	46754	0	-1	1997-02-11 16:06:35	1996-09-03 09:04:54	233913.0000	46754+1	
1846	Clic!/ville/IMMVS/SV84.TIF	TIFF	ALD4	8906	46854	0	-1	1997-02-11 16:06:35	1996-09-03 09:04:54	234413.0000	46854+1	
1868	Clic!/ville/IMMVS/SV9.TIF	TIFF	ALD4	8506	46876	0	-1	1997-02-11 16:06:35	1996-09-03 09:04:54	234523.0000	46876+1	
1788	Clic!/ville/IMMVS/SV9_2.TIF	TIFF	ALD4	8706	46796	0	-1	1997-02-11 16:06:36	1996-09-03 09:04:54	234123.0000	46796+1	
1861	Clic!/ville/IMMVS/SV9_3.TIF	TIFF	ALD4	9614	46869	0	-1	1997-02-11 16:06:36	1996-09-03 09:04:54	234488.0000	46869+1	
1971	Clic!/ville/IMMS/PAS1.TIF	TIFF	ALD4	63248	47174	0	-1	1997-02-11 16:06:22	1996-07-19 17:13:14	236013.0000	47174+7	
1953	Clic!/ville/IMMS/PAS2.TIF	TIFF	ALD4	65382	47059	0	-1	1997-02-11 16:06:22	1996-09-02 14:55:40	235438.0000	47059+7	
1987	Clic!/ville/IMMS/PAS3.TIF	TIFF	ALD4	61714	47279	0	-1	1997-02-11 16:06:22	1996-07-19 17:13:12	236538.0000	47279+7	
1969	Clic!/ville/IMMS/PAS4.TIF	TIFF	ALD4	62020	47162	0	-1	1997-02-11 16:06:23	1996-07-19 17:13:12	235953.0000	47162+7	
1951	Clic!/ville/IMMS/PAS5.TIF	TIFF	ALD4	65382	47045	0	-1	1997-02-11 16:06:23	1996-07-19 17:13:12	235368.0000	47045+7	
1966	Clic!/ville/IMMS/PSS1.TIF	TIFF	ALD4	50084	47145	0	-1	1997-02-11 16:06:23	1996-09-02 14:55:42	235868.0000	47145+5	
1947	Clic!/ville/IMMS/PSS2.TIF	TIFF	ALD4	41560	47020	0	-1	1997-02-11 16:06:23	1996-09-02 14:55:44	235243.0000	47020+5	
1984	Clic!/ville/IMMS/PSS3.TIF	TIFF	ALD4	71812	47260	0	-1	1997-02-11 16:06:23	1996-09-02 14:55:44	236443.0000	47260+8	
1965	Clic!/ville/IMMS/PSS4.TIF	TIFF	ALD4	51516	47139	0	-1	1997-02-11 16:06:23	1996-07-19 17:13:16	235838.0000	47139+6	
1948	Clic!/ville/IMMS/PSS4_2.TIF	TIFF	ALD4	48110	47025	0	-1	1997-02-11 16:06:23	1996-09-02 14:55:44	235268.0000	47025+5	
1946	Clic!/ville/IMMS/PSS5.TIF	TIFF	ALD4	75358	47012	0	-1	1997-02-11 16:06:23	1996-09-02 14:55:46	235203.0000	47012+8	
1970	Clic!/ville/IMMS/SAP1.TIF	TIFF	ALD4	47848	47169	0	-1	1997-02-11 16:06:23	1996-07-19 17:13:30	235988.0000	47169+5	
1952	Clic!/ville/IMMS/SAP2.TIF	TIFF	ALD4	62020	47052	0	-1	1997-02-11 16:06:23	1996-07-19 17:13:30	235403.0000	47052+7	
1986	Clic!/ville/IMMS/SAP3.TIF	TIFF	ALD4	52826	47273	0	-1	1997-02-11 16:06:23	1996-07-19 17:13:34	236508.0000	47273+6	
1972	Clic!/ville/IMMS/SAP3_2.TIF	TIFF	ALD4	66306	47181	0	-1	1997-02-11 16:06:23	1996-11-04 15:53:56	236048.0000	47181+7	
1968	Clic!/ville/IMMS/SAP4.TIF	TIFF	ALD4	61410	47156	0	-1	1997-02-11 16:06:24	1996-07-19 17:13:38	235923.0000	47156+6	
1950	Clic!/ville/IMMS/SAP5.TIF	TIFF	ALD4	75174	47037	0	-1	1997-02-11 16:06:24	1996-07-19 17:13:42	235328.0000	47037+8	
1981	Clic!/ville/IMMS/SAP58.TIF	TIFF	ALD4	64066	47239	0	-1	1997-02-11 16:06:24	1996-07-19 17:13:46	236338.0000	47239+7	
1954	Clic!/ville/IMMS/SAP5_2.TIF	TIFF	ALD4	66306	47066	0	-1	1997-02-11 16:06:24	1996-11-04 15:53:56	235473.0000	47066+7	
1985	Clic!/ville/IMMS/SAP6.TIF	TIFF	ALD4	44478	47268	0	-1	1997-02-11 16:06:24	1996-07-19 17:13:46	236483.0000	47268+5	
1980	Clic!/ville/IMMS/SAP66.TIF	TIFF	ALD4	47324	47234	0	-1	1997-02-11 16:06:24	1996-09-02 14:55:48	236313.0000	47234+5	
1943	Clic!/ville/IMMS/SAP67.TIF	TIFF	ALD4	56494	46993	0	-1	1997-02-11 16:06:24	1996-07-19 17:13:50	235108.0000	46993+6	
1967	Clic!/ville/IMMS/SAP7.TIF	TIFF	ALD4	51516	47150	0	-1	1997-02-11 16:06:24	1996-09-02 14:55:50	235893.0000	47150+6	
1962	Clic!/ville/IMMS/SAP73.TIF	TIFF	ALD4	64162	47117	0	-1	1997-02-11 16:06:24	1996-07-19 17:13:54	235728.0000	47117+7	
1949	Clic!/ville/IMMS/SAP8.TIF	TIFF	ALD4	67796	47030	0	-1	1997-02-11 16:06:24	1996-07-19 17:13:54	235293.0000	47030+7	
1945	Clic!/ville/IMMS/SV1.TIF	TIFF	ALD4	47848	47007	0	-1	1997-02-11 16:06:25	1996-07-19 17:21:20	235178.0000	47007+5	
1942	Clic!/ville/IMMS/SV1_2.TIF	TIFF	ALD4	63248	46986	0	-1	1997-02-11 16:06:25	1996-07-18 11:05:24	235073.0000	46986+7	
1964	Clic!/ville/IMMS/SV2.TIF	TIFF	ALD4	74260	47131	0	-1	1997-02-11 16:06:25	1996-07-18 11:05:24	235798.0000	47131+8	
1979	Clic!/ville/IMMS/SV2_2.TIF	TIFF	ALD4	68022	47227	0	-1	1997-02-11 16:06:25	1996-07-18 11:05:46	236278.0000	47227+7	
1941	Clic!/ville/IMMS/SV2_3.TIF	TIFF	ALD4	64162	46979	0	-1	1997-02-11 16:06:25	1996-07-18 11:05:46	235038.0000	46979+7	
1983	Clic!/ville/IMMS/SV3.TIF	TIFF	ALD4	63858	47253	0	-1	1997-02-11 16:06:25	1996-07-18 11:05:48	236408.0000	47253+7	
1944	Clic!/ville/IMMS/SV4.TIF	TIFF	ALD4	75174	46999	0	-1	1997-02-11 16:06:25	1996-07-18 11:06:02	235138.0000	46999+8	
1973	Clic!/ville/IMMS/SV4_10.TIF	TIFF	ALD4	55708	47188	0	-1	1997-02-11 16:06:25	1996-07-18 11:06:10	236083.0000	47188+6	
1955	Clic!/ville/IMMS/SV4_11.TIF	TIFF	ALD4	48110	47073	0	-1	1997-02-11 16:06:25	1996-07-18 11:06:10	235508.0000	47073+5	
1940	Clic!/ville/IMMS/SV4_2.TIF	TIFF	ALD4	61410	46973	0	-1	1997-02-11 16:06:25	1996-07-18 11:06:10	235008.0000	46973+6	
1961	Clic!/ville/IMMS/SV4_3.TIF	TIFF	ALD4	75792	47109	0	-1	1997-02-11 16:06:26	1996-07-18 11:06:12	235688.0000	47109+8	
1978	Clic!/ville/IMMS/SV4_4.TIF	TIFF	ALD4	57280	47221	0	-1	1997-02-11 16:06:26	1996-07-18 11:06:12	236248.0000	47221+6	
1939	Clic!/ville/IMMS/SV4_5.TIF	TIFF	ALD4	46312	46968	0	-1	1997-02-11 16:06:26	1996-07-18 11:06:12	234983.0000	46968+5	
1960	Clic!/ville/IMMS/SV4_6.TIF	TIFF	ALD4	56792	47103	0	-1	1997-02-11 16:06:26	1996-07-18 11:06:12	235658.0000	47103+6	
1977	Clic!/ville/IMMS/SV4_7.TIF	TIFF	ALD4	76402	47213	0	-1	1997-02-11 16:06:26	1996-07-18 11:06:12	236208.0000	47213+8	
1938	Clic!/ville/IMMS/SV4_8.TIF	TIFF	ALD4	55446	46962	0	-1	1997-02-11 16:06:26	1996-07-18 11:06:14	234953.0000	46962+6	
1959	Clic!/ville/IMMS/SV4_9.TIF	TIFF	ALD4	63248	47096	0	-1	1997-02-11 16:06:26	1996-07-18 11:06:14	235623.0000	47096+7	
1963	Clic!/ville/IMMS/SV5.TIF	TIFF	ALD4	64468	47124	0	-1	1997-02-11 16:06:26	1996-07-19 17:21:22	235763.0000	47124+7	
1976	Clic!/ville/IMMS/SV5_2.TIF	TIFF	ALD4	62020	47206	0	-1	1997-02-11 16:06:26	1996-07-18 11:06:22	236173.0000	47206+7	
1937	Clic!/ville/IMMS/SV5_3.TIF	TIFF	ALD4	62934	46955	0	-1	1997-02-11 16:06:27	1996-09-02 14:55:50	234918.0000	46955+7	
1958	Clic!/ville/IMMS/SV5_4.TIF	TIFF	ALD4	49928	47091	0	-1	1997-02-11 16:06:27	1996-08-19 13:32:32	235598.0000	47091+5	
1982	Clic!/ville/IMMS/SV6.TIF	TIFF	ALD4	63552	47246	0	-1	1997-02-11 16:06:27	1996-07-18 11:06:24	236373.0000	47246+7	
1957	Clic!/ville/IMMS/SV6_2.TIF	TIFF	ALD4	64772	47084	0	-1	1997-02-11 16:06:27	1996-07-18 11:06:30	235563.0000	47084+7	
1975	Clic!/ville/IMMS/SV6_3.TIF	TIFF	ALD4	44442	47201	0	-1	1997-02-11 16:06:27	1996-07-18 11:06:30	236148.0000	47201+5	
1936	Clic!/ville/IMMS/SV6_4.TIF	TIFF	ALD4	75488	46947	0	-1	1997-02-11 16:06:27	1996-07-18 11:06:32	234878.0000	46947+8	
1956	Clic!/ville/IMMS/SV6_5.TIF	TIFF	ALD4	55970	47078	0	-1	1997-02-11 16:06:27	1996-07-18 11:06:32	235533.0000	47078+6	
1974	Clic!/ville/IMMS/SV6_6.TIF	TIFF	ALD4	65078	47194	0	-1	1997-02-11 16:06:27	1996-07-18 11:06:32	236113.0000	47194+7	
1935	Clic!/ville/IMMS/SV6_7.TIF	TIFF	ALD4	48408	46942	0	-1	1997-02-11 16:06:27	1996-07-18 11:06:32	234853.0000	46942+5	
2025	Clic!/ville/IMML/PAS1.TIF	TIFF	ALD4	242128	47967	0	-1	1997-02-11 16:06:05	1996-07-19 17:11:42	239978.0000	47967+24	
2007	Clic!/ville/IMML/PAS2.TIF	TIFF	ALD4	248560	47615	0	-1	1997-02-11 16:06:05	1996-09-02 14:53:54	238218.0000	47615+25	
2042	Clic!/ville/IMML/PAS3.TIF	TIFF	ALD4	235488	48297	0	-1	1997-02-11 16:06:06	1996-07-19 17:11:38	241628.0000	48297+23	
2023	Clic!/ville/IMML/PAS4.TIF	TIFF	ALD4	236694	47931	0	-1	1997-02-11 16:06:06	1996-07-19 17:11:40	239798.0000	47931+24	
2005	Clic!/ville/IMML/PAS5.TIF	TIFF	ALD4	248150	47566	0	-1	1997-02-11 16:06:07	1996-07-19 17:11:40	237973.0000	47566+25	
2020	Clic!/ville/IMML/PSS1.TIF	TIFF	ALD4	190794	47876	0	-1	1997-02-11 16:06:07	1996-09-02 14:53:56	239523.0000	47876+19	
2001	Clic!/ville/IMML/PSS2.TIF	TIFF	ALD4	99320	47505	0	-1	1997-02-11 16:06:07	1996-09-02 14:54:00	237668.0000	47505+10	
2038	Clic!/ville/IMML/PSS3.TIF	TIFF	ALD4	226010	48226	0	-1	1997-02-11 16:06:08	1996-09-02 14:54:00	241273.0000	48226+23	
2019	Clic!/ville/IMML/PSS4.TIF	TIFF	ALD4	123510	47863	0	-1	1997-02-11 16:06:08	1996-07-19 17:11:54	239458.0000	47863+13	
2002	Clic!/ville/IMML/PSS4_2.TIF	TIFF	ALD4	114900	47515	0	-1	1997-02-11 16:06:08	1996-09-02 14:54:00	237718.0000	47515+12	
2000	Clic!/ville/IMML/PSS5.TIF	TIFF	ALD4	181730	47487	0	-1	1997-02-11 16:06:08	1996-09-02 14:54:02	237578.0000	47487+18	
2024	Clic!/ville/IMML/SAP1.TIF	TIFF	ALD4	114490	47955	0	-1	1997-02-11 16:06:09	1996-07-19 17:12:06	239918.0000	47955+12	
2006	Clic!/ville/IMML/SAP2.TIF	TIFF	ALD4	236694	47591	0	-1	1997-02-11 16:06:09	1996-07-19 17:12:08	238098.0000	47591+24	
2041	Clic!/ville/IMML/SAP3.TIF	TIFF	ALD4	126790	48284	0	-1	1997-02-11 16:06:09	1996-07-19 17:12:16	241563.0000	48284+13	
2026	Clic!/ville/IMML/SAP3_2.TIF	TIFF	ALD4	235704	47991	0	-1	1997-02-11 16:06:09	1996-11-04 15:53:38	240098.0000	47991+24	
2022	Clic!/ville/IMML/SAP4.TIF	TIFF	ALD4	234282	47908	0	-1	1997-02-11 16:06:10	1996-07-19 18:00:18	239683.0000	47908+23	
2004	Clic!/ville/IMML/SAP5.TIF	TIFF	ALD4	215350	47544	0	-1	1997-02-11 16:06:10	1996-07-19 17:12:26	237863.0000	47544+22	
2035	Clic!/ville/IMML/SAP58.TIF	TIFF	ALD4	248368	48153	0	-1	1997-02-11 16:06:11	1996-07-19 17:12:32	240908.0000	48153+25	
2008	Clic!/ville/IMML/SAP5_2.TIF	TIFF	ALD4	235704	47640	0	-1	1997-02-11 16:06:11	1996-11-04 15:53:36	238343.0000	47640+24	
2040	Clic!/ville/IMML/SAP6.TIF	TIFF	ALD4	107328	48273	0	-1	1997-02-11 16:06:11	1996-07-19 17:12:32	241508.0000	48273+11	
2034	Clic!/ville/IMML/SAP66.TIF	TIFF	ALD4	112850	48141	0	-1	1997-02-11 16:06:12	1996-09-02 14:54:08	240848.0000	48141+12	
1997	Clic!/ville/IMML/SAP67.TIF	TIFF	ALD4	135810	47439	0	-1	1997-02-11 16:06:12	1996-07-19 17:12:38	237338.0000	47439+14	
2021	Clic!/ville/IMML/SAP7.TIF	TIFF	ALD4	123510	47895	0	-1	1997-02-11 16:06:12	1996-09-02 14:54:08	239618.0000	47895+13	
2016	Clic!/ville/IMML/SAP73.TIF	TIFF	ALD4	245152	47792	0	-1	1997-02-11 16:06:12	1996-07-19 17:12:44	239103.0000	47792+24	
2003	Clic!/ville/IMML/SAP8.TIF	TIFF	ALD4	164728	47527	0	-1	1997-02-11 16:06:13	1996-07-19 17:12:44	237778.0000	47527+17	
2039	Clic!/ville/IMML/SAP9.TIF	TIFF	ALD4	242128	48249	0	-1	1997-02-11 16:06:13	1996-07-19 17:12:46	241388.0000	48249+24	
1999	Clic!/ville/IMML/SV1.TIF	TIFF	ALD4	114490	47475	0	-1	1997-02-11 16:06:13	1996-07-19 17:20:58	237518.0000	47475+12	
1996	Clic!/ville/IMML/SV1_2.TIF	TIFF	ALD4	242128	47415	0	-1	1997-02-11 16:06:13	1996-07-18 11:02:12	237218.0000	47415+24	
2018	Clic!/ville/IMML/SV2.TIF	TIFF	ALD4	218220	47841	0	-1	1997-02-11 16:06:14	1996-07-18 11:02:12	239348.0000	47841+22	
2033	Clic!/ville/IMML/SV2_2.TIF	TIFF	ALD4	164100	48124	0	-1	1997-02-11 16:06:14	1996-07-18 11:02:54	240763.0000	48124+17	
1995	Clic!/ville/IMML/SV2_3.TIF	TIFF	ALD4	245152	47391	0	-1	1997-02-11 16:06:14	1996-07-18 11:02:54	237098.0000	47391+24	
2037	Clic!/ville/IMML/SV3.TIF	TIFF	ALD4	243946	48202	0	-1	1997-02-11 16:06:15	1996-07-18 11:02:54	241153.0000	48202+24	
1998	Clic!/ville/IMML/SV4.TIF	TIFF	ALD4	215350	47453	0	-1	1997-02-11 16:06:15	1996-07-18 11:03:18	237408.0000	47453+22	
2027	Clic!/ville/IMML/SV4_10.TIF	TIFF	ALD4	133760	48015	0	-1	1997-02-11 16:06:16	1996-07-18 11:03:32	240218.0000	48015+14	
2009	Clic!/ville/IMML/SV4_11.TIF	TIFF	ALD4	115310	47664	0	-1	1997-02-11 16:06:16	1996-07-18 11:03:32	238463.0000	47664+12	
1994	Clic!/ville/IMML/SV4_2.TIF	TIFF	ALD4	234884	47368	0	-1	1997-02-11 16:06:16	1996-07-18 11:03:32	236983.0000	47368+23	
2015	Clic!/ville/IMML/SV4_3.TIF	TIFF	ALD4	214120	47771	0	-1	1997-02-11 16:06:16	1996-07-18 11:03:34	238998.0000	47771+21	
2032	Clic!/ville/IMML/SV4_4.TIF	TIFF	ALD4	137450	48110	0	-1	1997-02-11 16:06:17	1996-07-18 11:03:34	240693.0000	48110+14	
1993	Clic!/ville/IMML/SV4_5.TIF	TIFF	ALD4	112248	47357	0	-1	1997-02-11 16:06:17	1996-07-18 11:03:34	236928.0000	47357+11	
2014	Clic!/ville/IMML/SV4_6.TIF	TIFF	ALD4	137668	47757	0	-1	1997-02-11 16:06:17	1996-07-18 11:03:36	238928.0000	47757+14	
2031	Clic!/ville/IMML/SV4_7.TIF	TIFF	ALD4	212070	48089	0	-1	1997-02-11 16:06:17	1996-07-18 11:03:36	240588.0000	48089+21	
1992	Clic!/ville/IMML/SV4_8.TIF	TIFF	ALD4	133350	47343	0	-1	1997-02-11 16:06:18	1996-07-18 11:03:36	236858.0000	47343+14	
2013	Clic!/ville/IMML/SV4_9.TIF	TIFF	ALD4	241526	47733	0	-1	1997-02-11 16:06:18	1996-07-18 11:03:38	238808.0000	47733+24	
2017	Clic!/ville/IMML/SV5.TIF	TIFF	ALD4	246960	47816	0	-1	1997-02-11 16:06:18	1996-07-19 17:21:00	239223.0000	47816+25	
2030	Clic!/ville/IMML/SV5_2.TIF	TIFF	ALD4	236694	48065	0	-1	1997-02-11 16:06:19	1996-07-18 11:03:50	240468.0000	48065+24	
1991	Clic!/ville/IMML/SV5_3.TIF	TIFF	ALD4	240922	47319	0	-1	1997-02-11 16:06:19	1996-09-02 14:54:10	236738.0000	47319+24	
2012	Clic!/ville/IMML/SV5_4.TIF	TIFF	ALD4	182358	47715	0	-1	1997-02-11 16:06:20	1996-07-18 11:03:52	238718.0000	47715+18	
2036	Clic!/ville/IMML/SV6.TIF	TIFF	ALD4	242732	48178	0	-1	1997-02-11 16:06:20	1996-07-18 11:03:54	241033.0000	48178+24	
2011	Clic!/ville/IMML/SV6_2.TIF	TIFF	ALD4	248166	47690	0	-1	1997-02-11 16:06:20	1996-07-18 11:04:06	238593.0000	47690+25	
2029	Clic!/ville/IMML/SV6_3.TIF	TIFF	ALD4	106290	48054	0	-1	1997-02-11 16:06:21	1996-07-18 11:04:06	240413.0000	48054+11	
1990	Clic!/ville/IMML/SV6_4.TIF	TIFF	ALD4	214940	47298	0	-1	1997-02-11 16:06:21	1996-07-18 11:04:06	236633.0000	47298+21	
2010	Clic!/ville/IMML/SV6_5.TIF	TIFF	ALD4	134580	47676	0	-1	1997-02-11 16:06:21	1996-07-18 11:04:08	238523.0000	47676+14	
2028	Clic!/ville/IMML/SV6_6.TIF	TIFF	ALD4	249380	48029	0	-1	1997-02-11 16:06:21	1996-07-18 11:04:08	240288.0000	48029+25	
1989	Clic!/ville/IMML/SV6_7.TIF	TIFF	ALD4	117578	47286	0	-1	1997-02-11 16:06:22	1996-07-18 11:04:08	236573.0000	47286+12	
2045	Clic!/ville/VIDEO/ESTRNNCP.MOV	TEXT	LMAN	849361	48328	0	-1	1997-02-11 16:07:12	1996-10-18 09:22:02	241783.0000	48328+83	
2044	Clic!/ville/VIDEO/ROTVILLA.BMP	TEXT	LMAN	77878	48320	0	-1	1997-02-11 16:07:13	1996-03-07 09:05:38	241743.0000	48320+8	
2052	Clic!/ville/DOC/DIDA.TXT	TEXT	MSWD	17364	48437	0	-1	1997-02-11 16:07:19	1996-11-04 15:57:50	242328.0000	48437+2	
2053	Clic!/ville/DOC/ELENCO.TXT	TEXT	MSWD	5474	48439	0	-1	1997-02-11 16:07:20	1996-10-20 13:09:16	242338.0000	48439+1	
2051	Clic!/ville/DOC/GLOSS.TXT	TEXT	MSWD	13794	48435	0	-1	1997-02-11 16:07:20	1996-11-14 10:35:22	242318.0000	48435+2	
2047	Clic!/ville/DOC/PERARCH.TXT	TEXT	MSWD	22062	48411	0	-1	1997-02-11 16:07:20	1996-11-02 06:54:14	242198.0000	48411+3	
2048	Clic!/ville/DOC/SAPP.TXT	TEXT	MSWD	66977	48414	0	-1	1997-02-11 16:07:20	1996-11-12 15:30:02	242213.0000	48414+7	
2050	Clic!/ville/DOC/STORIA.TXT	TEXT	MSWD	17002	48433	0	-1	1997-02-11 16:07:20	1996-10-18 09:54:12	242308.0000	48433+2	
2049	Clic!/ville/DOC/VILLE.TXT	TEXT	MSWD	113184	48421	0	-1	1997-02-11 16:07:20	1996-11-14 10:36:08	242248.0000	48421+12	
2057	Clic!/rete/abruzzo.htm	TEXT	LMAN	3048	48442	0	-1	1997-02-11 16:00:19	1997-02-11 09:08:12	242353.0000	48442+1	
2062	Clic!/rete/aosta.htm	TEXT	LMAN	2134	48447	0	-1	1997-02-11 16:00:19	1997-02-11 09:08:12	242378.0000	48447+1	
2059	Clic!/rete/basilicata.htm	TEXT	LMAN	2873	48444	0	-1	1997-02-11 16:00:19	1997-02-11 09:08:12	242363.0000	48444+1	
2073	Clic!/rete/calabria.htm	TEXT	LMAN	2517	48458	0	-1	1997-02-11 16:00:19	1997-02-11 09:08:12	242433.0000	48458+1	
2083	Clic!/rete/campania.htm	TEXT	LMAN	6807	48468	0	-1	1997-02-11 16:00:19	1997-02-11 09:08:12	242483.0000	48468+1	
2066	Clic!/rete/compro.htm	TEXT	LMAN	3864	48451	0	-1	1997-02-11 16:00:19	1997-02-11 09:08:12	242398.0000	48451+1	
2074	Clic!/rete/friuli.htm	TEXT	LMAN	4178	48459	0	-1	1997-02-11 16:00:19	1997-02-11 09:08:14	242438.0000	48459+1	
2063	Clic!/rete/inta.htm	TEXT	LMAN	4143	48448	0	-1	1997-02-11 16:00:19	1997-02-11 09:08:14	242383.0000	48448+1	
2079	Clic!/rete/intdov.htm	TEXT	LMAN	2725	48464	0	-1	1997-02-11 16:00:19	1997-02-11 09:08:14	242463.0000	48464+1	
2075	Clic!/rete/intprov1.htm	TEXT	LMAN	7870	48460	0	-1	1997-02-11 16:00:19	1997-02-11 09:08:14	242443.0000	48460+1	
2070	Clic!/rete/intprov1bis.htm	TEXT	LMAN	7183	48455	0	-1	1997-02-11 16:00:19	1997-02-11 09:08:14	242418.0000	48455+1	
2064	Clic!/rete/intprov2.htm	TEXT	LMAN	8839	48449	0	-1	1997-02-11 16:00:19	1997-02-11 09:08:14	242388.0000	48449+1	
2067	Clic!/rete/lazio.htm	TEXT	LMAN	4645	48452	0	-1	1997-02-11 16:00:19	1997-02-11 09:08:16	242403.0000	48452+1	
2072	Clic!/rete/liguria.htm	TEXT	LMAN	2933	48457	0	-1	1997-02-11 16:00:19	1997-02-11 09:08:16	242428.0000	48457+1	
2080	Clic!/rete/lombardia.htm	TEXT	LMAN	8563	48465	0	-1	1997-02-11 16:00:19	1997-02-11 09:08:16	242468.0000	48465+1	
2065	Clic!/rete/marche.htm	TEXT	LMAN	3873	48450	0	-1	1997-02-11 16:00:19	1997-02-11 09:08:16	242393.0000	48450+1	
2058	Clic!/rete/marino.htm	TEXT	LMAN	2256	48443	0	-1	1997-02-11 16:00:19	1997-02-11 09:08:16	242358.0000	48443+1	
2068	Clic!/rete/molise.htm	TEXT	LMAN	2209	48453	0	-1	1997-02-11 16:00:19	1997-02-11 09:08:16	242408.0000	48453+1	
2055	Clic!/rete/piemonte.htm	TEXT	LMAN	4871	48440	0	-1	1997-02-11 16:00:19	1997-02-11 09:08:18	242343.0000	48440+1	
2061	Clic!/rete/puglia.htm	TEXT	LMAN	3539	48446	0	-1	1997-02-11 16:00:19	1997-02-11 09:08:18	242373.0000	48446+1	
2060	Clic!/rete/rete.htm	TEXT	LMAN	5943	48445	0	-1	1997-02-11 16:00:19	1997-02-11 09:08:18	242368.0000	48445+1	
2077	Clic!/rete/romagna.htm	TEXT	LMAN	8120	48462	0	-1	1997-02-11 16:00:19	1997-02-11 09:08:18	242453.0000	48462+1	
2071	Clic!/rete/sardegna.htm	TEXT	LMAN	2947	48456	0	-1	1997-02-11 16:00:19	1997-02-11 09:08:18	242423.0000	48456+1	
2082	Clic!/rete/sicilia.htm	TEXT	LMAN	4374	48467	0	-1	1997-02-11 16:00:19	1997-02-11 09:08:18	242478.0000	48467+1	
2081	Clic!/rete/software.htm	TEXT	LMAN	4297	48466	0	-1	1997-02-11 16:00:19	1997-02-11 09:08:18	242473.0000	48466+1	
2076	Clic!/rete/toscana.htm	TEXT	LMAN	4485	48461	0	-1	1997-02-11 16:00:19	1997-02-11 09:08:20	242448.0000	48461+1	
2069	Clic!/rete/trentino.htm	TEXT	LMAN	2711	48454	0	-1	1997-02-11 16:00:19	1997-02-11 09:08:20	242413.0000	48454+1	
2078	Clic!/rete/umbria.htm	TEXT	LMAN	2598	48463	0	-1	1997-02-11 16:00:20	1997-02-11 09:08:20	242458.0000	48463+1	
2056	Clic!/rete/veneto.htm	TEXT	LMAN	4058	48441	0	-1	1997-02-11 16:00:20	1997-02-11 09:08:20	242348.0000	48441+1	
2085	Clic!/pre/chi.htm	TEXT	LMAN	5172	48469	0	-1	1997-02-11 16:00:34	1997-02-11 09:08:32	242488.0000	48469+1	
2389	Clic!/img/10ar001.gif	TEXT	LMAN	12496	48989	0	-1	1997-02-11 15:59:59	1997-02-10 12:08:34	245088.0000	48989+2	
2421	Clic!/img/10ca001.gif	TEXT	LMAN	24019	49028	0	-1	1997-02-11 15:59:59	1997-02-10 12:08:36	245283.0000	49028+3	
2346	Clic!/img/10co001.jpg	TEXT	LMAN	19744	48914	0	-1	1997-02-11 15:59:59	1997-02-10 12:08:36	244713.0000	48914+2	
2392	Clic!/img/10co002.gif	TEXT	LMAN	18694	48993	0	-1	1997-02-11 15:59:59	1997-02-10 12:08:36	245108.0000	48993+2	
2114	Clic!/img/10lp001.jpg	TEXT	LMAN	31494	48529	0	-1	1997-02-11 15:59:59	1997-02-10 12:08:36	242788.0000	48529+4	
2384	Clic!/img/10mu001.gif	TEXT	LMAN	1784	48977	0	-1	1997-02-11 15:59:59	1997-02-10 12:08:36	245028.0000	48977+1	
2149	Clic!/img/10mu002.gif	TEXT	LMAN	7838	48593	0	-1	1997-02-11 15:59:59	1997-02-10 12:08:36	243108.0000	48593+1	
2115	Clic!/img/10po001.jpg	TEXT	LMAN	25545	48533	0	-1	1997-02-11 15:59:59	1997-02-10 12:08:38	242808.0000	48533+3	
2339	Clic!/img/10st001.jpg	TEXT	LMAN	21123	48897	0	-1	1997-02-11 16:00:00	1997-02-10 12:08:38	244628.0000	48897+3	
2388	Clic!/img/10st002.gif	TEXT	LMAN	14572	48987	0	-1	1997-02-11 16:00:00	1997-02-10 12:08:38	245078.0000	48987+2	
2215	Clic!/img/10st003.jpg	TEXT	LMAN	25327	48687	0	-1	1997-02-11 16:00:00	1997-02-10 12:08:38	243578.0000	48687+3	
2270	Clic!/img/10st004.gif	TEXT	LMAN	17960	48792	0	-1	1997-02-11 16:00:00	1997-02-10 12:08:38	244103.0000	48792+2	
2387	Clic!/img/10st005.gif	TEXT	LMAN	8047	48986	0	-1	1997-02-11 16:00:00	1997-02-10 12:08:40	245073.0000	48986+1	
2152	Clic!/img/10st006.gif	TEXT	LMAN	18243	48597	0	-1	1997-02-11 16:00:00	1997-02-10 12:08:40	243128.0000	48597+2	
2269	Clic!/img/10st007.gif	TEXT	LMAN	30665	48789	0	-1	1997-02-11 16:00:00	1997-02-10 12:08:40	244088.0000	48789+3	
2386	Clic!/img/10st008.gif	TEXT	LMAN	38759	48982	0	-1	1997-02-11 16:00:00	1997-02-10 12:08:40	245053.0000	48982+4	
2151	Clic!/img/10st009.gif	TEXT	LMAN	18377	48595	0	-1	1997-02-11 16:00:00	1997-02-10 12:08:40	243118.0000	48595+2	
2385	Clic!/img/10st010.gif	TEXT	LMAN	35007	48978	0	-1	1997-02-11 16:00:00	1997-02-10 12:08:40	245033.0000	48978+4	
2208	Clic!/img/12ar001.jpg	TEXT	LMAN	14808	48671	0	-1	1997-02-11 16:00:00	1997-02-10 12:08:42	243498.0000	48671+2	
2102	Clic!/img/12co001.jpg	TEXT	LMAN	14663	48490	0	-1	1997-02-11 16:00:00	1997-02-10 12:08:42	242593.0000	48490+2	
2210	Clic!/img/12co002.jpg	TEXT	LMAN	23205	48676	0	-1	1997-02-11 16:00:00	1997-02-10 12:08:42	243523.0000	48676+3	
2336	Clic!/img/12co003.jpg	TEXT	LMAN	61382	48886	0	-1	1997-02-11 16:00:00	1997-02-10 12:08:42	244573.0000	48886+6	
2101	Clic!/img/12co004.jpg	TEXT	LMAN	13114	48488	0	-1	1997-02-11 16:00:01	1997-02-10 12:08:42	242583.0000	48488+2	
2209	Clic!/img/12co005.jpg	TEXT	LMAN	23386	48673	0	-1	1997-02-11 16:00:01	1997-02-10 12:08:42	243508.0000	48673+3	
2106	Clic!/img/12ge001.jpg	TEXT	LMAN	16850	48499	0	-1	1997-02-11 16:00:01	1997-02-10 12:08:44	242638.0000	48499+2	
2214	Clic!/img/12ge002.jpg	TEXT	LMAN	18947	48685	0	-1	1997-02-11 16:00:01	1997-02-10 12:08:44	243568.0000	48685+2	
2338	Clic!/img/12ge003.jpg	TEXT	LMAN	24573	48894	0	-1	1997-02-11 16:00:01	1997-02-10 12:08:44	244613.0000	48894+3	
2105	Clic!/img/12ge004.jpg	TEXT	LMAN	20837	48496	0	-1	1997-02-11 16:00:01	1997-02-10 12:08:44	242623.0000	48496+3	
2213	Clic!/img/12ge005.jpg	TEXT	LMAN	13673	48683	0	-1	1997-02-11 16:00:01	1997-02-10 12:08:44	243558.0000	48683+2	
2212	Clic!/img/12gi001.jpg	TEXT	LMAN	17765	48681	0	-1	1997-02-11 16:00:01	1997-02-10 12:08:44	243548.0000	48681+2	
2337	Clic!/img/12gi002.jpg	TEXT	LMAN	14464	48892	0	-1	1997-02-11 16:00:01	1997-02-10 12:08:46	244603.0000	48892+2	
2104	Clic!/img/12gi003.jpg	TEXT	LMAN	19401	48494	0	-1	1997-02-11 16:00:01	1997-02-10 12:08:46	242613.0000	48494+2	
2211	Clic!/img/12gi004.jpg	TEXT	LMAN	14058	48679	0	-1	1997-02-11 16:00:02	1997-02-10 12:08:46	243538.0000	48679+2	
2207	Clic!/img/12mu001.jpg	TEXT	LMAN	13184	48669	0	-1	1997-02-11 16:00:02	1997-02-10 12:08:46	243488.0000	48669+2	
2335	Clic!/img/12mu002.jpg	TEXT	LMAN	22294	48883	0	-1	1997-02-11 16:00:02	1997-02-10 12:08:46	244558.0000	48883+3	
2100	Clic!/img/12mu003.jpg	TEXT	LMAN	23428	48485	0	-1	1997-02-11 16:00:02	1997-02-10 12:08:46	242568.0000	48485+3	
2216	Clic!/img/12pc001.jpg	TEXT	LMAN	11548	48690	0	-1	1997-02-11 16:00:02	1997-02-10 12:08:48	243593.0000	48690+2	
2359	Clic!/img/4ca001.jpg	TEXT	LMAN	12246	48935	0	-1	1997-02-11 16:00:02	1997-02-10 12:08:48	244818.0000	48935+2	
2235	Clic!/img/4ca002.jpg	TEXT	LMAN	15074	48719	0	-1	1997-02-11 16:00:02	1997-02-10 12:08:48	243738.0000	48719+2	
2122	Clic!/img/4ca003.jpg	TEXT	LMAN	6333	48550	0	-1	1997-02-11 16:00:02	1997-02-10 12:08:48	242893.0000	48550+1	
2238	Clic!/img/4co001.jpg	TEXT	LMAN	9471	48723	0	-1	1997-02-11 16:00:02	1997-02-10 12:08:48	243758.0000	48723+1	
2126	Clic!/img/4co002.jpg	TEXT	LMAN	7459	48557	0	-1	1997-02-11 16:00:02	1997-02-10 12:08:48	242928.0000	48557+1	
2354	Clic!/img/4co003.jpg	TEXT	LMAN	8751	48928	0	-1	1997-02-11 16:00:02	1997-02-10 12:08:50	244783.0000	48928+1	
2231	Clic!/img/4co004.jpg	TEXT	LMAN	6472	48712	0	-1	1997-02-11 16:00:02	1997-02-10 12:08:50	243703.0000	48712+1	
2241	Clic!/img/4co004a.jpg	TEXT	LMAN	7067	48728	0	-1	1997-02-11 16:00:02	1997-02-10 12:08:50	243783.0000	48728+1	
2118	Clic!/img/4co005.jpg	TEXT	LMAN	17049	48541	0	-1	1997-02-11 16:00:02	1997-02-10 12:08:50	242848.0000	48541+2	
2098	Clic!/img/4gi001.jpg	TEXT	LMAN	6689	48482	0	-1	1997-02-11 16:00:02	1997-02-10 12:08:50	242553.0000	48482+1	
2333	Clic!/img/4gi002.jpg	TEXT	LMAN	6970	48880	0	-1	1997-02-11 16:00:03	1997-02-10 12:08:50	244543.0000	48880+1	
2203	Clic!/img/4gi003.jpg	TEXT	LMAN	5229	48664	0	-1	1997-02-11 16:00:03	1997-02-10 12:08:52	243463.0000	48664+1	
2092	Clic!/img/4gi004.jpg	TEXT	LMAN	6906	48475	0	-1	1997-02-11 16:00:03	1997-02-10 12:08:52	242518.0000	48475+1	
2327	Clic!/img/4gi005.jpg	TEXT	LMAN	6366	48873	0	-1	1997-02-11 16:00:03	1997-02-10 12:08:52	244508.0000	48873+1	
2198	Clic!/img/4gi006.jpg	TEXT	LMAN	6276	48658	0	-1	1997-02-11 16:00:03	1997-02-10 12:08:52	243433.0000	48658+1	
2088	Clic!/img/4gi007.jpg	TEXT	LMAN	4567	48471	0	-1	1997-02-11 16:00:03	1997-02-10 12:08:52	242498.0000	48471+1	
2323	Clic!/img/4gi008.jpg	TEXT	LMAN	5296	48868	0	-1	1997-02-11 16:00:03	1997-02-10 12:08:52	244483.0000	48868+1	
2138	Clic!/img/4la001.jpg	TEXT	LMAN	10962	48579	0	-1	1997-02-11 16:00:03	1997-02-10 12:08:52	243038.0000	48579+2	
2366	Clic!/img/4la002.jpg	TEXT	LMAN	4214	48955	0	-1	1997-02-11 16:00:03	1997-02-10 12:08:54	244918.0000	48955+1	
2255	Clic!/img/4la003.jpg	TEXT	LMAN	7471	48757	0	-1	1997-02-11 16:00:03	1997-02-10 12:08:54	243928.0000	48757+1	
2254	Clic!/img/4mu001.jpg	TEXT	LMAN	5376	48756	0	-1	1997-02-11 16:00:03	1997-02-10 12:08:54	243923.0000	48756+1	
2250	Clic!/img/4po001.jpg	TEXT	LMAN	8587	48750	0	-1	1997-02-11 16:00:03	1997-02-10 12:08:54	243893.0000	48750+1	
2137	Clic!/img/4po002.jpg	TEXT	LMAN	12992	48577	0	-1	1997-02-11 16:00:03	1997-02-10 12:08:54	243028.0000	48577+2	
2363	Clic!/img/4po003.jpg	TEXT	LMAN	12140	48950	0	-1	1997-02-11 16:00:03	1997-02-10 12:08:54	244893.0000	48950+2	
2249	Clic!/img/4po004.jpg	TEXT	LMAN	20471	48748	0	-1	1997-02-11 16:00:03	1997-02-10 12:08:56	243883.0000	48748+2	
2136	Clic!/img/4po005.jpg	TEXT	LMAN	14531	48575	0	-1	1997-02-11 16:00:03	1997-02-10 12:08:56	243018.0000	48575+2	
2362	Clic!/img/4po006.jpg	TEXT	LMAN	9015	48949	0	-1	1997-02-11 16:00:03	1997-02-10 12:08:56	244888.0000	48949+1	
2248	Clic!/img/4po007.jpg	TEXT	LMAN	29629	48745	0	-1	1997-02-11 16:00:03	1997-02-10 12:08:56	243868.0000	48745+3	
2135	Clic!/img/4po008.jpg	TEXT	LMAN	18860	48573	0	-1	1997-02-11 16:00:03	1997-02-10 12:08:56	243008.0000	48573+2	
2361	Clic!/img/4po009.jpg	TEXT	LMAN	5928	48948	0	-1	1997-02-11 16:00:03	1997-02-10 12:08:56	244883.0000	48948+1	
2251	Clic!/img/4po010.jpg	TEXT	LMAN	8389	48751	0	-1	1997-02-11 16:00:03	1997-02-10 12:08:58	243898.0000	48751+1	
2240	Clic!/img/4sc001.jpg	TEXT	LMAN	30639	48725	0	-1	1997-02-11 16:00:03	1997-02-10 12:08:58	243768.0000	48725+3	
2127	Clic!/img/4sc002.jpg	TEXT	LMAN	5793	48558	0	-1	1997-02-11 16:00:03	1997-02-10 12:08:58	242933.0000	48558+1	
2239	Clic!/img/4so001.jpg	TEXT	LMAN	4190	48724	0	-1	1997-02-11 16:00:03	1997-02-10 12:08:58	243763.0000	48724+1	
2129	Clic!/img/4st001.jpg	TEXT	LMAN	9659	48561	0	-1	1997-02-11 16:00:03	1997-02-10 12:08:58	242948.0000	48561+1	
2232	Clic!/img/4st003.jpg	TEXT	LMAN	6173	48713	0	-1	1997-02-11 16:00:03	1997-02-10 12:08:58	243708.0000	48713+1	
2119	Clic!/img/4st004.jpg	TEXT	LMAN	9577	48543	0	-1	1997-02-11 16:00:03	1997-02-10 12:09:00	242858.0000	48543+1	
2349	Clic!/img/4st005.jpg	TEXT	LMAN	11951	48919	0	-1	1997-02-11 16:00:03	1997-02-10 12:09:00	244738.0000	48919+2	
2228	Clic!/img/4st006.jpg	TEXT	LMAN	9582	48706	0	-1	1997-02-11 16:00:04	1997-02-10 12:09:00	243673.0000	48706+1	
2117	Clic!/img/4st007.jpg	TEXT	LMAN	10426	48539	0	-1	1997-02-11 16:00:04	1997-02-10 12:09:00	242838.0000	48539+2	
2347	Clic!/img/4st008.jpg	TEXT	LMAN	5062	48916	0	-1	1997-02-11 16:00:04	1997-02-10 12:09:00	244723.0000	48916+1	
2227	Clic!/img/4st009.jpg	TEXT	LMAN	6677	48705	0	-1	1997-02-11 16:00:04	1997-02-10 12:09:02	243668.0000	48705+1	
2247	Clic!/img/6ar001.jpg	TEXT	LMAN	5882	48744	0	-1	1997-02-11 16:00:04	1997-02-10 12:09:02	243863.0000	48744+1	
2132	Clic!/img/6ar002.jpg	TEXT	LMAN	5596	48570	0	-1	1997-02-11 16:00:04	1997-02-10 12:09:02	242993.0000	48570+1	
2130	Clic!/img/6ca001.jpg	TEXT	LMAN	6231	48562	0	-1	1997-02-11 16:00:04	1997-02-10 12:09:02	242953.0000	48562+1	
2356	Clic!/img/6ca002.jpg	TEXT	LMAN	6740	48931	0	-1	1997-02-11 16:00:04	1997-02-10 12:09:02	244798.0000	48931+1	
2357	Clic!/img/6co001.jpg	TEXT	LMAN	5399	48932	0	-1	1997-02-11 16:00:04	1997-02-10 12:09:02	244803.0000	48932+1	
2234	Clic!/img/6co002.jpg	TEXT	LMAN	6556	48718	0	-1	1997-02-11 16:00:04	1997-02-10 12:09:02	243733.0000	48718+1	
2121	Clic!/img/6co003.jpg	TEXT	LMAN	6676	48549	0	-1	1997-02-11 16:00:04	1997-02-10 12:09:04	242888.0000	48549+1	
2350	Clic!/img/6co004.jpg	TEXT	LMAN	6782	48921	0	-1	1997-02-11 16:00:04	1997-02-10 12:09:04	244748.0000	48921+1	
2229	Clic!/img/6co005.jpg	TEXT	LMAN	4255	48707	0	-1	1997-02-11 16:00:04	1997-02-10 12:09:04	243678.0000	48707+1	
2097	Clic!/img/6ge001.jpg	TEXT	LMAN	5284	48481	0	-1	1997-02-11 16:00:04	1997-02-10 12:09:04	242548.0000	48481+1	
2332	Clic!/img/6ge002.jpg	TEXT	LMAN	6734	48879	0	-1	1997-02-11 16:00:04	1997-02-10 12:09:04	244538.0000	48879+1	
2202	Clic!/img/6ge003.jpg	TEXT	LMAN	5581	48663	0	-1	1997-02-11 16:00:04	1997-02-10 12:09:04	243458.0000	48663+1	
2091	Clic!/img/6ge004.jpg	TEXT	LMAN	5114	48474	0	-1	1997-02-11 16:00:04	1997-02-10 12:09:06	242513.0000	48474+1	
2326	Clic!/img/6ge005.jpg	TEXT	LMAN	7105	48872	0	-1	1997-02-11 16:00:04	1997-02-10 12:09:06	244503.0000	48872+1	
2197	Clic!/img/6ge006.jpg	TEXT	LMAN	4596	48657	0	-1	1997-02-11 16:00:04	1997-02-10 12:09:06	243428.0000	48657+1	
2205	Clic!/img/6gi001.jpg	TEXT	LMAN	6495	48667	0	-1	1997-02-11 16:00:04	1997-02-10 12:09:06	243478.0000	48667+1	
2094	Clic!/img/6gi002.jpg	TEXT	LMAN	5378	48478	0	-1	1997-02-11 16:00:04	1997-02-10 12:09:06	242533.0000	48478+1	
2329	Clic!/img/6gi003.jpg	TEXT	LMAN	6184	48876	0	-1	1997-02-11 16:00:04	1997-02-10 12:09:06	244523.0000	48876+1	
2199	Clic!/img/6gi004.jpg	TEXT	LMAN	5772	48659	0	-1	1997-02-11 16:00:04	1997-02-10 12:09:06	243438.0000	48659+1	
2089	Clic!/img/6gi005.jpg	TEXT	LMAN	6504	48472	0	-1	1997-02-11 16:00:04	1997-02-10 12:09:08	242503.0000	48472+1	
2324	Clic!/img/6gi006.jpg	TEXT	LMAN	6726	48869	0	-1	1997-02-11 16:00:04	1997-02-10 12:09:08	244488.0000	48869+1	
2196	Clic!/img/6gi007.jpg	TEXT	LMAN	5012	48656	0	-1	1997-02-11 16:00:04	1997-02-10 12:09:08	243423.0000	48656+1	
2087	Clic!/img/6gi008.jpg	TEXT	LMAN	6813	48470	0	-1	1997-02-11 16:00:04	1997-02-10 12:09:08	242493.0000	48470+1	
2322	Clic!/img/6gi009.jpg	TEXT	LMAN	5639	48867	0	-1	1997-02-11 16:00:04	1997-02-10 12:09:08	244478.0000	48867+1	
2206	Clic!/img/6gi010.jpg	TEXT	LMAN	4849	48668	0	-1	1997-02-11 16:00:05	1997-02-10 12:09:08	243483.0000	48668+1	
2096	Clic!/img/6gi011.jpg	TEXT	LMAN	6123	48480	0	-1	1997-02-11 16:00:05	1997-02-10 12:09:08	242543.0000	48480+1	
2331	Clic!/img/6gi012.jpg	TEXT	LMAN	5564	48878	0	-1	1997-02-11 16:00:05	1997-02-10 12:09:10	244533.0000	48878+1	
2201	Clic!/img/6gi013.jpg	TEXT	LMAN	5732	48662	0	-1	1997-02-11 16:00:05	1997-02-10 12:09:10	243453.0000	48662+1	
2365	Clic!/img/6mu001.jpg	TEXT	LMAN	4803	48954	0	-1	1997-02-11 16:00:05	1997-02-10 12:09:10	244913.0000	48954+1	
2253	Clic!/img/6mu002.jpg	TEXT	LMAN	6680	48755	0	-1	1997-02-11 16:00:05	1997-02-10 12:09:10	243918.0000	48755+1	
2237	Clic!/img/6st001.jpg	TEXT	LMAN	3500	48722	0	-1	1997-02-11 16:00:05	1997-02-10 12:09:10	243753.0000	48722+1	
2125	Clic!/img/6st002.jpg	TEXT	LMAN	5568	48556	0	-1	1997-02-11 16:00:05	1997-02-10 12:09:10	242923.0000	48556+1	
2353	Clic!/img/6st003.jpg	TEXT	LMAN	5264	48927	0	-1	1997-02-11 16:00:05	1997-02-10 12:09:12	244778.0000	48927+1	
2133	Clic!/img/7ar001.jpg	TEXT	LMAN	6381	48571	0	-1	1997-02-11 16:00:05	1997-02-10 12:09:12	242998.0000	48571+1	
2358	Clic!/img/7ca001.jpg	TEXT	LMAN	10870	48933	0	-1	1997-02-11 16:00:05	1997-02-10 12:09:12	244808.0000	48933+2	
2236	Clic!/img/7co001.jpg	TEXT	LMAN	8809	48721	0	-1	1997-02-11 16:00:05	1997-02-10 12:09:12	243748.0000	48721+1	
2124	Clic!/img/7co002.jpg	TEXT	LMAN	8654	48555	0	-1	1997-02-11 16:00:05	1997-02-10 12:09:12	242918.0000	48555+1	
2352	Clic!/img/7co003.jpg	TEXT	LMAN	11275	48925	0	-1	1997-02-11 16:00:05	1997-02-10 12:09:12	244768.0000	48925+2	
2334	Clic!/img/7ge001.jpg	TEXT	LMAN	16879	48881	0	-1	1997-02-11 16:00:05	1997-02-10 12:09:12	244548.0000	48881+2	
2204	Clic!/img/7ge002.jpg	TEXT	LMAN	12496	48665	0	-1	1997-02-11 16:00:05	1997-02-10 12:09:14	243468.0000	48665+2	
2093	Clic!/img/7ge003.jpg	TEXT	LMAN	16306	48476	0	-1	1997-02-11 16:00:05	1997-02-10 12:09:14	242523.0000	48476+2	
2328	Clic!/img/7ge004.jpg	TEXT	LMAN	17630	48874	0	-1	1997-02-11 16:00:06	1997-02-10 12:09:14	244513.0000	48874+2	
2095	Clic!/img/7gi001.jpg	TEXT	LMAN	8778	48479	0	-1	1997-02-11 16:00:06	1997-02-10 12:09:14	242538.0000	48479+1	
2330	Clic!/img/7gi002.jpg	TEXT	LMAN	8767	48877	0	-1	1997-02-11 16:00:06	1997-02-10 12:09:14	244528.0000	48877+1	
2200	Clic!/img/7gi003.jpg	TEXT	LMAN	11828	48660	0	-1	1997-02-11 16:00:06	1997-02-10 12:09:16	243443.0000	48660+2	
2090	Clic!/img/7gi004.jpg	TEXT	LMAN	5422	48473	0	-1	1997-02-11 16:00:06	1997-02-10 12:09:16	242508.0000	48473+1	
2325	Clic!/img/7gi005.jpg	TEXT	LMAN	10460	48870	0	-1	1997-02-11 16:00:06	1997-02-10 12:09:16	244493.0000	48870+2	
2128	Clic!/img/7st001.jpg	TEXT	LMAN	13743	48559	0	-1	1997-02-11 16:00:06	1997-02-10 12:09:16	242938.0000	48559+2	
2355	Clic!/img/7st002.jpg	TEXT	LMAN	12521	48929	0	-1	1997-02-11 16:00:06	1997-02-10 12:09:16	244788.0000	48929+2	
2112	Clic!/img/7tu001.jpg	TEXT	LMAN	16557	48526	0	-1	1997-02-11 16:00:06	1997-02-10 12:09:16	242773.0000	48526+2	
2344	Clic!/img/7tu002.jpg	TEXT	LMAN	14659	48910	0	-1	1997-02-11 16:00:06	1997-02-10 12:09:18	244693.0000	48910+2	
2222	Clic!/img/7tu003.jpg	TEXT	LMAN	10795	48698	0	-1	1997-02-11 16:00:06	1997-02-10 12:09:18	243633.0000	48698+2	
2110	Clic!/img/7tu004.jpg	TEXT	LMAN	6790	49505	0	-1	1997-02-11 16:00:06	1997-02-10 12:09:18	247668.0000	49505+1	
2342	Clic!/img/7tu005.jpg	TEXT	LMAN	12192	48907	0	-1	1997-02-11 16:00:06	1997-02-10 12:09:18	244678.0000	48907+2	
2220	Clic!/img/7tu006.jpg	TEXT	LMAN	8309	48696	0	-1	1997-02-11 16:00:06	1997-02-10 12:09:18	243623.0000	48696+1	
2109	Clic!/img/7tu007.jpg	TEXT	LMAN	8658	49506	0	-1	1997-02-11 16:00:06	1997-02-10 12:09:18	247673.0000	49506+1	
2341	Clic!/img/7tu008.jpg	TEXT	LMAN	10447	48905	0	-1	1997-02-11 16:00:06	1997-02-10 12:09:18	244668.0000	48905+2	
2219	Clic!/img/7tu009.jpg	TEXT	LMAN	4416	48695	0	-1	1997-02-11 16:00:06	1997-02-10 12:09:20	243618.0000	48695+1	
2113	Clic!/img/7tu010.jpg	TEXT	LMAN	4416	48528	0	-1	1997-02-11 16:00:06	1997-02-10 12:09:20	242783.0000	48528+1	
2345	Clic!/img/7tu011.jpg	TEXT	LMAN	11698	48912	0	-1	1997-02-11 16:00:06	1997-02-10 12:09:20	244703.0000	48912+2	
2223	Clic!/img/7tu012.jpg	TEXT	LMAN	4978	48700	0	-1	1997-02-11 16:00:06	1997-02-10 12:09:20	243643.0000	48700+1	
2111	Clic!/img/7tu013.jpg	TEXT	LMAN	4416	49521	0	-1	1997-02-11 16:00:06	1997-02-10 12:09:20	247748.0000	49521+1	
2343	Clic!/img/7tu014.jpg	TEXT	LMAN	4416	48909	0	-1	1997-02-11 16:00:06	1997-02-10 12:09:20	244688.0000	48909+1	
2221	Clic!/img/7tu015.jpg	TEXT	LMAN	5696	48697	0	-1	1997-02-11 16:00:07	1997-02-10 12:09:22	243628.0000	48697+1	
2305	Clic!/img/9ar001.gif	TEXT	LMAN	33780	48841	0	-1	1997-02-11 16:00:07	1997-02-10 12:09:22	244348.0000	48841+4	
2246	Clic!/img/9ar001.jpg	TEXT	LMAN	65061	48737	0	-1	1997-02-11 16:00:07	1997-02-10 12:09:22	243828.0000	48737+7	
2186	Clic!/img/9ar002.gif	TEXT	LMAN	32241	48641	0	-1	1997-02-11 16:00:07	1997-02-10 12:09:22	243348.0000	48641+4	
2131	Clic!/img/9ar002.jpg	TEXT	LMAN	64939	48563	0	-1	1997-02-11 16:00:07	1997-02-10 12:09:22	242958.0000	48563+7	
2428	Clic!/img/9ar003.gif	TEXT	LMAN	47179	49043	0	-1	1997-02-11 16:00:08	1997-02-10 12:09:24	245358.0000	49043+5	
2360	Clic!/img/9ar003.jpg	TEXT	LMAN	110252	48937	0	-1	1997-02-11 16:00:08	1997-02-10 12:09:24	244828.0000	48937+11	
2304	Clic!/img/9ar004.gif	TEXT	LMAN	25430	48838	0	-1	1997-02-11 16:00:08	1997-02-10 12:09:24	244333.0000	48838+3	
2245	Clic!/img/9ar004.jpg	TEXT	LMAN	44488	48732	0	-1	1997-02-11 16:00:08	1997-02-10 12:09:24	243803.0000	48732+5	
2167	Clic!/img/9ca001.gif	TEXT	LMAN	10506	48618	0	-1	1997-02-11 16:00:08	1997-02-10 12:09:24	243233.0000	48618+2	
2143	Clic!/img/9gi002.gif	TEXT	LMAN	9010	48586	0	-1	1997-02-11 16:00:08	1997-02-10 12:09:24	243073.0000	48586+1	
2261	Clic!/img/9gi004.gif	TEXT	LMAN	7023	48764	0	-1	1997-02-11 16:00:08	1997-02-10 12:09:26	243963.0000	48764+1	
2142	Clic!/img/9gi005.gif	TEXT	LMAN	9668	48585	0	-1	1997-02-11 16:00:08	1997-02-10 12:09:26	243068.0000	48585+1	
2370	Clic!/img/9gi006.gif	TEXT	LMAN	13651	48959	0	-1	1997-02-11 16:00:08	1997-02-10 12:09:26	244938.0000	48959+2	
2314	Clic!/img/9la001.gif	TEXT	LMAN	10970	48854	0	-1	1997-02-11 16:00:08	1997-02-10 12:09:26	244413.0000	48854+2	
2436	Clic!/img/9mu001.gif	TEXT	LMAN	11725	49057	0	-1	1997-02-11 16:00:08	1997-02-10 12:09:26	245428.0000	49057+2	
2433	Clic!/img/9na001.gif	TEXT	LMAN	13034	49053	0	-1	1997-02-11 16:00:08	1997-02-10 12:09:26	245408.0000	49053+2	
2429	Clic!/img/9pc001.gif	TEXT	LMAN	9046	49048	0	-1	1997-02-11 16:00:08	1997-02-10 12:09:28	245383.0000	49048+1	
2188	Clic!/img/9pc003.gif	TEXT	LMAN	10400	48646	0	-1	1997-02-11 16:00:08	1997-02-10 12:09:28	243373.0000	48646+2	
2281	Clic!/img/9so002.gif	TEXT	LMAN	11647	48809	0	-1	1997-02-11 16:00:08	1997-02-10 12:09:28	244188.0000	48809+2	
2233	Clic!/img/9so002.jpg	TEXT	LMAN	31894	48714	0	-1	1997-02-11 16:00:09	1997-02-10 12:09:28	243713.0000	48714+4	
2164	Clic!/img/9so003.gif	TEXT	LMAN	15036	48614	0	-1	1997-02-11 16:00:09	1997-02-10 12:09:28	243213.0000	48614+2	
2120	Clic!/img/9so003.jpg	TEXT	LMAN	46541	48544	0	-1	1997-02-11 16:00:09	1997-02-10 12:09:28	242863.0000	48544+5	
2283	Clic!/img/9st001.gif	TEXT	LMAN	11937	48812	0	-1	1997-02-11 16:00:09	1997-02-10 12:09:30	244203.0000	48812+2	
2165	Clic!/img/9st002.gif	TEXT	LMAN	8265	48616	0	-1	1997-02-11 16:00:09	1997-02-10 12:09:30	243223.0000	48616+1	
2123	Clic!/img/9st002.jpg	TEXT	LMAN	31482	48551	0	-1	1997-02-11 16:00:09	1997-02-10 12:09:30	242898.0000	48551+4	
2398	Clic!/img/9st003.gif	TEXT	LMAN	10260	49001	0	-1	1997-02-11 16:00:09	1997-02-10 12:09:30	245148.0000	49001+2	
2351	Clic!/img/9st003.jpg	TEXT	LMAN	26341	48922	0	-1	1997-02-11 16:00:09	1997-02-10 12:09:30	244753.0000	48922+3	
2280	Clic!/img/9st004.gif	TEXT	LMAN	31655	48805	0	-1	1997-02-11 16:00:09	1997-02-10 12:09:30	244168.0000	48805+4	
2230	Clic!/img/9st004.jpg	TEXT	LMAN	40660	48708	0	-1	1997-02-11 16:00:09	1997-02-10 12:09:30	243683.0000	48708+4	
2162	Clic!/img/9st005.gif	TEXT	LMAN	3466	48611	0	-1	1997-02-11 16:00:09	1997-02-10 12:09:32	243198.0000	48611+1	
2397	Clic!/img/9st006.gif	TEXT	LMAN	5929	49000	0	-1	1997-02-11 16:00:09	1997-02-10 12:09:32	245143.0000	49000+1	
2348	Clic!/img/9st006.jpg	TEXT	LMAN	15142	48917	0	-1	1997-02-11 16:00:09	1997-02-10 12:09:32	244728.0000	48917+2	
2260	Clic!/img/abruzzo.gif	TEXT	LMAN	1367	48763	0	-1	1997-02-11 16:00:10	1997-02-10 12:09:32	243958.0000	48763+1	
2290	Clic!/img/acer.gif	TEXT	LMAN	8068	48820	0	-1	1997-02-11 16:00:10	1997-02-10 12:09:32	244243.0000	48820+1	
2427	Clic!/img/antepr.gif	TEXT	LMAN	6365	49042	0	-1	1997-02-11 16:00:10	1997-02-10 12:09:32	245353.0000	49042+1	
2243	Clic!/img/antepr.thn	TEXT	LMAN	9480	48730	0	-1	1997-02-11 16:00:10	1997-02-10 12:09:34	243793.0000	48730+1	
2300	Clic!/img/antonia.gif	TEXT	LMAN	16799	48832	0	-1	1997-02-11 16:00:10	1997-02-10 12:09:34	244303.0000	48832+2	
2161	Clic!/img/aptiva.gif	TEXT	LMAN	6012	48610	0	-1	1997-02-11 16:00:10	1997-02-10 12:09:34	243193.0000	48610+1	
2317	Clic!/img/ast.gif	TEXT	LMAN	7093	48861	0	-1	1997-02-11 16:00:10	1997-02-10 12:09:34	244448.0000	48861+1	
2416	Clic!/img/basil.gif	TEXT	LMAN	1377	49021	0	-1	1997-02-11 16:00:10	1997-02-11 08:57:56	245248.0000	49021+1	
2179	Clic!/img/basse.gif	TEXT	LMAN	10486	48632	0	-1	1997-02-11 16:00:10	1997-02-11 08:57:56	243303.0000	48632+2	
2313	Clic!/img/bigfoot.gif	TEXT	LMAN	852	48853	0	-1	1997-02-11 16:00:10	1997-02-11 08:57:56	244408.0000	48853+1	
2157	Clic!/img/bottoni.gif	TEXT	LMAN	1302	48605	0	-1	1997-02-11 16:00:10	1997-02-11 08:57:58	243168.0000	48605+1	
2391	Clic!/img/bottoni.map	TEXT	LMAN	869	48992	0	-1	1997-02-11 16:00:10	1997-02-11 08:57:58	245103.0000	48992+1	
2368	Clic!/img/bt_map.map	TEXT	LMAN	228	48957	0	-1	1997-02-11 16:00:10	1997-02-11 08:57:58	244928.0000	48957+1	
2306	Clic!/img/business_tool.gif	TEXT	LMAN	1975	48845	0	-1	1997-02-11 16:00:11	1997-02-11 08:57:58	244368.0000	48845+1	
2187	Clic!/img/b_chi297.gif	TEXT	LMAN	2933	48645	0	-1	1997-02-11 16:00:10	1997-02-10 12:09:34	243368.0000	48645+1	
2185	Clic!/img/b_diz297.gif	TEXT	LMAN	2031	48640	0	-1	1997-02-11 16:00:10	1997-02-10 12:09:34	243343.0000	48640+1	
2312	Clic!/img/b_hel297.gif	TEXT	LMAN	2031	48852	0	-1	1997-02-11 16:00:10	1997-02-10 12:09:34	244403.0000	48852+1	
2321	Clic!/img/b_pag297.gif	TEXT	LMAN	2042	48866	0	-1	1997-02-11 16:00:10	1997-02-10 12:09:36	244473.0000	48866+1	
2426	Clic!/img/b_pia297.gif	TEXT	LMAN	2036	49041	0	-1	1997-02-11 16:00:10	1997-02-10 12:09:36	245348.0000	49041+1	
2435	Clic!/img/b_ret297.gif	TEXT	LMAN	2074	49056	0	-1	1997-02-11 16:00:10	1997-02-10 12:09:36	245423.0000	49056+1	
2301	Clic!/img/b_retx297.gif	TEXT	LMAN	2074	48834	0	-1	1997-02-11 16:00:10	1997-02-10 12:09:36	244313.0000	48834+1	
2425	Clic!/img/b_ric297.gif	TEXT	LMAN	2061	49040	0	-1	1997-02-11 16:00:10	1997-02-11 08:57:56	245343.0000	49040+1	
2178	Clic!/img/b_ricx.gif	TEXT	LMAN	2040	48631	0	-1	1997-02-11 16:00:10	1997-02-11 08:57:56	243298.0000	48631+1	
2146	Clic!/img/b_ricx11.gif	TEXT	LMAN	2157	48590	0	-1	1997-02-11 16:00:10	1997-02-11 08:57:56	243093.0000	48590+1	
2376	Clic!/img/b_ricx12.gif	TEXT	LMAN	2147	48967	0	-1	1997-02-11 16:00:10	1997-02-11 08:57:56	244978.0000	48967+1	
2369	Clic!/img/b_som297.gif	TEXT	LMAN	3045	48958	0	-1	1997-02-11 16:00:10	1997-02-11 08:57:56	244933.0000	48958+1	
2417	Clic!/img/cafe.map	TEXT	LMAN	1127	49022	0	-1	1997-02-11 16:00:11	1997-02-11 08:57:58	245253.0000	49022+1	
2244	Clic!/img/cafe.map.old	TEXT	LMAN	1127	48731	0	-1	1997-02-11 16:00:11	1997-02-11 08:57:58	243798.0000	48731+1	
2153	Clic!/img/cafe_t.map	TEXT	LMAN	1155	48599	0	-1	1997-02-11 16:00:11	1997-02-11 08:57:58	243138.0000	48599+1	
2134	Clic!/img/cafe_t.map.old	TEXT	LMAN	1155	48572	0	-1	1997-02-11 16:00:11	1997-02-11 08:57:58	243003.0000	48572+1	
2311	Clic!/img/calabria.gif	TEXT	LMAN	5548	48851	0	-1	1997-02-11 16:00:11	1997-02-11 08:58:00	244398.0000	48851+1	
2438	Clic!/img/campania.gif	TEXT	LMAN	1416	49061	0	-1	1997-02-11 16:00:11	1997-02-11 08:58:00	245448.0000	49061+1	
2103	Clic!/img/Casper.jpg	TEXT	LMAN	11046	48492	0	-1	1997-02-11 16:00:11	1997-02-11 08:58:00	242603.0000	48492+2	
2319	Clic!/img/centro.gif	TEXT	LMAN	1523	48864	0	-1	1997-02-11 16:00:11	1997-02-11 08:58:00	244463.0000	48864+1	
2444	Clic!/img/centro1.gif	TEXT	LMAN	2206	49069	0	-1	1997-02-11 16:00:11	1997-02-11 08:58:00	245488.0000	49069+1	
2195	Clic!/img/centro2.gif	TEXT	LMAN	1915	48655	0	-1	1997-02-11 16:00:11	1997-02-11 08:58:00	243418.0000	48655+1	
2320	Clic!/img/centro3.gif	TEXT	LMAN	2117	48865	0	-1	1997-02-11 16:00:11	1997-02-11 08:58:00	244468.0000	48865+1	
2378	Clic!/img/chisiamo.gif	TEXT	LMAN	19392	48970	0	-1	1997-02-11 16:00:11	1997-02-11 08:58:02	244993.0000	48970+2	
2431	Clic!/img/clic297.map	TEXT	LMAN	642	49051	0	-1	1997-02-11 16:00:11	1997-02-11 08:58:02	245398.0000	49051+1	
2274	Clic!/img/clic6.map	TEXT	LMAN	925	48799	0	-1	1997-02-11 16:00:11	1997-02-11 08:58:02	244138.0000	48799+1	
2394	Clic!/img/clic7.map	TEXT	LMAN	877	48996	0	-1	1997-02-11 16:00:11	1997-02-11 08:58:02	245123.0000	48996+1	
2393	Clic!/img/clic9.gif	TEXT	LMAN	6863	48995	0	-1	1997-02-11 16:00:11	1997-02-11 08:58:02	245118.0000	48995+1	
2273	Clic!/img/clic9.map	TEXT	LMAN	871	48798	0	-1	1997-02-11 16:00:11	1997-02-11 08:58:02	244133.0000	48798+1	
2373	Clic!/img/cliccloc.gif	TEXT	LMAN	7389	48963	0	-1	1997-02-11 16:00:11	1997-02-11 08:58:02	244958.0000	48963+1	
2264	Clic!/img/clicfeb97.gif	TEXT	LMAN	18535	48774	0	-1	1997-02-11 16:00:11	1997-02-11 08:58:02	244013.0000	48774+2	
2377	Clic!/img/clicgen97.gif	TEXT	LMAN	15679	48968	0	-1	1997-02-11 16:00:11	1997-02-11 08:58:04	244983.0000	48968+2	
2156	Clic!/img/coda.gif	TEXT	LMAN	10838	48603	0	-1	1997-02-11 16:00:11	1997-02-11 08:58:04	243158.0000	48603+2	
2276	Clic!/img/compaq.gif	TEXT	LMAN	6920	48801	0	-1	1997-02-11 16:00:11	1997-02-11 08:58:04	244148.0000	48801+1	
2309	Clic!/img/copclic6.gif	TEXT	LMAN	15161	48848	0	-1	1997-02-11 16:00:11	1997-02-11 08:58:04	244383.0000	48848+2	
2252	Clic!/img/copclic6.jpg	TEXT	LMAN	30612	48752	0	-1	1997-02-11 16:00:11	1997-02-11 08:58:04	243903.0000	48752+3	
2181	Clic!/img/copertina.gif	TEXT	LMAN	15019	48635	0	-1	1997-02-11 16:00:11	1997-02-11 08:58:04	243318.0000	48635+2	
2242	Clic!/img/copertina.jpg	TEXT	LMAN	8058	48729	0	-1	1997-02-11 16:00:11	1997-02-11 08:58:06	243788.0000	48729+1	
2155	Clic!/img/cover.gif	TEXT	LMAN	16127	48601	0	-1	1997-02-11 16:00:11	1997-02-11 08:58:06	243148.0000	48601+2	
2695	Clic!/img/cover.jpg	TEXT	LMAN	141263	49507	0	-1	1997-02-11 16:00:12	1997-02-13 19:04:36	247678.0000	49507+14	
2430	Clic!/img/coverstory.gif	TEXT	LMAN	16756	49049	0	-1	1997-02-11 16:00:12	1997-02-11 08:58:06	245388.0000	49049+2	
2381	Clic!/img/credits.gif	TEXT	LMAN	676	48974	0	-1	1997-02-11 16:00:12	1997-02-11 08:58:06	245013.0000	48974+1	
2316	Clic!/img/dizionario.gif	TEXT	LMAN	19878	48859	0	-1	1997-02-11 16:00:12	1997-02-11 08:58:06	244438.0000	48859+2	
2440	Clic!/img/dizionariox.gif	TEXT	LMAN	19185	49064	0	-1	1997-02-11 16:00:12	1997-02-11 08:58:06	245463.0000	49064+2	
2696	Clic!/img/feb97.gif	TEXT	LMAN	18532	49432	0	-1	1997-02-11 16:00:12	1997-02-13 20:34:20	247303.0000	49432+2	
2371	Clic!/img/friuli.gif	TEXT	LMAN	1389	48961	0	-1	1997-02-11 16:00:12	1997-02-11 08:58:08	244948.0000	48961+1	
2295	Clic!/img/gatti.gif	TEXT	LMAN	2934	48827	0	-1	1997-02-11 16:00:12	1997-02-11 08:58:08	244278.0000	48827+1	
2315	Clic!/img/giochi2.gif	TEXT	LMAN	22899	48856	0	-1	1997-02-11 16:00:12	1997-02-11 08:58:08	244423.0000	48856+3	
2256	Clic!/img/GIOCHI4.JPG	TEXT	LMAN	11684	48758	0	-1	1997-02-11 16:00:12	1997-02-11 08:58:08	243933.0000	48758+2	
2158	Clic!/img/glamm.gif	TEXT	LMAN	18090	48606	0	-1	1997-02-11 16:00:18	1997-02-11 08:58:08	243173.0000	48606+2	
2224	Clic!/img/glamm.jpg	TEXT	LMAN	3428	48701	0	-1	1997-02-11 16:00:19	1997-02-11 08:58:08	243648.0000	48701+1	
2267	Clic!/img/hammer.gif	TEXT	LMAN	71790	48780	0	-1	1997-02-11 16:00:12	1997-02-11 08:58:10	244043.0000	48780+8	
2396	Clic!/img/help.gif	TEXT	LMAN	14951	48998	0	-1	1997-02-11 16:00:12	1997-02-11 08:58:10	245133.0000	48998+2	
2163	Clic!/img/helpx.gif	TEXT	LMAN	13446	48612	0	-1	1997-02-11 16:00:12	1997-02-11 08:58:10	243203.0000	48612+2	
2217	Clic!/img/home.html	TEXT	LMAN	2821	48692	0	-1	1997-02-11 16:00:12	1997-02-11 08:58:10	243603.0000	48692+1	
2900	Clic!/img/home1.jpg	TEXT	LMAN	223874	49483	0	-1	1997-02-13 11:38:44	1997-02-13 13:37:38	247558.0000	49483+22	
2422	Clic!/img/homemax.gif	TEXT	LMAN	64353	49031	0	-1	1997-02-11 16:00:12	1997-02-11 08:58:10	245298.0000	49031+7	
2374	Clic!/img/icona1.gif	TEXT	LMAN	12773	48964	0	-1	1997-02-11 16:00:19	1997-02-11 08:58:12	244963.0000	48964+2	
2262	Clic!/img/icona2.gif	TEXT	LMAN	2964	48765	0	-1	1997-02-11 16:00:19	1997-02-11 08:58:12	243968.0000	48765+1	
2144	Clic!/img/icona3.gif	TEXT	LMAN	4275	48587	0	-1	1997-02-11 16:00:19	1997-02-11 11:37:50	243078.0000	48587+1	
2099	Clic!/img/icona3.jpg	TEXT	LMAN	10547	48483	0	-1	1997-02-13 11:38:44	1997-02-13 11:29:46	242558.0000	48483+2	
2372	Clic!/img/icona4.gif	TEXT	LMAN	2787	48962	0	-1	1997-02-11 16:00:19	1997-02-11 10:31:52	244953.0000	48962+1	
2193	Clic!/img/ico_topo.gif	TEXT	LMAN	1779	48653	0	-1	1997-02-11 16:00:13	1997-02-11 08:58:12	243408.0000	48653+1	
2150	Clic!/img/it12.gif	TEXT	LMAN	9404	48594	0	-1	1997-02-11 16:00:13	1997-02-11 08:58:12	243113.0000	48594+1	
2432	Clic!/img/italia12.gif	TEXT	LMAN	9412	49052	0	-1	1997-02-11 16:00:13	1997-02-11 08:58:14	245403.0000	49052+1	
2148	Clic!/img/itdot.gif	TEXT	LMAN	3295	48592	0	-1	1997-02-11 16:00:13	1997-02-11 12:21:16	243103.0000	48592+1	
2382	Clic!/img/itdot.map	TEXT	LMAN	3524	48975	0	-1	1997-02-11 16:00:13	1997-02-11 08:58:14	245018.0000	48975+1	
2145	Clic!/img/lapiazza.gif	TEXT	LMAN	18153	48588	0	-1	1997-02-11 16:00:13	1997-02-11 08:58:14	243083.0000	48588+2	
2415	Clic!/img/lazio.gif	TEXT	LMAN	1482	49020	0	-1	1997-02-11 16:00:13	1997-02-11 08:58:14	245243.0000	49020+1	
2434	Clic!/img/liguria.gif	TEXT	LMAN	1356	49055	0	-1	1997-02-11 16:00:13	1997-02-11 08:58:14	245418.0000	49055+1	
2271	Clic!/img/logo.gif	TEXT	LMAN	1985	48794	0	-1	1997-02-11 16:00:13	1997-02-11 08:58:16	244113.0000	48794+1	
2367	Clic!/img/logometeo.jpg	TEXT	LMAN	2276	48956	0	-1	1997-02-11 16:00:13	1997-02-11 08:58:16	244923.0000	48956+1	
2390	Clic!/img/lomb.gif	TEXT	LMAN	3449	48991	0	-1	1997-02-11 16:00:13	1997-02-11 08:58:16	245098.0000	48991+1	
2268	Clic!/img/mailory.gif	TEXT	LMAN	4329	48788	0	-1	1997-02-11 16:00:13	1997-02-11 08:58:16	244083.0000	48788+1	
2297	Clic!/img/mappa.gif	TEXT	LMAN	9217	48829	0	-1	1997-02-11 16:00:13	1997-02-11 08:58:16	244288.0000	48829+1	
2180	Clic!/img/mappa.map	TEXT	LMAN	333	48634	0	-1	1997-02-11 16:00:13	1997-02-11 08:58:16	243313.0000	48634+1	
2147	Clic!/img/mappa1.gif	TEXT	LMAN	5593	48591	0	-1	1997-02-11 16:00:13	1997-02-11 08:58:18	243098.0000	48591+1	
2275	Clic!/img/marche.gif	TEXT	LMAN	1349	48800	0	-1	1997-02-11 16:00:14	1997-02-11 08:58:18	244143.0000	48800+1	
2413	Clic!/img/mart.gif	TEXT	LMAN	3260	49017	0	-1	1997-02-11 16:00:14	1997-02-11 08:58:18	245228.0000	49017+1	
2405	Clic!/img/mese.gif	TEXT	LMAN	1265	49009	0	-1	1997-02-11 16:00:14	1997-02-11 08:58:18	245188.0000	49009+1	
2310	Clic!/img/microlink.gif	TEXT	LMAN	4193	48850	0	-1	1997-02-11 16:00:14	1997-02-11 08:58:18	244393.0000	48850+1	
2298	Clic!/img/molise.gif	TEXT	LMAN	1332	48830	0	-1	1997-02-11 16:00:14	1997-02-11 08:58:18	244293.0000	48830+1	
2154	Clic!/img/mond.gif	TEXT	LMAN	1031	48600	0	-1	1997-02-11 16:00:14	1997-02-11 08:58:18	243143.0000	48600+1	
2308	Clic!/img/mondador.gif	TEXT	LMAN	1295	48847	0	-1	1997-02-11 16:00:14	1997-02-11 08:58:18	244378.0000	48847+1	
2277	Clic!/img/motore.gif	TEXT	LMAN	4025	48802	0	-1	1997-02-11 16:00:14	1997-02-11 08:58:20	244153.0000	48802+1	
2441	Clic!/img/newzed.gif	TEXT	LMAN	4235	49066	0	-1	1997-02-11 16:00:14	1997-02-11 08:58:20	245473.0000	49066+1	
2439	Clic!/img/olivetti.gif	TEXT	LMAN	12210	49062	0	-1	1997-02-11 16:00:14	1997-02-11 08:58:20	245453.0000	49062+2	
2107	Clic!/img/orsay.jpg	TEXT	LMAN	8090	48501	0	-1	1997-02-11 16:00:19	1997-02-11 13:59:34	242648.0000	48501+1	
2419	Clic!/img/pacco.gif	TEXT	LMAN	24899	49024	0	-1	1997-02-11 16:00:14	1997-02-11 08:58:20	245263.0000	49024+3	
2272	Clic!/img/pagella.gif	TEXT	LMAN	20502	48795	0	-1	1997-02-11 16:00:14	1997-02-11 08:58:20	244118.0000	48795+3	
2303	Clic!/img/pagellax.gif	TEXT	LMAN	19829	48836	0	-1	1997-02-11 16:00:14	1997-02-11 08:58:20	244323.0000	48836+2	
2190	Clic!/img/Pal_m_16.gif	TEXT	LMAN	13064	48649	0	-1	1997-02-11 16:00:14	1997-02-11 08:58:22	243388.0000	48649+2	
2279	Clic!/img/pette.gif	TEXT	LMAN	2825	48804	0	-1	1997-02-11 16:00:14	1997-02-11 08:58:22	244163.0000	48804+1	
2364	Clic!/img/piazzat.jpg	TEXT	LMAN	14779	48952	0	-1	1997-02-11 16:00:14	1997-02-11 08:58:22	244903.0000	48952+2	
2340	Clic!/img/piazzatesta.jpg	TEXT	LMAN	42957	48900	0	-1	1997-02-11 16:00:14	1997-02-11 08:58:22	244643.0000	48900+5	
2160	Clic!/img/piem.gif	TEXT	LMAN	1436	48609	0	-1	1997-02-11 16:00:14	1997-02-11 08:58:22	243188.0000	48609+1	
2116	Clic!/img/pippo.jpg	TEXT	LMAN	21105	48536	0	-1	1997-02-11 16:00:14	1997-02-11 08:58:22	242823.0000	48536+3	
2225	Clic!/img/pippox.pl	TEXT	LMAN	86	48702	0	-1	1997-02-11 16:00:15	1997-02-10 12:10:02	243653.0000	48702+1	
2258	Clic!/img/puglia.gif	TEXT	LMAN	1427	48761	0	-1	1997-02-11 16:00:15	1997-02-11 08:58:22	243948.0000	48761+1	
2259	Clic!/img/quick1.gif	TEXT	LMAN	4926	48762	0	-1	1997-02-11 16:00:15	1997-02-11 08:58:24	243953.0000	48762+1	
2141	Clic!/img/quick2.gif	TEXT	LMAN	2579	48584	0	-1	1997-02-11 16:00:15	1997-02-11 08:58:24	243063.0000	48584+1	
2383	Clic!/img/ra-logo.gif	TEXT	LMAN	681	48976	0	-1	1997-02-11 16:00:15	1997-02-11 08:58:24	245023.0000	48976+1	
2172	Clic!/img/rete.gif	TEXT	LMAN	16138	48624	0	-1	1997-02-11 16:00:15	1997-02-11 08:58:24	243263.0000	48624+2	
2291	Clic!/img/retex.gif	TEXT	LMAN	15590	48821	0	-1	1997-02-11 16:00:15	1997-02-11 08:58:24	244248.0000	48821+2	
2184	Clic!/img/romagna.gif	TEXT	LMAN	1429	48639	0	-1	1997-02-11 16:00:15	1997-02-11 08:58:24	243338.0000	48639+1	
2307	Clic!/img/sardegna.gif	TEXT	LMAN	1168	48846	0	-1	1997-02-11 16:00:15	1997-02-11 08:58:24	244373.0000	48846+1	
2379	Clic!/img/scritta1.gif	TEXT	LMAN	1196	48972	0	-1	1997-02-11 16:00:15	1997-02-11 08:58:24	245003.0000	48972+1	
2278	Clic!/img/sett.gif	TEXT	LMAN	1420	48803	0	-1	1997-02-11 16:00:15	1997-02-11 08:58:26	244158.0000	48803+1	
2442	Clic!/img/sfondo.gif	TEXT	LMAN	92	49067	0	-1	1997-02-11 16:00:15	1997-02-11 08:58:26	245478.0000	49067+1	
2194	Clic!/img/sfondo1.gif	TEXT	LMAN	333	48654	0	-1	1997-02-11 16:00:15	1997-02-11 08:58:26	243413.0000	48654+1	
2418	Clic!/img/sfondoDUE.gif	TEXT	LMAN	129	49023	0	-1	1997-02-11 16:00:15	1997-02-11 08:58:26	245258.0000	49023+1	
2299	Clic!/img/sfondoTRE.gif	TEXT	LMAN	129	48831	0	-1	1997-02-11 16:00:15	1997-02-11 08:58:26	244298.0000	48831+1	
2420	Clic!/img/sfondoUNO.gif	TEXT	LMAN	129	49027	0	-1	1997-02-11 16:00:15	1997-02-11 08:58:26	245278.0000	49027+1	
2191	Clic!/img/sicilia.gif	TEXT	LMAN	1377	48651	0	-1	1997-02-11 16:00:15	1997-02-11 08:58:26	243398.0000	48651+1	
2257	Clic!/img/striscia.jpg	TEXT	LMAN	1003	48760	0	-1	1997-02-11 16:00:15	1997-02-11 08:58:26	243943.0000	48760+1	
2266	Clic!/img/svil.gif	TEXT	LMAN	6712	48779	0	-1	1997-02-11 16:00:15	1997-02-11 08:58:26	244038.0000	48779+1	
2318	Clic!/img/TESTA_A.gif	TEXT	LMAN	18456	48862	0	-1	1997-02-11 16:00:15	1997-02-11 08:58:28	244453.0000	48862+2	
2265	Clic!/img/testa_a_old.gif	TEXT	LMAN	20499	48776	0	-1	1997-02-11 16:00:15	1997-02-11 08:58:28	244023.0000	48776+3	
2443	Clic!/img/TESTA_B.gif	TEXT	LMAN	1530	49068	0	-1	1997-02-11 16:00:15	1997-02-11 08:58:28	245483.0000	49068+1	
2380	Clic!/img/TESTA_B_old.gif	TEXT	LMAN	1586	48973	0	-1	1997-02-11 16:00:15	1997-02-11 08:58:28	245008.0000	48973+1	
2192	Clic!/img/toparanc.gif	TEXT	LMAN	880	48652	0	-1	1997-02-11 16:00:15	1997-02-11 08:58:28	243403.0000	48652+1	
2189	Clic!/img/toprosso.gif	TEXT	LMAN	875	48648	0	-1	1997-02-11 16:00:16	1997-02-11 08:58:28	243383.0000	48648+1	
2296	Clic!/img/topverde.gif	TEXT	LMAN	878	48828	0	-1	1997-02-11 16:00:16	1997-02-11 08:58:28	244283.0000	48828+1	
2182	Clic!/img/toscana.gif	TEXT	LMAN	1445	48637	0	-1	1997-02-11 16:00:16	1997-02-11 08:58:30	243328.0000	48637+1	
2375	Clic!/img/trento.gif	TEXT	LMAN	1394	48966	0	-1	1997-02-11 16:00:16	1997-02-11 08:58:30	244973.0000	48966+1	
2424	Clic!/img/umbria.gif	TEXT	LMAN	5835	49039	0	-1	1997-02-11 16:00:16	1997-02-11 08:58:30	245338.0000	49039+1	
2437	Clic!/img/UNTITLE6.GIF	TEXT	LMAN	16514	49059	0	-1	1997-02-11 16:00:16	1997-02-11 08:58:30	245438.0000	49059+2	
2139	Clic!/img/veneto.gif	TEXT	LMAN	5778	48581	0	-1	1997-02-11 16:00:16	1997-02-11 08:58:30	243048.0000	48581+1	
2159	Clic!/img/viewer_tv.gif	TEXT	LMAN	2676	48608	0	-1	1997-02-11 16:00:16	1997-02-11 08:58:30	243183.0000	48608+1	
2226	Clic!/img/ville.jpg	TEXT	LMAN	12604	48703	0	-1	1997-02-11 16:00:19	1997-02-11 13:59:26	243658.0000	48703+2	
2395	Clic!/img/viora.gif	TEXT	LMAN	2544	48997	0	-1	1997-02-11 16:00:16	1997-02-11 08:58:30	245128.0000	48997+1	
2407	Clic!/img/voto54.gif	TEXT	LMAN	2788	49011	0	-1	1997-02-11 16:00:16	1997-02-11 08:58:32	245198.0000	49011+1	
2409	Clic!/img/voto63.gif	TEXT	LMAN	2866	49013	0	-1	1997-02-11 16:00:16	1997-02-11 08:58:32	245208.0000	49013+1	
2403	Clic!/img/voto66.gif	TEXT	LMAN	2840	49007	0	-1	1997-02-11 16:00:16	1997-02-11 08:58:32	245178.0000	49007+1	
2168	Clic!/img/voto68.gif	TEXT	LMAN	2781	48620	0	-1	1997-02-11 16:00:16	1997-02-11 08:58:32	243243.0000	48620+1	
2399	Clic!/img/voto69.gif	TEXT	LMAN	2876	49003	0	-1	1997-02-11 16:00:16	1997-02-11 08:58:32	245158.0000	49003+1	
2293	Clic!/img/voto70.gif	TEXT	LMAN	2781	48824	0	-1	1997-02-11 16:00:16	1997-02-11 08:58:32	244263.0000	48824+1	
2176	Clic!/img/voto71.gif	TEXT	LMAN	2180	48629	0	-1	1997-02-11 16:00:16	1997-02-11 08:58:34	243288.0000	48629+1	
2410	Clic!/img/voto72.gif	TEXT	LMAN	2222	49014	0	-1	1997-02-11 16:00:16	1997-02-11 08:58:34	245213.0000	49014+1	
2288	Clic!/img/voto73.gif	TEXT	LMAN	2697	48818	0	-1	1997-02-11 16:00:16	1997-02-11 08:58:34	244233.0000	48818+1	
2173	Clic!/img/voto74.gif	TEXT	LMAN	2154	48626	0	-1	1997-02-11 16:00:16	1997-02-11 08:58:34	243273.0000	48626+1	
2404	Clic!/img/voto75.gif	TEXT	LMAN	2750	49008	0	-1	1997-02-11 16:00:16	1997-02-11 08:58:34	245183.0000	49008+1	
2285	Clic!/img/voto76.gif	TEXT	LMAN	2240	48815	0	-1	1997-02-11 16:00:16	1997-02-11 08:58:34	244218.0000	48815+1	
2169	Clic!/img/voto77.gif	TEXT	LMAN	2567	48621	0	-1	1997-02-11 16:00:16	1997-02-11 08:58:36	243248.0000	48621+1	
2400	Clic!/img/voto78.gif	TEXT	LMAN	2770	49004	0	-1	1997-02-11 16:00:16	1997-02-11 08:58:36	245163.0000	49004+1	
2282	Clic!/img/voto79.gif	TEXT	LMAN	2719	48811	0	-1	1997-02-11 16:00:16	1997-02-11 08:58:36	244198.0000	48811+1	
2177	Clic!/img/voto80.gif	TEXT	LMAN	2865	48630	0	-1	1997-02-11 16:00:16	1997-02-11 08:58:36	243293.0000	48630+1	
2411	Clic!/img/voto81.gif	TEXT	LMAN	2188	49015	0	-1	1997-02-11 16:00:16	1997-02-11 08:58:36	245218.0000	49015+1	
2289	Clic!/img/voto82.gif	TEXT	LMAN	2766	48819	0	-1	1997-02-11 16:00:17	1997-02-11 08:58:36	244238.0000	48819+1	
2174	Clic!/img/voto83.gif	TEXT	LMAN	2773	48627	0	-1	1997-02-11 16:00:17	1997-02-11 08:58:36	243278.0000	48627+1	
2406	Clic!/img/voto84.gif	TEXT	LMAN	2728	49010	0	-1	1997-02-11 16:00:17	1997-02-11 08:58:38	245193.0000	49010+1	
2286	Clic!/img/voto85.gif	TEXT	LMAN	2774	48816	0	-1	1997-02-11 16:00:17	1997-02-11 08:58:38	244223.0000	48816+1	
2170	Clic!/img/voto86.gif	TEXT	LMAN	2780	48622	0	-1	1997-02-11 16:00:17	1997-02-11 08:58:38	243253.0000	48622+1	
2401	Clic!/img/voto87.gif	TEXT	LMAN	2242	49005	0	-1	1997-02-11 16:00:17	1997-02-11 08:58:38	245168.0000	49005+1	
2284	Clic!/img/voto88.gif	TEXT	LMAN	2787	48814	0	-1	1997-02-11 16:00:17	1997-02-11 08:58:38	244213.0000	48814+1	
2166	Clic!/img/voto89.gif	TEXT	LMAN	2796	48617	0	-1	1997-02-11 16:00:17	1997-02-11 08:58:38	243228.0000	48617+1	
2412	Clic!/img/voto90.gif	TEXT	LMAN	2783	49016	0	-1	1997-02-11 16:00:17	1997-02-11 08:58:40	245223.0000	49016+1	
2292	Clic!/img/voto91.gif	TEXT	LMAN	2818	48823	0	-1	1997-02-11 16:00:17	1997-02-11 08:58:40	244258.0000	48823+1	
2175	Clic!/img/voto92.gif	TEXT	LMAN	2833	48628	0	-1	1997-02-11 16:00:17	1997-02-11 08:58:40	243283.0000	48628+1	
2408	Clic!/img/voto93.gif	TEXT	LMAN	2861	49012	0	-1	1997-02-11 16:00:17	1997-02-11 08:58:40	245203.0000	49012+1	
2287	Clic!/img/voto94.gif	TEXT	LMAN	2283	48817	0	-1	1997-02-11 16:00:17	1997-02-11 08:58:40	244228.0000	48817+1	
2171	Clic!/img/voto95.gif	TEXT	LMAN	2863	48623	0	-1	1997-02-11 16:00:17	1997-02-11 08:58:40	243258.0000	48623+1	
2402	Clic!/img/voto96.gif	TEXT	LMAN	2873	49006	0	-1	1997-02-11 16:00:17	1997-02-11 08:58:42	245173.0000	49006+1	
2263	Clic!/img/WS_FTP.LOG	TEXT	LMAN	75089	48766	0	-1	1997-02-11 15:59:59	1997-02-11 13:59:34	243973.0000	48766+8	
2414	Clic!/img/zed1.gif	TEXT	LMAN	12571	49018	0	-1	1997-02-11 16:00:17	1997-02-11 08:58:42	245233.0000	49018+2	
2140	Clic!/img/zeddone.gif	TEXT	LMAN	13827	48582	0	-1	1997-02-11 16:00:17	1997-02-11 08:58:42	243053.0000	48582+2	
2302	Clic!/img/zucchetti1.gif	TEXT	LMAN	1680	48835	0	-1	1997-02-11 16:00:17	1997-02-11 08:58:42	244318.0000	48835+1	
2183	Clic!/img/zucchetti2.gif	TEXT	LMAN	1282	48638	0	-1	1997-02-11 16:00:17	1997-02-11 08:58:42	243333.0000	48638+1	
2423	Clic!/img/zucchetti3.gif	TEXT	LMAN	791	49038	0	-1	1997-02-11 16:00:17	1997-02-11 08:58:42	245333.0000	49038+1	
2446	Clic!/img/clic297/297ar001.jpg	TEXT	LMAN	16788	49070	0	-1	1997-02-11 15:59:57	1997-02-10 12:07:48	245493.0000	49070+2	
2472	Clic!/img/clic297/297ar002.jpg	TEXT	LMAN	14262	49462	0	-1	1997-02-11 15:59:57	1997-02-10 12:07:48	247453.0000	49462+2	
2911	Clic!/img/clic297/297ca001.jpg	TEXT	LMAN	15419	49407	0	-1	1997-02-11 15:59:57	1997-02-10 12:07:50	247178.0000	49407+2	
2912	Clic!/img/clic297/297co000.jpg	TEXT	LMAN	19402	49405	0	-1	1997-02-11 15:59:57	1997-02-10 12:07:50	247168.0000	49405+2	
2935	Clic!/img/clic297/297co001.jpg	TEXT	LMAN	18719	49403	0	-1	1997-02-11 15:59:57	1997-02-10 12:07:50	247158.0000	49403+2	
2922	Clic!/img/clic297/297co002.jpg	TEXT	LMAN	20944	49445	0	-1	1997-02-11 15:59:57	1997-02-10 12:07:50	247368.0000	49445+3	
2910	Clic!/img/clic297/297co003.jpg	TEXT	LMAN	16798	49443	0	-1	1997-02-11 15:59:57	1997-02-10 12:07:50	247358.0000	49443+2	
2934	Clic!/img/clic297/297co004.jpg	TEXT	LMAN	21727	49440	0	-1	1997-02-11 15:59:57	1997-02-10 12:07:50	247343.0000	49440+3	
2906	Clic!/img/clic297/297ge001.jpg	TEXT	LMAN	22213	49411	0	-1	1997-02-11 15:59:57	1997-02-10 12:07:50	247198.0000	49411+3	
2930	Clic!/img/clic297/297ge002.jpg	TEXT	LMAN	15622	49409	0	-1	1997-02-11 15:59:57	1997-02-10 12:07:52	247188.0000	49409+2	
2917	Clic!/img/clic297/297ge003.jpg	TEXT	LMAN	12609	49481	0	-1	1997-02-11 15:59:57	1997-02-10 12:07:52	247548.0000	49481+2	
2904	Clic!/img/clic297/297ge004.jpg	TEXT	LMAN	15283	49479	0	-1	1997-02-11 15:59:57	1997-02-10 12:07:52	247538.0000	49479+2	
2928	Clic!/img/clic297/297ge005.jpg	TEXT	LMAN	17221	49477	0	-1	1997-02-11 15:59:57	1997-02-10 12:07:52	247528.0000	49477+2	
2902	Clic!/img/clic297/297ge007.jpg	TEXT	LMAN	20354	49416	0	-1	1997-02-11 15:59:57	1997-02-10 12:07:52	247223.0000	49416+2	
2926	Clic!/img/clic297/297ge008.jpg	TEXT	LMAN	19738	49414	0	-1	1997-02-11 15:59:57	1997-02-10 12:07:52	247213.0000	49414+2	
2918	Clic!/img/clic297/297gi001.jpg	TEXT	LMAN	17680	49452	0	-1	1997-02-11 15:59:57	1997-02-10 12:07:54	247403.0000	49452+2	
2905	Clic!/img/clic297/297gi002.jpg	TEXT	LMAN	20089	49450	0	-1	1997-02-11 15:59:58	1997-02-10 12:07:54	247393.0000	49450+2	
2929	Clic!/img/clic297/297gi003.jpg	TEXT	LMAN	19605	49448	0	-1	1997-02-11 15:59:58	1997-02-10 12:07:54	247383.0000	49448+2	
2916	Clic!/img/clic297/297gi004.jpg	TEXT	LMAN	15360	49420	0	-1	1997-02-11 15:59:58	1997-02-10 12:07:54	247243.0000	49420+2	
2903	Clic!/img/clic297/297gi005.jpg	TEXT	LMAN	17650	49418	0	-1	1997-02-11 15:59:58	1997-02-10 12:07:54	247233.0000	49418+2	
2927	Clic!/img/clic297/297gi006.jpg	TEXT	LMAN	13548	49475	0	-1	1997-02-11 15:59:58	1997-02-10 12:07:54	247518.0000	49475+2	
2915	Clic!/img/clic297/297gi007.jpg	TEXT	LMAN	15701	49473	0	-1	1997-02-11 15:59:58	1997-02-10 12:07:56	247508.0000	49473+2	
2914	Clic!/img/clic297/297mu001.jpg	TEXT	LMAN	15220	49471	0	-1	1997-02-11 15:59:58	1997-02-10 12:07:56	247498.0000	49471+2	
2901	Clic!/img/clic297/297mu002.jpg	TEXT	LMAN	16803	49469	0	-1	1997-02-11 15:59:58	1997-02-10 12:07:56	247488.0000	49469+2	
2923	Clic!/img/clic297/297st001.jpg	TEXT	LMAN	15116	49438	0	-1	1997-02-11 15:59:58	1997-02-10 12:07:56	247333.0000	49438+2	
2933	Clic!/img/clic297/297ut001.jpg	TEXT	LMAN	14252	49436	0	-1	1997-02-11 15:59:58	1997-02-10 12:07:56	247323.0000	49436+2	
2921	Clic!/img/clic297/297ut002.jpg	TEXT	LMAN	18713	49430	0	-1	1997-02-11 15:59:58	1997-02-10 12:07:56	247293.0000	49430+2	
2909	Clic!/img/clic297/297ut003.jpg	TEXT	LMAN	18957	49428	0	-1	1997-02-11 15:59:58	1997-02-10 12:07:58	247283.0000	49428+2	
2932	Clic!/img/clic297/297ut004.jpg	TEXT	LMAN	26425	49459	0	-1	1997-02-11 15:59:58	1997-02-10 12:07:58	247438.0000	49459+3	
2920	Clic!/img/clic297/297ut005.jpg	TEXT	LMAN	15934	49457	0	-1	1997-02-11 15:59:58	1997-02-10 12:07:58	247428.0000	49457+2	
2908	Clic!/img/clic297/297ut006.jpg	TEXT	LMAN	4381	49456	0	-1	1997-02-11 15:59:58	1997-02-10 12:07:58	247423.0000	49456+1	
2931	Clic!/img/clic297/297ut007.jpg	TEXT	LMAN	15312	49454	0	-1	1997-02-11 15:59:58	1997-02-10 12:07:58	247413.0000	49454+2	
2919	Clic!/img/clic297/297ut008.jpg	TEXT	LMAN	20647	49425	0	-1	1997-02-11 15:59:58	1997-02-10 12:07:58	247268.0000	49425+3	
2907	Clic!/img/clic297/297ut009.jpg	TEXT	LMAN	21845	49422	0	-1	1997-02-11 15:59:59	1997-02-10 12:08:00	247253.0000	49422+3	
2925	Clic!/img/clic297/clic197.gif	TEXT	LMAN	13064	49467	0	-1	1997-02-11 15:59:59	1997-02-10 12:08:00	247478.0000	49467+2	
2913	Clic!/img/clic297/clic297.gif	TEXT	LMAN	18862	49465	0	-1	1997-02-11 15:59:59	1997-02-13 20:36:42	247468.0000	49465+2	
2924	Clic!/img/clic297/WS_FTP.LOG	TEXT	LMAN	5720	49464	0	-1	1997-02-11 15:59:57	1997-02-10 12:08:00	247463.0000	49464+1	
2502	Clic!/img/clic197/197ca001.jpg	TEXT	LMAN	18477	49349	0	-1	1997-02-11 15:59:56	1997-02-10 12:07:04	246888.0000	49349+2	
2947	Clic!/img/clic197/197co001.jpg	TEXT	LMAN	14595	49347	0	-1	1997-02-11 15:59:55	1997-02-10 12:07:04	246878.0000	49347+2	
2942	Clic!/img/clic197/197co002.jpg	TEXT	LMAN	16760	49359	0	-1	1997-02-11 15:59:55	1997-02-10 12:07:04	246938.0000	49359+2	
2952	Clic!/img/clic197/197ge001.jpg	TEXT	LMAN	20602	49356	0	-1	1997-02-11 15:59:55	1997-02-10 12:07:04	246923.0000	49356+3	
2939	Clic!/img/clic197/197gi001.jpg	TEXT	LMAN	14414	49354	0	-1	1997-02-11 15:59:56	1997-02-10 12:07:06	246913.0000	49354+2	
2951	Clic!/img/clic197/197gi002.jpg	TEXT	LMAN	21237	49351	0	-1	1997-02-11 15:59:55	1997-02-10 12:07:06	246898.0000	49351+3	
2946	Clic!/img/clic197/197gi003.jpg	TEXT	LMAN	13433	49401	0	-1	1997-02-11 15:59:56	1997-02-10 12:07:06	247148.0000	49401+2	
2938	Clic!/img/clic197/197gi004.jpg	TEXT	LMAN	15047	49399	0	-1	1997-02-11 15:59:56	1997-02-10 12:07:06	247138.0000	49399+2	
2950	Clic!/img/clic197/197gi005.jpg	TEXT	LMAN	18071	49397	0	-1	1997-02-11 15:59:56	1997-02-10 12:07:06	247128.0000	49397+2	
2945	Clic!/img/clic197/197gi006.jpg	TEXT	LMAN	14082	49395	0	-1	1997-02-11 15:59:56	1997-02-10 12:07:06	247118.0000	49395+2	
2937	Clic!/img/clic197/197gi007.jpg	TEXT	LMAN	20869	49381	0	-1	1997-02-11 15:59:56	1997-02-10 12:07:08	247048.0000	49381+3	
2949	Clic!/img/clic197/197gi008.jpg	TEXT	LMAN	12158	49379	0	-1	1997-02-11 15:59:56	1997-02-10 12:07:08	247038.0000	49379+2	
2944	Clic!/img/clic197/197gi009.jpg	TEXT	LMAN	20951	49376	0	-1	1997-02-11 15:59:56	1997-02-10 12:07:08	247023.0000	49376+3	
2940	Clic!/img/clic197/197gi010.jpg	TEXT	LMAN	15528	49374	0	-1	1997-02-11 15:59:56	1997-02-10 12:07:08	247013.0000	49374+2	
2936	Clic!/img/clic197/197mu001.jpg	TEXT	LMAN	18223	49345	0	-1	1997-02-11 15:59:57	1997-02-10 12:07:08	246868.0000	49345+2	
2948	Clic!/img/clic197/197mu002.jpg	TEXT	LMAN	20731	49342	0	-1	1997-02-11 15:59:57	1997-02-10 12:07:08	246853.0000	49342+3	
2943	Clic!/img/clic197/197mu003.jpg	TEXT	LMAN	19999	49393	0	-1	1997-02-11 15:59:57	1997-02-10 12:07:10	247108.0000	49393+2	
2941	Clic!/img/clic197/197tu001.jpg	TEXT	LMAN	16617	49391	0	-1	1997-02-11 15:59:57	1997-02-10 12:07:10	247098.0000	49391+2	
2953	Clic!/img/clic197/197tu002.jpg	TEXT	LMAN	20080	49389	0	-1	1997-02-11 15:59:57	1997-02-10 12:07:10	247088.0000	49389+2	
2511	Clic!/img/clic12/12ar001.jpg	TEXT	LMAN	14808	49334	0	-1	1997-02-11 15:59:52	1997-02-10 12:06:36	246813.0000	49334+2	
2956	Clic!/img/clic12/12co001.jpg	TEXT	LMAN	14663	49332	0	-1	1997-02-11 15:59:52	1997-02-10 12:06:36	246803.0000	49332+2	
2962	Clic!/img/clic12/12co002.jpg	TEXT	LMAN	23205	49329	0	-1	1997-02-11 15:59:52	1997-02-10 12:06:36	246788.0000	49329+3	
2970	Clic!/img/clic12/12co003.jpg	TEXT	LMAN	61382	49368	0	-1	1997-02-11 15:59:52	1997-02-10 12:06:38	246983.0000	49368+6	
2955	Clic!/img/clic12/12co004.jpg	TEXT	LMAN	13114	49366	0	-1	1997-02-11 15:59:52	1997-02-10 12:06:38	246973.0000	49366+2	
2961	Clic!/img/clic12/12co005.jpg	TEXT	LMAN	23386	49363	0	-1	1997-02-11 15:59:53	1997-02-10 12:06:38	246958.0000	49363+3	
2959	Clic!/img/clic12/12ge001.jpg	TEXT	LMAN	16850	49361	0	-1	1997-02-11 15:59:53	1997-02-10 12:06:38	246948.0000	49361+2	
2966	Clic!/img/clic12/12ge002.jpg	TEXT	LMAN	18947	49314	0	-1	1997-02-11 15:59:53	1997-02-10 12:06:38	246713.0000	49314+2	
2972	Clic!/img/clic12/12ge003.jpg	TEXT	LMAN	24573	49311	0	-1	1997-02-11 15:59:53	1997-02-10 12:06:38	246698.0000	49311+3	
2958	Clic!/img/clic12/12ge004.jpg	TEXT	LMAN	20837	49308	0	-1	1997-02-11 15:59:53	1997-02-10 12:06:40	246683.0000	49308+3	
2965	Clic!/img/clic12/12ge005.jpg	TEXT	LMAN	13673	49340	0	-1	1997-02-11 15:59:53	1997-02-10 12:06:40	246843.0000	49340+2	
2964	Clic!/img/clic12/12gi001.jpg	TEXT	LMAN	17765	49338	0	-1	1997-02-11 15:59:53	1997-02-10 12:06:40	246833.0000	49338+2	
2971	Clic!/img/clic12/12gi002.jpg	TEXT	LMAN	14464	49336	0	-1	1997-02-11 15:59:54	1997-02-10 12:06:40	246823.0000	49336+2	
2957	Clic!/img/clic12/12gi003.jpg	TEXT	LMAN	19401	49327	0	-1	1997-02-11 15:59:54	1997-02-10 12:06:40	246778.0000	49327+2	
2963	Clic!/img/clic12/12gi004.jpg	TEXT	LMAN	14058	49325	0	-1	1997-02-11 15:59:54	1997-02-10 12:06:40	246768.0000	49325+2	
2960	Clic!/img/clic12/12mu001.jpg	TEXT	LMAN	13184	49323	0	-1	1997-02-11 15:59:54	1997-02-10 12:06:42	246758.0000	49323+2	
2969	Clic!/img/clic12/12mu002.jpg	TEXT	LMAN	22294	49320	0	-1	1997-02-11 15:59:55	1997-02-10 12:06:42	246743.0000	49320+3	
2954	Clic!/img/clic12/12mu003.jpg	TEXT	LMAN	23428	49305	0	-1	1997-02-11 15:59:55	1997-02-10 12:06:42	246668.0000	49305+3	
2967	Clic!/img/clic12/12pc001.jpg	TEXT	LMAN	11548	49303	0	-1	1997-02-11 15:59:55	1997-02-10 12:06:42	246658.0000	49303+2	
2973	Clic!/img/clic12/impara.jpg	TEXT	LMAN	13117	49387	0	-1	1997-02-11 15:59:55	1997-02-10 12:06:42	247078.0000	49387+2	
2974	Clic!/img/clic12/multimedia.gif	TEXT	LMAN	12637	49385	0	-1	1997-02-11 15:59:55	1997-02-10 12:06:42	247068.0000	49385+2	
2968	Clic!/img/clic12/WS_FTP.LOG	TEXT	LMAN	3259	49384	0	-1	1997-02-11 15:59:52	1997-02-10 12:06:42	247063.0000	49384+1	
2545	Clic!/img/clic11/11ar001.jpg	TEXT	LMAN	3123	49276	0	-1	1997-02-11 15:59:50	1997-02-10 12:06:10	246523.0000	49276+1	
2976	Clic!/img/clic11/11ar002.jpg	TEXT	LMAN	3021	49275	0	-1	1997-02-11 15:59:50	1997-02-10 12:06:10	246518.0000	49275+1	
2985	Clic!/img/clic11/11co001.jpg	TEXT	LMAN	2581	49288	0	-1	1997-02-11 15:59:50	1997-02-10 12:06:12	246583.0000	49288+1	
2995	Clic!/img/clic11/11co002.jpg	TEXT	LMAN	3505	49287	0	-1	1997-02-11 15:59:50	1997-02-10 12:06:12	246578.0000	49287+1	
2977	Clic!/img/clic11/11co003.jpg	TEXT	LMAN	2457	49286	0	-1	1997-02-11 15:59:50	1997-02-10 12:06:12	246573.0000	49286+1	
2984	Clic!/img/clic11/11co004.jpg	TEXT	LMAN	4108	49280	0	-1	1997-02-11 15:59:50	1997-02-10 12:06:12	246543.0000	49280+1	
2994	Clic!/img/clic11/11co005.jpg	TEXT	LMAN	2939	49279	0	-1	1997-02-11 15:59:50	1997-02-10 12:06:12	246538.0000	49279+1	
2989	Clic!/img/clic11/11ge001.jpg	TEXT	LMAN	4184	49278	0	-1	1997-02-11 15:59:50	1997-02-10 12:06:12	246533.0000	49278+1	
2999	Clic!/img/clic11/11ge002.jpg	TEXT	LMAN	3382	49277	0	-1	1997-02-11 15:59:50	1997-02-10 12:06:12	246528.0000	49277+1	
2980	Clic!/img/clic11/11ge003.jpg	TEXT	LMAN	4356	49302	0	-1	1997-02-11 15:59:50	1997-02-10 12:06:12	246653.0000	49302+1	
2988	Clic!/img/clic11/11ge004.jpg	TEXT	LMAN	3435	49301	0	-1	1997-02-11 15:59:50	1997-02-10 12:06:14	246648.0000	49301+1	
2998	Clic!/img/clic11/11ge005.jpg	TEXT	LMAN	5930	49300	0	-1	1997-02-11 15:59:50	1997-02-10 12:06:14	246643.0000	49300+1	
2997	Clic!/img/clic11/11gi001.jpg	TEXT	LMAN	2393	49299	0	-1	1997-02-11 15:59:50	1997-02-10 12:06:14	246638.0000	49299+1	
2979	Clic!/img/clic11/11gi002.jpg	TEXT	LMAN	3146	49283	0	-1	1997-02-11 15:59:50	1997-02-10 12:06:14	246558.0000	49283+1	
2986	Clic!/img/clic11/11gi003.jpg	TEXT	LMAN	2627	49282	0	-1	1997-02-11 15:59:51	1997-02-10 12:06:14	246553.0000	49282+1	
2996	Clic!/img/clic11/11gi004.jpg	TEXT	LMAN	4124	49281	0	-1	1997-02-11 15:59:51	1997-02-10 12:06:14	246548.0000	49281+1	
2978	Clic!/img/clic11/11gi005.jpg	TEXT	LMAN	5296	49298	0	-1	1997-02-11 15:59:51	1997-02-10 12:06:14	246633.0000	49298+1	
2993	Clic!/img/clic11/11jo001.jpg	TEXT	LMAN	2996	49297	0	-1	1997-02-11 15:59:51	1997-02-10 12:06:14	246628.0000	49297+1	
2992	Clic!/img/clic11/11mu001.jpg	TEXT	LMAN	3035	49296	0	-1	1997-02-11 15:59:52	1997-02-10 12:06:14	246623.0000	49296+1	
2975	Clic!/img/clic11/11mu002.jpg	TEXT	LMAN	3520	49295	0	-1	1997-02-11 15:59:52	1997-02-10 12:06:16	246618.0000	49295+1	
2983	Clic!/img/clic11/11mu003.jpg	TEXT	LMAN	2671	49285	0	-1	1997-02-11 15:59:52	1997-02-10 12:06:16	246568.0000	49285+1	
2990	Clic!/img/clic11/11na001.jpg	TEXT	LMAN	2653	49284	0	-1	1997-02-11 15:59:52	1997-02-10 12:06:16	246563.0000	49284+1	
2982	Clic!/img/clic11/genias.jpg	TEXT	LMAN	4487	49319	0	-1	1997-02-11 15:59:52	1997-02-10 12:06:16	246738.0000	49319+1	
2987	Clic!/img/clic11/omnia.jpg	TEXT	LMAN	6351	49318	0	-1	1997-02-11 15:59:52	1997-02-10 12:06:16	246733.0000	49318+1	
2991	Clic!/img/clic11/WS_FTP.LOG	TEXT	LMAN	3863	49317	0	-1	1997-02-11 15:59:50	1997-02-10 12:06:16	246728.0000	49317+1	
2981	Clic!/img/clic11/zani.jpg	TEXT	LMAN	2516	49316	0	-1	1997-02-11 15:59:52	1997-02-10 12:06:16	246723.0000	49316+1	
2558	Clic!/img/clic10/11gi001.gif	TEXT	LMAN	22597	49272	0	-1	1997-02-11 15:59:50	1997-02-10 12:05:50	246503.0000	49272+3	
2560	Clic!/img/clic10/11gi002.gif	TEXT	LMAN	18779	49270	0	-1	1997-02-11 15:59:50	1997-02-10 12:05:50	246493.0000	49270+2	
3001	Clic!/img/clic10/11gi003.gif	TEXT	LMAN	20544	49267	0	-1	1997-02-11 15:59:50	1997-02-10 12:05:50	246478.0000	49267+3	
3003	Clic!/img/clic10/11gi004.gif	TEXT	LMAN	5179	49294	0	-1	1997-02-11 15:59:50	1997-02-10 12:05:50	246613.0000	49294+1	
3004	Clic!/img/clic10/11gi005.gif	TEXT	LMAN	20317	49292	0	-1	1997-02-11 15:59:50	1997-02-10 12:05:50	246603.0000	49292+2	
3000	Clic!/img/clic10/11gi006.gif	TEXT	LMAN	16427	49290	0	-1	1997-02-11 15:59:50	1997-02-10 12:05:50	246593.0000	49290+2	
3002	Clic!/img/clic10/WS_FTP.LOG	TEXT	LMAN	930	49289	0	-1	1997-02-11 15:59:50	1997-02-10 12:05:50	246588.0000	49289+1	
2597	Clic!/img/voti/voto54.gif	TEXT	LMAN	1632	49240	0	-1	1997-02-11 16:00:17	1997-02-10 12:16:42	246343.0000	49240+1	
2603	Clic!/img/voti/voto60.gif	TEXT	LMAN	1681	49239	0	-1	1997-02-11 16:00:17	1997-02-10 12:16:42	246338.0000	49239+1	
3030	Clic!/img/voti/voto61.gif	TEXT	LMAN	1629	49258	0	-1	1997-02-11 16:00:17	1997-02-10 12:16:42	246433.0000	49258+1	
3015	Clic!/img/voti/voto62.gif	TEXT	LMAN	1662	49257	0	-1	1997-02-11 16:00:17	1997-02-10 12:16:42	246428.0000	49257+1	
3041	Clic!/img/voti/voto63.gif	TEXT	LMAN	1618	49256	0	-1	1997-02-11 16:00:17	1997-02-10 12:16:44	246423.0000	49256+1	
3026	Clic!/img/voti/voto64.gif	TEXT	LMAN	1644	49255	0	-1	1997-02-11 16:00:17	1997-02-10 12:16:44	246418.0000	49255+1	
3011	Clic!/img/voti/voto65.gif	TEXT	LMAN	1650	222	0	-1	1997-02-11 16:00:17	1997-02-10 12:16:44	1253.0000	222+1	
3037	Clic!/img/voti/voto66.gif	TEXT	LMAN	1658	221	0	-1	1997-02-11 16:00:17	1997-02-10 12:16:44	1248.0000	221+1	
3022	Clic!/img/voti/voto67.gif	TEXT	LMAN	1646	220	0	-1	1997-02-11 16:00:17	1997-02-10 12:16:44	1243.0000	220+1	
3007	Clic!/img/voti/voto68.gif	TEXT	LMAN	1661	219	0	-1	1997-02-11 16:00:17	1997-02-10 12:16:44	1238.0000	219+1	
3033	Clic!/img/voti/voto69.gif	TEXT	LMAN	1611	49247	0	-1	1997-02-11 16:00:17	1997-02-10 12:16:44	246378.0000	49247+1	
3031	Clic!/img/voti/voto70.gif	TEXT	LMAN	1622	49246	0	-1	1997-02-11 16:00:17	1997-02-10 12:16:44	246373.0000	49246+1	
3016	Clic!/img/voti/voto71.gif	TEXT	LMAN	1595	49245	0	-1	1997-02-11 16:00:17	1997-02-10 12:16:46	246368.0000	49245+1	
3042	Clic!/img/voti/voto72.gif	TEXT	LMAN	1607	49244	0	-1	1997-02-11 16:00:18	1997-02-10 12:16:46	246363.0000	49244+1	
3027	Clic!/img/voti/voto73.gif	TEXT	LMAN	1622	49266	0	-1	1997-02-11 16:00:18	1997-02-10 12:16:46	246473.0000	49266+1	
3012	Clic!/img/voti/voto74.gif	TEXT	LMAN	1606	49265	0	-1	1997-02-11 16:00:18	1997-02-10 12:16:46	246468.0000	49265+1	
3038	Clic!/img/voti/voto75.gif	TEXT	LMAN	1619	49264	0	-1	1997-02-11 16:00:18	1997-02-10 12:16:46	246463.0000	49264+1	
3023	Clic!/img/voti/voto76.gif	TEXT	LMAN	1626	49263	0	-1	1997-02-11 16:00:18	1997-02-10 12:16:46	246458.0000	49263+1	
3008	Clic!/img/voti/voto77.gif	TEXT	LMAN	1633	218	0	-1	1997-02-11 16:00:18	1997-02-10 12:16:46	1233.0000	218+1	
3034	Clic!/img/voti/voto78.gif	TEXT	LMAN	1604	217	0	-1	1997-02-11 16:00:18	1997-02-10 12:16:48	1228.0000	217+1	
3019	Clic!/img/voti/voto79.gif	TEXT	LMAN	1618	216	0	-1	1997-02-11 16:00:18	1997-02-10 12:16:48	1223.0000	216+1	
3017	Clic!/img/voti/voto80.gif	TEXT	LMAN	1637	215	0	-1	1997-02-11 16:00:18	1997-02-10 12:16:48	1218.0000	215+1	
3043	Clic!/img/voti/voto81.gif	TEXT	LMAN	1584	49251	0	-1	1997-02-11 16:00:18	1997-02-10 12:16:48	246398.0000	49251+1	
3028	Clic!/img/voti/voto82.gif	TEXT	LMAN	1628	49250	0	-1	1997-02-11 16:00:18	1997-02-10 12:16:48	246393.0000	49250+1	
3013	Clic!/img/voti/voto83.gif	TEXT	LMAN	1597	49249	0	-1	1997-02-11 16:00:18	1997-02-10 12:16:48	246388.0000	49249+1	
3039	Clic!/img/voti/voto84.gif	TEXT	LMAN	1610	49248	0	-1	1997-02-11 16:00:18	1997-02-10 12:16:50	246383.0000	49248+1	
3024	Clic!/img/voti/voto85.gif	TEXT	LMAN	1829	49262	0	-1	1997-02-11 16:00:18	1997-02-10 12:16:50	246453.0000	49262+1	
3009	Clic!/img/voti/voto86.gif	TEXT	LMAN	1621	49261	0	-1	1997-02-11 16:00:18	1997-02-10 12:16:50	246448.0000	49261+1	
3035	Clic!/img/voti/voto87.gif	TEXT	LMAN	1589	49260	0	-1	1997-02-11 16:00:18	1997-02-10 12:16:50	246443.0000	49260+1	
3020	Clic!/img/voti/voto88.gif	TEXT	LMAN	1621	49259	0	-1	1997-02-11 16:00:18	1997-02-10 12:16:50	246438.0000	49259+1	
3005	Clic!/img/voti/voto89.gif	TEXT	LMAN	1622	214	0	-1	1997-02-11 16:00:18	1997-02-10 12:16:50	1213.0000	214+1	
3044	Clic!/img/voti/voto90.gif	TEXT	LMAN	1665	49524	0	-1	1997-02-11 16:00:18	1997-02-10 12:16:50	247763.0000	49524+1	
3029	Clic!/img/voti/voto91.gif	TEXT	LMAN	1629	49626	0	-1	1997-02-11 16:00:18	1997-02-10 12:16:52	248273.0000	49626+1	
3014	Clic!/img/voti/voto92.gif	TEXT	LMAN	1647	49254	0	-1	1997-02-11 16:00:18	1997-02-10 12:16:52	246413.0000	49254+1	
3040	Clic!/img/voti/voto93.gif	TEXT	LMAN	1613	49253	0	-1	1997-02-11 16:00:18	1997-02-10 12:16:52	246408.0000	49253+1	
3025	Clic!/img/voti/voto94.gif	TEXT	LMAN	1643	49252	0	-1	1997-02-11 16:00:18	1997-02-10 12:16:52	246403.0000	49252+1	
3010	Clic!/img/voti/voto95.gif	TEXT	LMAN	1652	225	0	-1	1997-02-11 16:00:18	1997-02-10 12:16:52	1268.0000	225+1	
3036	Clic!/img/voti/voto96.gif	TEXT	LMAN	2873	224	0	-1	1997-02-11 16:00:18	1997-02-10 12:16:52	1263.0000	224+1	
3021	Clic!/img/voti/voto97.gif	TEXT	LMAN	1629	223	0	-1	1997-02-11 16:00:18	1997-02-10 12:16:52	1258.0000	223+1	
3006	Clic!/img/voti/voto98.gif	TEXT	LMAN	1665	49243	0	-1	1997-02-11 16:00:18	1997-02-10 12:16:54	246358.0000	49243+1	
3032	Clic!/img/voti/voto99.gif	TEXT	LMAN	1661	49242	0	-1	1997-02-11 16:00:18	1997-02-10 12:16:54	246353.0000	49242+1	
3018	Clic!/img/voti/WS_FTP.LOG	TEXT	LMAN	6109	49241	0	-1	1997-02-11 16:00:17	1997-02-10 12:16:54	246348.0000	49241+1	
2703	Clic!/pag/10ar001.htm	TEXT	LMAN	4841	49182	0	-1	1997-02-12 19:39:09	1997-02-12 19:26:20	246053.0000	49182+1	
2704	Clic!/pag/10ca001.htm	TEXT	LMAN	5162	303	0	-1	1997-02-12 19:38:57	1997-02-12 19:26:20	1658.0000	303+1	
2643	Clic!/pag/10co001.htm	TEXT	LMAN	4816	49132	0	-1	1997-02-12 19:38:57	1997-02-12 19:26:20	245803.0000	49132+1	
2705	Clic!/pag/10co002.htm	TEXT	LMAN	4423	48693	0	-1	1997-02-12 19:38:57	1997-02-12 19:26:22	243608.0000	48693+1	
2706	Clic!/pag/10gi001.htm	TEXT	LMAN	6759	48694	0	-1	1997-02-12 19:38:57	1997-02-12 19:26:22	243613.0000	48694+1	
2707	Clic!/pag/10gi002.htm	TEXT	LMAN	5898	48825	0	-1	1997-02-12 19:38:57	1997-02-12 19:26:22	244268.0000	48825+1	
2650	Clic!/pag/10gi003.htm	TEXT	LMAN	5633	49206	0	-1	1997-02-12 19:38:57	1997-02-12 19:26:22	246173.0000	49206+1	
2708	Clic!/pag/10gi004.htm	TEXT	LMAN	4917	48826	0	-1	1997-02-12 19:38:57	1997-02-12 19:26:22	244273.0000	48826+1	
2709	Clic!/pag/10gi005.htm	TEXT	LMAN	5232	49205	0	-1	1997-02-12 19:38:58	1997-02-12 19:26:22	246168.0000	49205+1	
2649	Clic!/pag/10gi006.htm	TEXT	LMAN	5691	49127	0	-1	1997-02-12 19:38:58	1997-02-12 19:26:22	245778.0000	49127+1	
2710	Clic!/pag/10lp001.htm	TEXT	LMAN	5554	49126	0	-1	1997-02-12 19:38:58	1997-02-12 19:26:24	245773.0000	49126+1	
2711	Clic!/pag/10mu001.htm	TEXT	LMAN	5955	49131	0	-1	1997-02-12 19:38:58	1997-02-12 19:26:24	245798.0000	49131+1	
2712	Clic!/pag/10mu002.htm	TEXT	LMAN	7314	49130	0	-1	1997-02-12 19:38:58	1997-02-12 19:26:24	245793.0000	49130+1	
2713	Clic!/pag/10po001.htm	TEXT	LMAN	5492	49129	0	-1	1997-02-12 19:38:58	1997-02-12 19:26:24	245788.0000	49129+1	
2635	Clic!/pag/10st001.htm	TEXT	LMAN	5163	49128	0	-1	1997-02-12 19:38:58	1997-02-12 19:26:24	245783.0000	49128+1	
2714	Clic!/pag/10st002.htm	TEXT	LMAN	4869	49125	0	-1	1997-02-12 19:38:58	1997-02-12 19:26:24	245768.0000	49125+1	
2715	Clic!/pag/10st003.htm	TEXT	LMAN	5218	49124	0	-1	1997-02-12 19:38:58	1997-02-12 19:26:24	245763.0000	49124+1	
2634	Clic!/pag/10st004.htm	TEXT	LMAN	4916	49123	0	-1	1997-02-12 19:38:58	1997-02-12 19:26:26	245758.0000	49123+1	
2716	Clic!/pag/10st005.htm	TEXT	LMAN	4950	49122	0	-1	1997-02-12 19:38:58	1997-02-12 19:26:26	245753.0000	49122+1	
2717	Clic!/pag/10st006.htm	TEXT	LMAN	5223	49121	0	-1	1997-02-12 19:38:58	1997-02-12 19:26:26	245748.0000	49121+1	
2633	Clic!/pag/10st007.htm	TEXT	LMAN	5251	49120	0	-1	1997-02-12 19:38:58	1997-02-12 19:26:26	245743.0000	49120+1	
2718	Clic!/pag/10st008.htm	TEXT	LMAN	5512	49210	0	-1	1997-02-12 19:38:58	1997-02-12 19:26:26	246193.0000	49210+1	
2719	Clic!/pag/10st009.htm	TEXT	LMAN	5386	49209	0	-1	1997-02-12 19:38:58	1997-02-12 19:26:26	246188.0000	49209+1	
2720	Clic!/pag/10st010.htm	TEXT	LMAN	5086	49208	0	-1	1997-02-12 19:38:58	1997-02-12 19:26:28	246183.0000	49208+1	
2625	Clic!/pag/11ar001.htm	TEXT	LMAN	5194	49207	0	-1	1997-02-12 19:38:58	1997-02-12 19:26:28	246178.0000	49207+1	
2721	Clic!/pag/11ar002.htm	TEXT	LMAN	4930	49119	0	-1	1997-02-12 19:38:58	1997-02-12 19:26:28	245738.0000	49119+1	
2722	Clic!/pag/11co001.htm	TEXT	LMAN	5038	49118	0	-1	1997-02-12 19:38:58	1997-02-12 19:26:28	245733.0000	49118+1	
2631	Clic!/pag/11co002.htm	TEXT	LMAN	5767	49117	0	-1	1997-02-12 19:38:59	1997-02-12 19:26:28	245728.0000	49117+1	
2723	Clic!/pag/11co003.htm	TEXT	LMAN	5202	49116	0	-1	1997-02-12 19:38:59	1997-02-12 19:26:28	245723.0000	49116+1	
2724	Clic!/pag/11co004.htm	TEXT	LMAN	5265	49115	0	-1	1997-02-12 19:38:59	1997-02-12 19:26:28	245718.0000	49115+1	
2630	Clic!/pag/11co005.htm	TEXT	LMAN	5903	49114	0	-1	1997-02-12 19:38:59	1997-02-12 19:26:30	245713.0000	49114+1	
2725	Clic!/pag/11ge001.htm	TEXT	LMAN	5051	49204	0	-1	1997-02-12 19:38:59	1997-02-12 19:26:30	246163.0000	49204+1	
2645	Clic!/pag/11ge002.htm	TEXT	LMAN	4953	49203	0	-1	1997-02-12 19:38:59	1997-02-12 19:26:30	246158.0000	49203+1	
2726	Clic!/pag/11ge003.htm	TEXT	LMAN	5357	49202	0	-1	1997-02-12 19:38:59	1997-02-12 19:26:30	246153.0000	49202+1	
2727	Clic!/pag/11ge004.htm	TEXT	LMAN	5173	49201	0	-1	1997-02-12 19:38:59	1997-02-12 19:26:30	246148.0000	49201+1	
2644	Clic!/pag/11ge005.htm	TEXT	LMAN	4719	49113	0	-1	1997-02-12 19:38:59	1997-02-12 19:26:30	245708.0000	49113+1	
2638	Clic!/pag/11gi001.htm	TEXT	LMAN	5956	49112	0	-1	1997-02-12 19:38:59	1997-02-12 19:26:30	245703.0000	49112+1	
2728	Clic!/pag/11gi002.htm	TEXT	LMAN	5702	49111	0	-1	1997-02-12 19:38:59	1997-02-12 19:26:32	245698.0000	49111+1	
2729	Clic!/pag/11gi003.htm	TEXT	LMAN	5671	49218	0	-1	1997-02-12 19:38:59	1997-02-12 19:26:32	246233.0000	49218+1	
2637	Clic!/pag/11gi004.htm	TEXT	LMAN	5638	49217	0	-1	1997-02-12 19:38:59	1997-02-12 19:26:32	246228.0000	49217+1	
2730	Clic!/pag/11gi005.htm	TEXT	LMAN	5422	49216	0	-1	1997-02-12 19:38:59	1997-02-12 19:26:32	246223.0000	49216+1	
2629	Clic!/pag/11jo001.htm	TEXT	LMAN	4552	49215	0	-1	1997-02-12 19:38:59	1997-02-12 19:26:32	246218.0000	49215+1	
2623	Clic!/pag/11mu001.htm	TEXT	LMAN	5306	49106	0	-1	1997-02-12 19:38:59	1997-02-12 19:26:32	245673.0000	49106+1	
2731	Clic!/pag/11mu002.htm	TEXT	LMAN	5926	49105	0	-1	1997-02-12 19:38:59	1997-02-12 19:26:34	245668.0000	49105+1	
2732	Clic!/pag/11mu003.htm	TEXT	LMAN	6567	49104	0	-1	1997-02-12 19:38:59	1997-02-12 19:26:34	245663.0000	49104+1	
2733	Clic!/pag/11na001.htm	TEXT	LMAN	5657	49110	0	-1	1997-02-12 19:38:59	1997-02-12 19:26:34	245693.0000	49110+1	
2734	Clic!/pag/12ar001.htm	TEXT	LMAN	5917	49109	0	-1	1997-02-12 19:38:59	1997-02-12 19:26:34	245688.0000	49109+1	
2735	Clic!/pag/12co001.htm	TEXT	LMAN	5763	49108	0	-1	1997-02-12 19:38:59	1997-02-12 19:26:34	245683.0000	49108+1	
2736	Clic!/pag/12co002.htm	TEXT	LMAN	4944	49107	0	-1	1997-02-12 19:38:59	1997-02-12 19:26:34	245678.0000	49107+1	
2622	Clic!/pag/12co003.htm	TEXT	LMAN	5391	49103	0	-1	1997-02-12 19:38:59	1997-02-12 19:26:34	245658.0000	49103+1	
2737	Clic!/pag/12co004.htm	TEXT	LMAN	5676	49102	0	-1	1997-02-12 19:39:00	1997-02-12 19:26:36	245653.0000	49102+1	
2738	Clic!/pag/12co005.htm	TEXT	LMAN	5062	49101	0	-1	1997-02-12 19:39:00	1997-02-12 19:26:36	245648.0000	49101+1	
2739	Clic!/pag/12ge001.htm	TEXT	LMAN	5132	49100	0	-1	1997-02-12 19:39:00	1997-02-12 19:26:36	245643.0000	49100+1	
2740	Clic!/pag/12ge002.htm	TEXT	LMAN	5725	49099	0	-1	1997-02-12 19:39:00	1997-02-12 19:26:36	245638.0000	49099+1	
2632	Clic!/pag/12ge003.htm	TEXT	LMAN	5334	49098	0	-1	1997-02-12 19:39:00	1997-02-12 19:26:36	245633.0000	49098+1	
2741	Clic!/pag/12ge004.htm	TEXT	LMAN	5196	49097	0	-1	1997-02-12 19:39:00	1997-02-12 19:26:36	245628.0000	49097+1	
2742	Clic!/pag/12ge005.htm	TEXT	LMAN	5122	49096	0	-1	1997-02-12 19:39:00	1997-02-12 19:26:36	245623.0000	49096+1	
2743	Clic!/pag/12gi001.htm	TEXT	LMAN	5653	49095	0	-1	1997-02-12 19:39:00	1997-02-12 19:26:38	245618.0000	49095+1	
2626	Clic!/pag/12gi002.htm	TEXT	LMAN	5648	49094	0	-1	1997-02-12 19:39:00	1997-02-12 19:26:38	245613.0000	49094+1	
2744	Clic!/pag/12gi003.htm	TEXT	LMAN	5772	49214	0	-1	1997-02-12 19:39:00	1997-02-12 19:26:38	246213.0000	49214+1	
2745	Clic!/pag/12gi004.htm	TEXT	LMAN	5522	49213	0	-1	1997-02-12 19:39:00	1997-02-12 19:26:38	246208.0000	49213+1	
2746	Clic!/pag/12mu001.htm	TEXT	LMAN	5405	49212	0	-1	1997-02-12 19:39:00	1997-02-12 19:26:38	246203.0000	49212+1	
2621	Clic!/pag/12mu002.htm	TEXT	LMAN	5406	49211	0	-1	1997-02-12 19:39:00	1997-02-12 19:26:38	246198.0000	49211+1	
2747	Clic!/pag/12mu003.htm	TEXT	LMAN	5166	49089	0	-1	1997-02-12 19:39:00	1997-02-12 19:26:40	245588.0000	49089+1	
2748	Clic!/pag/12st001.htm	TEXT	LMAN	5914	49088	0	-1	1997-02-12 19:39:00	1997-02-12 19:26:40	245583.0000	49088+1	
2749	Clic!/pag/12st002.htm	TEXT	LMAN	5962	49093	0	-1	1997-02-12 19:39:00	1997-02-12 19:26:40	245608.0000	49093+1	
2750	Clic!/pag/197ca001.htm	TEXT	LMAN	5437	49092	0	-1	1997-02-12 19:39:00	1997-02-12 19:26:40	245603.0000	49092+1	
2751	Clic!/pag/197co001.htm	TEXT	LMAN	6110	49091	0	-1	1997-02-12 19:39:00	1997-02-12 19:26:40	245598.0000	49091+1	
2691	Clic!/pag/197co002.htm	TEXT	LMAN	8943	49090	0	-1	1997-02-12 19:39:00	1997-02-12 19:26:40	245593.0000	49090+1	
2752	Clic!/pag/197ge001.htm	TEXT	LMAN	5405	49087	0	-1	1997-02-12 19:39:00	1997-02-12 19:26:42	245578.0000	49087+1	
2683	Clic!/pag/197gi001.htm	TEXT	LMAN	5726	49086	0	-1	1997-02-12 19:39:00	1997-02-12 19:26:42	245573.0000	49086+1	
2753	Clic!/pag/197gi002.htm	TEXT	LMAN	6186	49085	0	-1	1997-02-12 19:39:00	1997-02-12 19:26:42	245568.0000	49085+1	
2754	Clic!/pag/197gi003.htm	TEXT	LMAN	6061	49145	0	-1	1997-02-12 19:39:00	1997-02-12 19:26:42	245868.0000	49145+1	
2680	Clic!/pag/197gi004.htm	TEXT	LMAN	4963	49144	0	-1	1997-02-12 19:39:00	1997-02-12 19:26:42	245863.0000	49144+1	
2755	Clic!/pag/197gi005.htm	TEXT	LMAN	5344	49143	0	-1	1997-02-12 19:39:00	1997-02-12 19:26:42	245858.0000	49143+1	
2756	Clic!/pag/197gi006.htm	TEXT	LMAN	6443	49142	0	-1	1997-02-12 19:39:00	1997-02-12 19:26:42	245853.0000	49142+1	
2677	Clic!/pag/197gi007.htm	TEXT	LMAN	5477	49084	0	-1	1997-02-12 19:39:00	1997-02-12 19:26:44	245563.0000	49084+1	
2757	Clic!/pag/197gi008.htm	TEXT	LMAN	5603	49083	0	-1	1997-02-12 19:39:00	1997-02-12 19:26:44	245558.0000	49083+1	
2758	Clic!/pag/197gi009.htm	TEXT	LMAN	6131	49082	0	-1	1997-02-12 19:39:00	1997-02-12 19:26:44	245553.0000	49082+1	
2684	Clic!/pag/197gi010.htm	TEXT	LMAN	5881	49081	0	-1	1997-02-12 19:39:00	1997-02-12 19:26:44	245548.0000	49081+1	
2628	Clic!/pag/197mu001.htm	TEXT	LMAN	6221	49080	0	-1	1997-02-12 19:39:00	1997-02-12 19:26:44	245543.0000	49080+1	
2759	Clic!/pag/197mu002.htm	TEXT	LMAN	4738	49079	0	-1	1997-02-12 19:39:00	1997-02-12 19:26:44	245538.0000	49079+1	
2760	Clic!/pag/197mu003.htm	TEXT	LMAN	5242	49153	0	-1	1997-02-12 19:39:00	1997-02-12 19:26:44	245908.0000	49153+1	
2688	Clic!/pag/197tu001.htm	TEXT	LMAN	4822	49152	0	-1	1997-02-12 19:39:01	1997-02-12 19:26:46	245903.0000	49152+1	
2761	Clic!/pag/197tu002.htm	TEXT	LMAN	5457	49151	0	-1	1997-02-12 19:39:01	1997-02-12 19:26:46	245898.0000	49151+1	
2605	Clic!/pag/297ar001.htm	TEXT	LMAN	5117	49150	0	-1	1997-02-12 19:39:01	1997-02-12 19:26:46	245893.0000	49150+1	
2762	Clic!/pag/297ar002.htm	TEXT	LMAN	5527	49078	0	-1	1997-02-12 19:39:01	1997-02-12 19:26:46	245533.0000	49078+1	
2692	Clic!/pag/297ca001.htm	TEXT	LMAN	5185	49077	0	-1	1997-02-12 19:39:01	1997-02-12 19:26:46	245528.0000	49077+1	
2693	Clic!/pag/297co000.htm	TEXT	LMAN	4573	49076	0	-1	1997-02-12 19:39:01	1997-02-12 19:26:46	245523.0000	49076+1	
2763	Clic!/pag/297co001.htm	TEXT	LMAN	6083	49137	0	-1	1997-02-12 19:39:01	1997-02-12 19:26:48	245828.0000	49137+1	
2764	Clic!/pag/297co002.htm	TEXT	LMAN	4825	49136	0	-1	1997-02-12 19:39:01	1997-02-12 19:26:48	245823.0000	49136+1	
2690	Clic!/pag/297co003.htm	TEXT	LMAN	5717	49135	0	-1	1997-02-12 19:39:01	1997-02-12 19:26:48	245818.0000	49135+1	
2765	Clic!/pag/297co004.htm	TEXT	LMAN	5041	49134	0	-1	1997-02-12 19:39:01	1997-02-12 19:26:48	245813.0000	49134+1	
2682	Clic!/pag/297ge001.htm	TEXT	LMAN	5335	49075	0	-1	1997-02-12 19:39:01	1997-02-12 19:26:48	245518.0000	49075+1	
2766	Clic!/pag/297ge002.htm	TEXT	LMAN	5564	49074	0	-1	1997-02-12 19:39:01	1997-02-12 19:26:48	245513.0000	49074+1	
2767	Clic!/pag/297ge003.htm	TEXT	LMAN	5152	49073	0	-1	1997-02-12 19:39:01	1997-02-12 19:26:48	245508.0000	49073+1	
2679	Clic!/pag/297ge004.htm	TEXT	LMAN	5061	49072	0	-1	1997-02-12 19:39:01	1997-02-12 19:26:50	245503.0000	49072+1	
2768	Clic!/pag/297ge005.htm	TEXT	LMAN	5357	48525	0	-1	1997-02-12 19:39:01	1997-02-12 19:26:50	242768.0000	48525+1	
2769	Clic!/pag/297ge006.htm	TEXT	LMAN	4991	48524	0	-1	1997-02-12 19:39:01	1997-02-12 19:26:50	242763.0000	48524+1	
2676	Clic!/pag/297ge007.htm	TEXT	LMAN	5246	49149	0	-1	1997-02-12 19:39:01	1997-02-12 19:26:50	245888.0000	49149+1	
2770	Clic!/pag/297ge008.htm	TEXT	LMAN	5620	49148	0	-1	1997-02-12 19:39:01	1997-02-12 19:26:50	245883.0000	49148+1	
2771	Clic!/pag/297gi001.htm	TEXT	LMAN	5657	49147	0	-1	1997-02-12 19:39:01	1997-02-12 19:26:50	245878.0000	49147+1	
2681	Clic!/pag/297gi002.htm	TEXT	LMAN	5704	49146	0	-1	1997-02-12 19:39:01	1997-02-12 19:26:52	245873.0000	49146+1	
2772	Clic!/pag/297gi003.htm	TEXT	LMAN	5451	48523	0	-1	1997-02-12 19:39:01	1997-02-12 19:26:52	242758.0000	48523+1	
2773	Clic!/pag/297gi004.htm	TEXT	LMAN	4970	48522	0	-1	1997-02-12 19:39:01	1997-02-12 19:26:52	242753.0000	48522+1	
2678	Clic!/pag/297gi005.htm	TEXT	LMAN	5226	49141	0	-1	1997-02-12 19:39:01	1997-02-12 19:26:52	245848.0000	49141+1	
2774	Clic!/pag/297gi006.htm	TEXT	LMAN	5668	49140	0	-1	1997-02-12 19:39:02	1997-02-12 19:26:52	245843.0000	49140+1	
2775	Clic!/pag/297gi007.htm	TEXT	LMAN	5634	49139	0	-1	1997-02-12 19:39:02	1997-02-12 19:26:52	245838.0000	49139+1	
2776	Clic!/pag/297mu001.htm	TEXT	LMAN	8383	49138	0	-1	1997-02-12 19:39:02	1997-02-12 19:26:52	245833.0000	49138+1	
2627	Clic!/pag/297mu002.htm	TEXT	LMAN	6816	48521	0	-1	1997-02-12 19:39:02	1997-02-12 19:26:54	242748.0000	48521+1	
2777	Clic!/pag/297st001.htm	TEXT	LMAN	4981	48520	0	-1	1997-02-12 19:39:02	1997-02-12 19:26:54	242743.0000	48520+1	
2778	Clic!/pag/297ut001.htm	TEXT	LMAN	5505	48519	0	-1	1997-02-12 19:39:02	1997-02-12 19:26:54	242738.0000	48519+1	
2779	Clic!/pag/297ut002.htm	TEXT	LMAN	5289	48518	0	-1	1997-02-12 19:39:02	1997-02-12 19:26:54	242733.0000	48518+1	
2687	Clic!/pag/297ut003.htm	TEXT	LMAN	4952	48517	0	-1	1997-02-12 19:39:02	1997-02-12 19:26:54	242728.0000	48517+1	
2780	Clic!/pag/297ut004.htm	TEXT	LMAN	4997	48516	0	-1	1997-02-12 19:39:02	1997-02-12 19:26:54	242723.0000	48516+1	
2781	Clic!/pag/297ut005.htm	TEXT	LMAN	4860	49186	0	-1	1997-02-12 19:39:02	1997-02-12 19:26:54	246073.0000	49186+1	
2686	Clic!/pag/297ut006.htm	TEXT	LMAN	4382	49185	0	-1	1997-02-12 19:39:02	1997-02-12 19:26:56	246068.0000	49185+1	
2782	Clic!/pag/297ut007.htm	TEXT	LMAN	5220	49184	0	-1	1997-02-12 19:39:02	1997-02-12 19:26:56	246063.0000	49184+1	
2783	Clic!/pag/297ut008.htm	TEXT	LMAN	4869	49183	0	-1	1997-02-12 19:39:02	1997-02-12 19:26:56	246058.0000	49183+1	
2685	Clic!/pag/297ut009.htm	TEXT	LMAN	4865	48515	0	-1	1997-02-12 19:39:02	1997-02-12 19:26:56	242718.0000	48515+1	
2784	Clic!/pag/4ca001.htm	TEXT	LMAN	3218	48514	0	-1	1997-02-12 19:39:02	1997-02-12 19:26:56	242713.0000	48514+1	
2785	Clic!/pag/4ca002.htm	TEXT	LMAN	3576	48513	0	-1	1997-02-12 19:39:02	1997-02-12 19:26:56	242708.0000	48513+1	
2654	Clic!/pag/4ca003.htm	TEXT	LMAN	3610	48512	0	-1	1997-02-12 19:39:02	1997-02-12 19:26:58	242703.0000	48512+1	
2786	Clic!/pag/4co001.htm	TEXT	LMAN	5243	48511	0	-1	1997-02-12 19:39:03	1997-02-12 19:26:58	242698.0000	48511+1	
2658	Clic!/pag/4co002.htm	TEXT	LMAN	5440	48510	0	-1	1997-02-12 19:39:03	1997-02-12 19:26:58	242693.0000	48510+1	
2787	Clic!/pag/4co003.htm	TEXT	LMAN	6866	49230	0	-1	1997-02-12 19:39:03	1997-02-12 19:26:58	246293.0000	49230+1	
2788	Clic!/pag/4co004.htm	TEXT	LMAN	6802	49229	0	-1	1997-02-12 19:39:03	1997-02-12 19:26:58	246288.0000	49229+1	
2789	Clic!/pag/4co004a.htm	TEXT	LMAN	6503	49228	0	-1	1997-02-12 19:39:03	1997-02-12 19:26:58	246283.0000	49228+1	
2648	Clic!/pag/4co005.htm	TEXT	LMAN	5900	49227	0	-1	1997-02-12 19:39:03	1997-02-12 19:26:58	246278.0000	49227+1	
2619	Clic!/pag/4gi001.htm	TEXT	LMAN	5045	48509	0	-1	1997-02-12 19:39:03	1997-02-12 19:27:00	242688.0000	48509+1	
2790	Clic!/pag/4gi002.htm	TEXT	LMAN	5163	48508	0	-1	1997-02-12 19:39:03	1997-02-12 19:27:00	242683.0000	48508+1	
2791	Clic!/pag/4gi003.htm	TEXT	LMAN	4641	49161	0	-1	1997-02-12 19:39:03	1997-02-12 19:27:00	245948.0000	49161+1	
2612	Clic!/pag/4gi004.htm	TEXT	LMAN	4565	49160	0	-1	1997-02-12 19:39:03	1997-02-12 19:27:00	245943.0000	49160+1	
2792	Clic!/pag/4gi005.htm	TEXT	LMAN	5190	49159	0	-1	1997-02-12 19:39:03	1997-02-12 19:27:00	245938.0000	49159+1	
2793	Clic!/pag/4gi006.htm	TEXT	LMAN	4655	49158	0	-1	1997-02-12 19:39:03	1997-02-12 19:27:00	245933.0000	49158+1	
2607	Clic!/pag/4gi007.htm	TEXT	LMAN	4818	48507	0	-1	1997-02-12 19:39:03	1997-02-12 19:27:02	242678.0000	48507+1	
2794	Clic!/pag/4gi008.htm	TEXT	LMAN	4977	48506	0	-1	1997-02-12 19:39:03	1997-02-12 19:27:02	242673.0000	48506+1	
2689	Clic!/pag/4la001.htm	TEXT	LMAN	4334	48505	0	-1	1997-02-12 19:39:03	1997-02-12 19:27:02	242668.0000	48505+1	
2795	Clic!/pag/4la002.htm	TEXT	LMAN	3196	48504	0	-1	1997-02-12 19:39:03	1997-02-12 19:27:02	242663.0000	48504+1	
2796	Clic!/pag/4la003.htm	TEXT	LMAN	5029	48503	0	-1	1997-02-12 19:39:03	1997-02-12 19:27:02	242658.0000	48503+1	
2797	Clic!/pag/4mu001.htm	TEXT	LMAN	4567	48502	0	-1	1997-02-12 19:39:03	1997-02-12 19:27:02	242653.0000	48502+1	
2798	Clic!/pag/4po001.htm	TEXT	LMAN	3287	496	0	-1	1997-02-12 19:39:04	1997-02-12 19:27:02	2623.0000	496+1	
2673	Clic!/pag/4po002.htm	TEXT	LMAN	3317	495	0	-1	1997-02-12 19:39:04	1997-02-12 19:27:04	2618.0000	495+1	
2799	Clic!/pag/4po003.htm	TEXT	LMAN	3298	494	0	-1	1997-02-12 19:39:04	1997-02-12 19:27:04	2613.0000	494+1	
2800	Clic!/pag/4po004.htm	TEXT	LMAN	3316	493	0	-1	1997-02-12 19:39:04	1997-02-12 19:27:04	2608.0000	493+1	
2670	Clic!/pag/4po005.htm	TEXT	LMAN	3330	49177	0	-1	1997-02-12 19:39:04	1997-02-12 19:27:04	246028.0000	49177+1	
2801	Clic!/pag/4po006.htm	TEXT	LMAN	3340	49176	0	-1	1997-02-12 19:39:04	1997-02-12 19:27:04	246023.0000	49176+1	
2802	Clic!/pag/4po007.htm	TEXT	LMAN	3302	49175	0	-1	1997-02-12 19:39:04	1997-02-12 19:27:04	246018.0000	49175+1	
2668	Clic!/pag/4po008.htm	TEXT	LMAN	3307	49174	0	-1	1997-02-12 19:39:04	1997-02-12 19:27:04	246013.0000	49174+1	
2803	Clic!/pag/4po009.htm	TEXT	LMAN	3331	492	0	-1	1997-02-12 19:39:04	1997-02-12 19:27:06	2603.0000	492+1	
2804	Clic!/pag/4po010.htm	TEXT	LMAN	3295	491	0	-1	1997-02-12 19:39:04	1997-02-12 19:27:06	2598.0000	491+1	
2805	Clic!/pag/4sc001.htm	TEXT	LMAN	3152	490	0	-1	1997-02-12 19:39:04	1997-02-12 19:27:06	2593.0000	490+1	
2659	Clic!/pag/4sc002.htm	TEXT	LMAN	3485	489	0	-1	1997-02-12 19:39:04	1997-02-12 19:27:06	2588.0000	489+1	
2806	Clic!/pag/4so001.htm	TEXT	LMAN	4745	488	0	-1	1997-02-12 19:39:04	1997-02-12 19:27:06	2583.0000	488+1	
2662	Clic!/pag/4st001.htm	TEXT	LMAN	4754	487	0	-1	1997-02-12 19:39:04	1997-02-12 19:27:06	2578.0000	487+1	
2807	Clic!/pag/4st003.htm	TEXT	LMAN	5227	49196	0	-1	1997-02-12 19:39:04	1997-02-12 19:27:08	246123.0000	49196+1	
2651	Clic!/pag/4st004.htm	TEXT	LMAN	4945	49195	0	-1	1997-02-12 19:39:04	1997-02-12 19:27:08	246118.0000	49195+1	
2808	Clic!/pag/4st005.htm	TEXT	LMAN	4798	49194	0	-1	1997-02-12 19:39:04	1997-02-12 19:27:08	246113.0000	49194+1	
2809	Clic!/pag/4st006.htm	TEXT	LMAN	5207	49193	0	-1	1997-02-12 19:39:04	1997-02-12 19:27:08	246108.0000	49193+1	
2646	Clic!/pag/4st007.htm	TEXT	LMAN	4299	486	0	-1	1997-02-12 19:39:04	1997-02-12 19:27:08	2573.0000	486+1	
2810	Clic!/pag/4st008.htm	TEXT	LMAN	4582	485	0	-1	1997-02-12 19:39:04	1997-02-12 19:27:08	2568.0000	485+1	
2811	Clic!/pag/4st009.htm	TEXT	LMAN	4931	49173	0	-1	1997-02-12 19:39:04	1997-02-12 19:27:08	246008.0000	49173+1	
2812	Clic!/pag/6ar001.htm	TEXT	LMAN	3558	49172	0	-1	1997-02-12 19:39:04	1997-02-12 19:27:10	246003.0000	49172+1	
2665	Clic!/pag/6ar002.htm	TEXT	LMAN	3532	49171	0	-1	1997-02-12 19:39:04	1997-02-12 19:27:10	245998.0000	49171+1	
2663	Clic!/pag/6ca001.htm	TEXT	LMAN	5279	49170	0	-1	1997-02-12 19:39:04	1997-02-12 19:27:10	245993.0000	49170+1	
2813	Clic!/pag/6ca002.htm	TEXT	LMAN	5305	484	0	-1	1997-02-12 19:39:04	1997-02-12 19:27:10	2563.0000	484+1	
2814	Clic!/pag/6co001.htm	TEXT	LMAN	5332	483	0	-1	1997-02-12 19:39:04	1997-02-12 19:27:10	2558.0000	483+1	
2815	Clic!/pag/6co002.htm	TEXT	LMAN	5519	482	0	-1	1997-02-12 19:39:04	1997-02-12 19:27:10	2553.0000	482+1	
2653	Clic!/pag/6co003.htm	TEXT	LMAN	5122	481	0	-1	1997-02-12 19:39:04	1997-02-12 19:27:10	2548.0000	481+1	
2816	Clic!/pag/6co004.htm	TEXT	LMAN	5503	480	0	-1	1997-02-12 19:39:04	1997-02-12 19:27:12	2543.0000	480+1	
2817	Clic!/pag/6co005.htm	TEXT	LMAN	5078	479	0	-1	1997-02-12 19:39:04	1997-02-12 19:27:12	2538.0000	479+1	
2618	Clic!/pag/6ge001.htm	TEXT	LMAN	5250	49238	0	-1	1997-02-12 19:39:04	1997-02-12 19:27:12	246333.0000	49238+1	
2818	Clic!/pag/6ge002.htm	TEXT	LMAN	5248	49237	0	-1	1997-02-12 19:39:04	1997-02-12 19:27:12	246328.0000	49237+1	
2819	Clic!/pag/6ge003.htm	TEXT	LMAN	4962	49236	0	-1	1997-02-12 19:39:04	1997-02-12 19:27:12	246323.0000	49236+1	
2611	Clic!/pag/6ge004.htm	TEXT	LMAN	5303	49235	0	-1	1997-02-12 19:39:04	1997-02-12 19:27:12	246318.0000	49235+1	
2820	Clic!/pag/6ge005.htm	TEXT	LMAN	4747	478	0	-1	1997-02-12 19:39:04	1997-02-12 19:27:14	2533.0000	478+1	
2821	Clic!/pag/6ge006.htm	TEXT	LMAN	4967	477	0	-1	1997-02-12 19:39:04	1997-02-12 19:27:14	2528.0000	477+1	
2822	Clic!/pag/6gi001.htm	TEXT	LMAN	5159	476	0	-1	1997-02-12 19:39:05	1997-02-12 19:27:14	2523.0000	476+1	
2615	Clic!/pag/6gi002.htm	TEXT	LMAN	5212	475	0	-1	1997-02-12 19:39:05	1997-02-12 19:27:14	2518.0000	475+1	
2823	Clic!/pag/6gi003.htm	TEXT	LMAN	5036	474	0	-1	1997-02-12 19:39:05	1997-02-12 19:27:14	2513.0000	474+1	
2824	Clic!/pag/6gi004.htm	TEXT	LMAN	5639	473	0	-1	1997-02-12 19:39:05	1997-02-12 19:27:14	2508.0000	473+1	
2609	Clic!/pag/6gi005.htm	TEXT	LMAN	5542	299	0	-1	1997-02-12 19:39:05	1997-02-12 19:27:14	1638.0000	299+1	
2825	Clic!/pag/6gi006.htm	TEXT	LMAN	5385	298	0	-1	1997-02-12 19:39:05	1997-02-12 19:27:16	1633.0000	298+1	
2826	Clic!/pag/6gi007.htm	TEXT	LMAN	4977	49222	0	-1	1997-02-12 19:39:05	1997-02-12 19:27:16	246253.0000	49222+1	
2606	Clic!/pag/6gi008.htm	TEXT	LMAN	5707	49221	0	-1	1997-02-12 19:39:05	1997-02-12 19:27:16	246248.0000	49221+1	
2827	Clic!/pag/6gi009.htm	TEXT	LMAN	4849	49220	0	-1	1997-02-12 19:39:05	1997-02-12 19:27:16	246243.0000	49220+1	
2828	Clic!/pag/6gi010.htm	TEXT	LMAN	4405	49219	0	-1	1997-02-12 19:39:05	1997-02-12 19:27:16	246238.0000	49219+1	
2617	Clic!/pag/6gi011.htm	TEXT	LMAN	4861	293	0	-1	1997-02-12 19:39:05	1997-02-12 19:27:16	1608.0000	293+1	
2829	Clic!/pag/6gi012.htm	TEXT	LMAN	5005	292	0	-1	1997-02-12 19:39:05	1997-02-12 19:27:18	1603.0000	292+1	
2830	Clic!/pag/6gi013.htm	TEXT	LMAN	5081	291	0	-1	1997-02-12 19:39:05	1997-02-12 19:27:18	1598.0000	291+1	
2831	Clic!/pag/6mu001.htm	TEXT	LMAN	5788	297	0	-1	1997-02-12 19:39:05	1997-02-12 19:27:18	1628.0000	297+1	
2832	Clic!/pag/6mu002.htm	TEXT	LMAN	5274	296	0	-1	1997-02-12 19:39:05	1997-02-12 19:27:18	1623.0000	296+1	
2833	Clic!/pag/6pc001.htm	TEXT	LMAN	5147	295	0	-1	1997-02-12 19:39:05	1997-02-12 19:27:18	1618.0000	295+1	
2834	Clic!/pag/6pc002.htm	TEXT	LMAN	3895	294	0	-1	1997-02-12 19:39:05	1997-02-12 19:27:18	1613.0000	294+1	
2672	Clic!/pag/6pc003.htm	TEXT	LMAN	5081	290	0	-1	1997-02-12 19:39:06	1997-02-12 19:27:18	1593.0000	290+1	
2835	Clic!/pag/6pc004.htm	TEXT	LMAN	4722	289	0	-1	1997-02-12 19:39:06	1997-02-12 19:27:20	1588.0000	289+1	
2836	Clic!/pag/6pc005.htm	TEXT	LMAN	4121	288	0	-1	1997-02-12 19:39:06	1997-02-12 19:27:20	1583.0000	288+1	
2669	Clic!/pag/6pc006.htm	TEXT	LMAN	3947	49169	0	-1	1997-02-12 19:39:06	1997-02-12 19:27:20	245988.0000	49169+1	
2837	Clic!/pag/6st001.htm	TEXT	LMAN	4814	49168	0	-1	1997-02-12 19:39:06	1997-02-12 19:27:20	245983.0000	49168+1	
2657	Clic!/pag/6st002.htm	TEXT	LMAN	5162	49167	0	-1	1997-02-12 19:39:06	1997-02-12 19:27:20	245978.0000	49167+1	
2838	Clic!/pag/6st003.htm	TEXT	LMAN	5997	49166	0	-1	1997-02-12 19:39:06	1997-02-12 19:27:20	245973.0000	49166+1	
2666	Clic!/pag/7ar001.htm	TEXT	LMAN	5514	287	0	-1	1997-02-12 19:39:06	1997-02-12 19:27:20	1578.0000	287+1	
2839	Clic!/pag/7ca001.htm	TEXT	LMAN	5399	286	0	-1	1997-02-12 19:39:06	1997-02-12 19:27:22	1573.0000	286+1	
2840	Clic!/pag/7co001.htm	TEXT	LMAN	5528	285	0	-1	1997-02-12 19:39:06	1997-02-12 19:27:22	1568.0000	285+1	
2656	Clic!/pag/7co002.htm	TEXT	LMAN	5324	284	0	-1	1997-02-12 19:39:06	1997-02-12 19:27:22	1563.0000	284+1	
2841	Clic!/pag/7co003.htm	TEXT	LMAN	5171	283	0	-1	1997-02-12 19:39:06	1997-02-12 19:27:22	1558.0000	283+1	
2842	Clic!/pag/7ge001.htm	TEXT	LMAN	5258	282	0	-1	1997-02-12 19:39:06	1997-02-12 19:27:22	1553.0000	282+1	
2843	Clic!/pag/7ge002.htm	TEXT	LMAN	5226	49234	0	-1	1997-02-12 19:39:06	1997-02-12 19:27:22	246313.0000	49234+1	
2613	Clic!/pag/7ge003.htm	TEXT	LMAN	5433	49233	0	-1	1997-02-12 19:39:06	1997-02-12 19:27:24	246308.0000	49233+1	
2844	Clic!/pag/7ge004.htm	TEXT	LMAN	5007	49232	0	-1	1997-02-12 19:39:06	1997-02-12 19:27:24	246303.0000	49232+1	
2616	Clic!/pag/7gi001.htm	TEXT	LMAN	5731	49231	0	-1	1997-02-12 19:39:06	1997-02-12 19:27:24	246298.0000	49231+1	
2845	Clic!/pag/7gi002.htm	TEXT	LMAN	5680	281	0	-1	1997-02-12 19:39:06	1997-02-12 19:27:24	1548.0000	281+1	
2846	Clic!/pag/7gi003.htm	TEXT	LMAN	5461	280	0	-1	1997-02-12 19:39:06	1997-02-12 19:27:24	1543.0000	280+1	
2610	Clic!/pag/7gi004.htm	TEXT	LMAN	5629	279	0	-1	1997-02-12 19:39:06	1997-02-12 19:27:24	1538.0000	279+1	
2847	Clic!/pag/7gi005.htm	TEXT	LMAN	4965	278	0	-1	1997-02-12 19:39:06	1997-02-12 19:27:24	1533.0000	278+1	
2848	Clic!/pag/7na001.htm	TEXT	LMAN	5089	277	0	-1	1997-02-12 19:39:06	1997-02-12 19:27:26	1528.0000	277+1	
2660	Clic!/pag/7st001.htm	TEXT	LMAN	5369	276	0	-1	1997-02-12 19:39:06	1997-02-12 19:27:26	1523.0000	276+1	
2849	Clic!/pag/7st002.htm	TEXT	LMAN	5507	49200	0	-1	1997-02-12 19:39:06	1997-02-12 19:27:26	246143.0000	49200+1	
2641	Clic!/pag/7tu001.htm	TEXT	LMAN	5356	49199	0	-1	1997-02-12 19:39:06	1997-02-12 19:27:26	246138.0000	49199+1	
2850	Clic!/pag/7tu002.htm	TEXT	LMAN	4586	49198	0	-1	1997-02-12 19:39:06	1997-02-12 19:27:26	246133.0000	49198+1	
2851	Clic!/pag/7tu003.htm	TEXT	LMAN	3436	49197	0	-1	1997-02-12 19:39:06	1997-02-12 19:27:26	246128.0000	49197+1	
2639	Clic!/pag/7tu004.htm	TEXT	LMAN	5180	275	0	-1	1997-02-12 19:39:06	1997-02-12 19:27:26	1518.0000	275+1	
2852	Clic!/pag/7tu005.htm	TEXT	LMAN	4722	274	0	-1	1997-02-12 19:39:06	1997-02-12 19:27:28	1513.0000	274+1	
2853	Clic!/pag/7tu006.htm	TEXT	LMAN	3352	49181	0	-1	1997-02-12 19:39:06	1997-02-12 19:27:28	246048.0000	49181+1	
2636	Clic!/pag/7tu007.htm	TEXT	LMAN	3377	49180	0	-1	1997-02-12 19:39:06	1997-02-12 19:27:28	246043.0000	49180+1	
2854	Clic!/pag/7tu008.htm	TEXT	LMAN	3376	49179	0	-1	1997-02-12 19:39:07	1997-02-12 19:27:28	246038.0000	49179+1	
2855	Clic!/pag/7tu009.htm	TEXT	LMAN	3348	49178	0	-1	1997-02-12 19:39:07	1997-02-12 19:27:28	246033.0000	49178+1	
2642	Clic!/pag/7tu010.htm	TEXT	LMAN	3321	273	0	-1	1997-02-12 19:39:07	1997-02-12 19:27:28	1508.0000	273+1	
2856	Clic!/pag/7tu011.htm	TEXT	LMAN	3324	272	0	-1	1997-02-12 19:39:07	1997-02-12 19:27:30	1503.0000	272+1	
2857	Clic!/pag/7tu012.htm	TEXT	LMAN	3323	271	0	-1	1997-02-12 19:39:07	1997-02-12 19:27:30	1498.0000	271+1	
2640	Clic!/pag/7tu013.htm	TEXT	LMAN	3409	270	0	-1	1997-02-12 19:39:07	1997-02-12 19:27:30	1493.0000	270+1	
2858	Clic!/pag/7tu014.htm	TEXT	LMAN	3356	269	0	-1	1997-02-12 19:39:07	1997-02-12 19:27:30	1488.0000	269+1	
2859	Clic!/pag/7tu015.htm	TEXT	LMAN	3311	268	0	-1	1997-02-12 19:39:07	1997-02-12 19:27:30	1483.0000	268+1	
2860	Clic!/pag/9ar001.htm	TEXT	LMAN	5608	267	0	-1	1997-02-12 19:39:07	1997-02-12 19:27:30	1478.0000	267+1	
2664	Clic!/pag/9ar002.htm	TEXT	LMAN	5046	266	0	-1	1997-02-12 19:39:07	1997-02-12 19:27:30	1473.0000	266+1	
2861	Clic!/pag/9ar003.htm	TEXT	LMAN	4536	49226	0	-1	1997-02-12 19:39:07	1997-02-12 19:27:32	246273.0000	49226+1	
2862	Clic!/pag/9ar004.htm	TEXT	LMAN	4625	49225	0	-1	1997-02-12 19:39:07	1997-02-12 19:27:32	246268.0000	49225+1	
2661	Clic!/pag/9ca001.htm	TEXT	LMAN	4851	49224	0	-1	1997-02-12 19:39:07	1997-02-12 19:27:32	246263.0000	49224+1	
2863	Clic!/pag/9gi001.htm	TEXT	LMAN	4528	49223	0	-1	1997-02-12 19:39:07	1997-02-12 19:27:32	246258.0000	49223+1	
2614	Clic!/pag/9gi002.htm	TEXT	LMAN	5224	265	0	-1	1997-02-12 19:39:07	1997-02-12 19:27:32	1468.0000	265+1	
2864	Clic!/pag/9gi003.htm	TEXT	LMAN	4985	264	0	-1	1997-02-12 19:39:07	1997-02-12 19:27:32	1463.0000	264+1	
2865	Clic!/pag/9gi004.htm	TEXT	LMAN	5067	263	0	-1	1997-02-12 19:39:07	1997-02-12 19:27:32	1458.0000	263+1	
2608	Clic!/pag/9gi005.htm	TEXT	LMAN	4403	262	0	-1	1997-02-12 19:39:07	1997-02-12 19:27:34	1453.0000	262+1	
2866	Clic!/pag/9gi006.htm	TEXT	LMAN	5040	261	0	-1	1997-02-12 19:39:07	1997-02-12 19:27:34	1448.0000	261+1	
2867	Clic!/pag/9la001.htm	TEXT	LMAN	5582	260	0	-1	1997-02-12 19:39:07	1997-02-12 19:27:34	1443.0000	260+1	
2868	Clic!/pag/9mu001.htm	TEXT	LMAN	4949	49165	0	-1	1997-02-12 19:39:08	1997-02-12 19:27:34	245968.0000	49165+1	
2869	Clic!/pag/9na001.htm	TEXT	LMAN	4623	49164	0	-1	1997-02-12 19:39:08	1997-02-12 19:27:34	245963.0000	49164+1	
2870	Clic!/pag/9pc001.htm	TEXT	LMAN	5074	49163	0	-1	1997-02-12 19:39:08	1997-02-12 19:27:34	245958.0000	49163+1	
2871	Clic!/pag/9pc002.htm	TEXT	LMAN	4212	49162	0	-1	1997-02-12 19:39:08	1997-02-12 19:27:36	245953.0000	49162+1	
2671	Clic!/pag/9pc003.htm	TEXT	LMAN	5991	259	0	-1	1997-02-12 19:39:08	1997-02-12 19:27:36	1438.0000	259+1	
2872	Clic!/pag/9so002.htm	TEXT	LMAN	4223	258	0	-1	1997-02-12 19:39:08	1997-02-12 19:27:36	1433.0000	258+1	
2652	Clic!/pag/9so003.htm	TEXT	LMAN	5116	257	0	-1	1997-02-12 19:39:08	1997-02-12 19:27:36	1428.0000	257+1	
2873	Clic!/pag/9st001.htm	TEXT	LMAN	4896	256	0	-1	1997-02-12 19:39:08	1997-02-12 19:27:36	1423.0000	256+1	
2655	Clic!/pag/9st002.htm	TEXT	LMAN	4292	255	0	-1	1997-02-12 19:39:08	1997-02-12 19:27:36	1418.0000	255+1	
2874	Clic!/pag/9st003.htm	TEXT	LMAN	3952	254	0	-1	1997-02-12 19:39:08	1997-02-12 19:27:36	1413.0000	254+1	
2875	Clic!/pag/9st004.htm	TEXT	LMAN	5340	253	0	-1	1997-02-12 19:39:08	1997-02-12 19:27:38	1408.0000	253+1	
2647	Clic!/pag/9st005.htm	TEXT	LMAN	4652	252	0	-1	1997-02-12 19:39:08	1997-02-12 19:27:38	1403.0000	252+1	
2876	Clic!/pag/9st006.htm	TEXT	LMAN	4214	251	0	-1	1997-02-12 19:39:08	1997-02-12 19:27:38	1398.0000	251+1	
2877	Clic!/pag/9st007.htm	TEXT	LMAN	4810	250	0	-1	1997-02-12 19:39:08	1997-02-12 19:27:38	1393.0000	250+1	
2878	Clic!/pag/adu.htm	TEXT	LMAN	23158	49190	0	-1	1997-02-12 19:39:08	1997-02-12 19:27:38	246093.0000	49190+3	
2879	Clic!/pag/arte.htm	TEXT	LMAN	9184	49189	0	-1	1997-02-12 19:39:08	1997-02-12 19:27:38	246088.0000	49189+1	
2880	Clic!/pag/ca2	TEXT	LMAN	106	49188	0	-1	1997-02-12 19:39:08	1997-02-12 19:27:40	246083.0000	49188+1	
2881	Clic!/pag/casa.htm	TEXT	LMAN	10165	49187	0	-1	1997-02-12 19:39:08	1997-02-12 19:27:40	246078.0000	49187+1	
2624	Clic!/pag/casper.htm	TEXT	LMAN	5017	249	0	-1	1997-02-12 19:39:08	1997-02-12 19:27:40	1388.0000	249+1	
2882	Clic!/pag/consul.htm	TEXT	LMAN	20792	246	0	-1	1997-02-12 19:39:08	1997-02-12 19:27:40	1373.0000	246+3	
2883	Clic!/pag/economia.htm	TEXT	LMAN	2925	245	0	-1	1997-02-12 19:39:08	1997-02-12 19:27:40	1368.0000	245+1	
2884	Clic!/pag/fotod.htm	TEXT	LMAN	2862	244	0	-1	1997-02-12 19:39:08	1997-02-12 19:27:40	1363.0000	244+1	
2885	Clic!/pag/giochi.htm	TEXT	LMAN	42119	239	0	-1	1997-02-12 19:39:08	1997-02-12 19:27:42	1338.0000	239+5	
2886	Clic!/pag/giochied.htm	TEXT	LMAN	22788	236	0	-1	1997-02-12 19:39:08	1997-02-12 19:27:42	1323.0000	236+3	
2694	Clic!/pag/internet.htm	TEXT	LMAN	3301	235	0	-1	1997-02-12 19:39:08	1997-02-12 19:27:42	1318.0000	235+1	
2887	Clic!/pag/joystick.htm	TEXT	LMAN	3922	234	0	-1	1997-02-12 19:39:08	1997-02-12 19:27:42	1313.0000	234+1	
2888	Clic!/pag/lavoro.htm	TEXT	LMAN	4688	233	0	-1	1997-02-12 19:39:08	1997-02-12 19:27:42	1308.0000	233+1	
2889	Clic!/pag/modem.htm	TEXT	LMAN	2898	232	0	-1	1997-02-12 19:39:08	1997-02-12 19:27:42	1303.0000	232+1	
2890	Clic!/pag/monitor.htm	TEXT	LMAN	2573	231	0	-1	1997-02-12 19:39:08	1997-02-12 19:27:42	1298.0000	231+1	
2891	Clic!/pag/musica.htm	TEXT	LMAN	9476	230	0	-1	1997-02-12 19:39:09	1997-02-12 19:27:44	1293.0000	230+1	
2892	Clic!/pag/natura.htm	TEXT	LMAN	7779	229	0	-1	1997-02-12 19:39:09	1997-02-12 19:27:44	1288.0000	229+1	
2893	Clic!/pag/pagelle.htm	TEXT	R*ch	3558	213	670	212	1997-02-12 19:39:09	1997-02-14 15:43:16	1208.0000	213+1	212+1
2667	Clic!/pag/pagelle1.htm	TEXT	LMAN	2755	49157	0	-1	1997-02-12 19:39:09	1997-02-12 19:27:44	245928.0000	49157+1	
2894	Clic!/pag/pagmask.htm	TEXT	LMAN	3157	49156	0	-1	1997-02-12 19:39:09	1997-02-12 19:27:44	245923.0000	49156+1	
2675	Clic!/pag/personal.htm	TEXT	LMAN	8224	49155	0	-1	1997-02-12 19:39:09	1997-02-12 19:27:44	245918.0000	49155+1	
2895	Clic!/pag/portat.htm	TEXT	LMAN	5925	49154	0	-1	1997-02-12 19:39:09	1997-02-12 19:27:46	245913.0000	49154+1	
2896	Clic!/pag/scanner.htm	TEXT	LMAN	2952	228	0	-1	1997-02-12 19:39:09	1997-02-12 19:27:46	1283.0000	228+1	
2674	Clic!/pag/stampan.htm	TEXT	LMAN	6572	227	0	-1	1997-02-12 19:39:09	1997-02-12 19:27:46	1278.0000	227+1	
2897	Clic!/pag/storia.htm	TEXT	LMAN	7482	226	0	-1	1997-02-12 19:39:09	1997-02-12 19:27:46	1273.0000	226+1	
2620	Clic!/pag/studio.htm	TEXT	LMAN	14757	49630	0	-1	1997-02-12 19:39:09	1997-02-12 19:27:46	248293.0000	49630+2	
2898	Clic!/pag/turismo.htm	TEXT	LMAN	6033	49629	0	-1	1997-02-12 19:39:09	1997-02-12 19:27:46	248288.0000	49629+1	
2899	Clic!/pag/utility.htm	TEXT	LMAN	5416	49628	0	-1	1997-02-12 19:38:57	1997-02-12 19:27:48	248283.0000	49628+1	
